S00F00005A6732385F6C63642E73333728
S3150800000000100020150B0008CF3D0008CF3D000862
S31508000010CF3D0008CF3D0008CF3D0008CF3D000882
S31508000020CF3D0008CF3D0008CF3D0008CF3D000872
S31508000030CF3D0008CF3D0008CF3D0008CF3D000862
S31508000040CF3D0008CF3D0008CF3D0008CF3D000852
S31508000050CF3D0008CF3D0008CF3D0008CF3D000842
S31508000060CF3D0008CF3D0008CF3D0008CF3D000832
S31508000070CF3D0008CF3D0008CF3D0008CF3D000822
S31508000080CF3D0008CF3D0008CF3D0008CF3D000812
S31508000090CF3D0008CF3D0008550F0008CF3D0008AA
S315080000A0CF3D0008CF3D0008CF3D0008CF3D0008F2
S315080000B0CF3D0008CF3D0008CF3D0008CF3D0008E2
S315080000C0CF3D0008CF3D0008CF3D0008CF3D0008D2
S315080000D0CF3D0008CF3D0008CF3D0008CF3D0008C2
S315080000E0CF3D0008CF3D0008CF3D0008CF3D0008B2
S315080000F0CF3D0008CF3D0008CF3D0008CF3D0008A2
S31508000100CF3D0008CF3D0008CF3D0008CF3D000891
S31508000110CF3D0008CF3D0008CF3D0008CF3D000881
S31508000120CF3D0008CF3D0008CF3D0008CF3D000871
S31508000130CF3D0008CF3D0008CF3D0008CF3D000861
S31508000140CF3D0008CF3D0008CF3D0008CF3D000851
S31508000150CF3D0008CF3D0008CF400008CF3D00083E
S31508000160CF3D0008CF3D0008CF3D0008CF3D000831
S31508000170CF3D0008CF3D0008CF3D00080348044B9B
S31508000180834202D0034B03B118477047441000203E
S315080001904410002000000000064B0749C91A8910C0
S315080001A048BF0131491003D0044B0BB10148184729
S315080001B0704700BF441000204410002000000000D3
S315080001C010B5064C237843B9FFF7D8FF044B13B193
S315080001D00448AFF300800123237010BD7612002077
S315080001E0000000000411020808B5054B1BB10549BB
S315080001F00548AFF30080BDE80840FFF7CDBF00BF54
S31508000200000000004410002004110208A3F5803AFB
S31508000210704700BF174B002B08BF134B9D46FFF7CF
S31508000220F5FF00218B460F461348144A121A03F0AD
S3150800023083FF0E4B002B00D098470D4B002B00D0A8
S3150800024098470020002104000D000D48002802D020
S315080002500C48AFF3008003F0E3FC2000290003F00C
S315080002607AFD03F0CBFC00BF000008000000000088
S31508000270000000000010002044100020801200201A
S31508000280000000000000000038B50A4B044633F8A9
S3150800029010300D46CB40DB0704D440F20141064836
S315080002A003F0A9FD302301225C43044BAA401A51EE
S315080002B038BD00BFEE410008A041000840E00350E9
S315080002C038B50A4B044633F810300D46CB40DB07E9
S315080002D004D44FF48661064803F08DFD30230122CD
S315080002E05C43044BAA401A5138BD00BFEE410008D2
S315080002F0A041000840D0035007B502218DF8070039
S315080003000320FFF7C1FF04210220FFF7BDFF074BBB
S31508000310012218680DF1070101F0ACF8042102204A
S31508000320FFF7CEFF03B05DF804FB00BF20100020E6
S3150800033038B504460D4603200221FFF7C1FF042104
S315080003400220FFF7A1FF064B21462A46186801F04E
S3150800035091F8BDE8384004210220FFF7B1BF00BF7D
S31508000360201000202DE9F04FBDB0042201231146CC
S31508000370022002F0DDFC012304220221032002F000
S31508000380D7FC012304220721022002F0D1FC012315
S31508000390142404221946184602F0CAFC0721022032
S315080003A0FFF772FF0A2003F047F907210220FFF73B
S315080003B087FF782003F040F9EF20FFF79DFFEB2039
S315080003C0FFF79AFF012101A88DF80440FFF7B0FF57
S315080003D0FE20FFF791FFEF20FFF78EFFEB20FFF7D8
S315080003E08BFF012102A88DF80840FFF7A1FF8420A2
S315080003F0FFF782FF4023FF260A274FF021084FF018
S31508000400000B012103A88DF80C30FFF791FF85201A
S31508000410FFF772FF012104A88DF81060FFF788FF27
S315080004208620FFF769FF0DEB040001218DF81460A3
S31508000430FFF77EFF8720FFF75FFF012106A88DF8EB
S315080004401860FFF775FF8820FFF756FF012107A8F8
S315080004508DF81C70FFF76CFF8920FFF74DFF01210F
S3150800046008A88DF82080FFF763FF8A20FFF744FF6E
S31508000470012109A88DF824B0FFF75AFF8B20FFF752
S315080004803BFF8023012501210AA88DF82830FFF7B4
S315080004904FFF8C20FFF730FF29460BA88DF82C500C
S315080004A0FFF746FF8D20FFF727FF29460CA88DF892
S315080004B03050FFF73DFF8E20FFF71EFF29460DA897
S315080004C08DF83460FFF734FF8F20FFF715FF2946B4
S315080004D00EA88DF83860FFF72BFFB620FFF70CFF44
S315080004E002211AA8ADF868B0FFF722FF3620FFF7F9
S315080004F003FF182329460FA8B64C8DF83C30FFF7A2
S3150800050017FF3A20FFF7F8FE0523A2464FF0060923
S31508000510294610A88DF84030FFF70AFF9020FFF70C
S31508000520EBFE5AF8040B0421209020A8FFF700FFE1
S31508000530BD20FFF7E1FE294611A88DF84490FFF784
S31508000540F7FEBC20FFF7D8FE294612A88DF848B05A
S31508000550FFF7EEFE30461326FFF7CEFEA2889AF87E
S31508000560023003211EA8ADF878208DF87A30FFF7FF
S31508000570DFFEC320FFF7C0FE294613A88DF84C609E
S31508000580FFF7D6FEC420FFF7B7FE294614A88DF854
S315080005905060FFF7CDFEC920FFF7AEFE22231126D5
S315080005A0294615A88DF85430FFF7C2FEBE20FFF77E
S315080005B0A3FE294616A88DF85860FFF7B9FEE12074
S315080005C0FFF79AFEB4F8073002211BA8ADF86C3085
S315080005D0FFF7AEFEDF20FFF78FFEB4F80920E37AB7
S315080005E003211FA8ADF87C208DF87E30FFF7A0FE0A
S315080005F0F020FFF781FEE068B4F810B04946219074
S3150800060021A8ADF888B0FFF793FEF120FFF774FE36
S31508000610D4F81200B4F816A04946239023A8ADF8DA
S3150800062090A0FFF785FEF220FFF766FEE0684946D0
S31508000630259025A8ADF898B0FFF77AFEF320FFF7C6
S315080006405BFED4F812004946279027A8ADF8A0A06B
S31508000650FFF76EFEED20FFF74FFE238B02211CA845
S31508000660ADF87030FFF764FEAE20FFF745FE77233E
S315080006704FF06309294617A88DF85C30FFF758FE36
S31508000680CD20FFF739FE294618A88DF86090FFF7A8
S315080006904FFE7020FFF730FED4F81A00D4F81E106B
S315080006A02DAB03C394F8222009212DA81A70FFF751
S315080006B03FFEE820FFF720FE3423294619A88DF8C7
S315080006C06430FFF735FE6220FFF716FED4F82300E4
S315080006D0D4F8271036AB03C3D4F82B000C211860C6
S315080006E036A8FFF725FE4846FFF706FED4F82F0082
S315080006F0D4F8331039AB03C3D4F837000C2118608B
S3150800070039A8FFF715FE6420FFF7F6FDD4F83B007D
S31508000710B4F83F2094F841300721299029A8ADF86C
S31508000720A8208DF8AA30FFF703FE6620FFF7E4FD40
S31508000730D4F84200D4F8461030AB03C3B4F84A20C4
S31508000740394630A81A80FFF7F3FD6720FFF7D4FD76
S31508000750E06C216D33AB03C3B4F85420394633A893
S315080007601A80FFF7E5FD7420FFF7C6FDD4F856009A
S31508000770B4F85A2094F85C3007212B902BA8ADF8D2
S31508000780B0208DF8B230FFF7D3FD9820FFF7B4FDFF
S31508000790B4F85D3002211DA8ADF87430FFF7C8FD26
S315080007A03520FFF7A9FD4046FFF7A6FD3046FFF7BF
S315080007B0A3FD782002F040FF2920FFF79DFD322097
S315080007C002F03AFF29462846FFF77AFD3DB0BDE814
S315080007D0F08F00BFF641000838B50A4B044633F8D7
S315080007E010300D46CB40DB0704D44FF4866106482B
S315080007F003F001FB302301225C43044BAA401A5143
S3150800080038BD00BF5C420008A041000840D0035034
S315080008102DE9F74F134E02EB420406EB8416074602
S315080008208846994600244FF0004B002508EB040A39
S3150800083056F824301FFA8AFA2BFA05F21A4207D01C
S3150800084078194A46514680B2019303F036FA019B5D
S315080008500135202DF0D10134302CE6D103B0BDE8A6
S31508000860F08F00BFB40402082DE9F84FF0270646BA
S315080008700C464F4303EB01080E4B02441FFA88F857
S3150800088003EB400A1FFA82F9444511D035460AEBB4
S31508000890470B07E0284621463BF8022B03F00DFAE2
S315080008A00135ADB24D45F5D10134F037A4B2EBE7C9
S315080008B0BDE8F88FB44200082DE9F04F87B0012152
S315080008C03A2001F0E9F8002304220221032002F06D
S315080008D02FFA02210320FFF77FFF00F007FB00F045
S315080008E001F903F032FAFFF73DFD384B002100937A
S315080008F0F02308461A4603F0FFF94FF02D09DFF8F2
S31508000900D4B01BF8014B34B90221032007B0BDE867
S31508000910F04FFFF761BF552C4CD84D2C05D8392C14
S3150800092046D82F2C46D92F3C09E04E3C072C41D8F7
S31508000930DFE804F043474040404045040D24244B7B
S3150800094004EB84041C441FFA89F31D462D26002750
S3150800095014F8012B0292029A3A41D2071BD54FF09E
S31508000960000806F1030A1FFA8AFA314605EB080061
S3150800097080B20022CDE90301059303F09EF904999C
S315080009800398013189B25145059BF2D108F1010856
S31508000990B8F1050FE9D101370336072FB6B2DAD118
S315080009A0053503F11902ADB292B29542CED101E0F6
S315080009B0432C08D009F11E09A3E70E24BFE70F242C
S315080009C0BDE70C24BBE70B24B9E700BFB442000817
S315080009D0644200085542000870B50026154D0A24E1
S315080009E03C23502296215F20FFF73EFF2B78B3FB6E
S315080009F0F4F204FB1234092BE4B24FF0000315D9C4
S31508000A0096215F20FFF704FF0023224696218720C0
S31508000A10FFF7FEFE4FF47A7002F00EFE2B780133D4
S31508000A20DBB2142B2B70DAD92E70D8E72246962122
S31508000A307320EDE77712002010B5274C01F0E0FA95
S31508000A4001F012FD236F23F0070343F00303236726
S31508000A5003F0B5FA214B00209B6ADB015EBF4FF419
S31508000A6080321F4B9A62D4F8203123F0070343F0F3
S31508000A700203C4F82031D4F8283123F0070343F0E1
S31508000A800203C4F82831D4F8403123F0030343F0B5
S31508000A900203C4F84031D4F8603123F0030343F06D
S31508000AA00203C4F86031D4F8403223F0030343F05C
S31508000AB00203C4F84032D4F8003223F0070343F0A7
S31508000AC00203C4F80032D4F8083223F0070343F0CF
S31508000AD00203C4F8083210BD008000500040005AD6
S31508000AE00060005A024B0349186800F00BBB00BFB0
S31508000AF020100020001000200348044A0449121A56
S31508000B00921003F065B900BF5C1102085C11020877
S31508000B108012002008B500F02FF8FFF7EDFF124B02
S31508000B2012498B4212D30020114B12498B4218D31B
S31508000B30FFF770FB186850F82240586840F82240C2
S31508000B40013298688242F5D30C33EAE70022F8E7C7
S31508000B501C6844F8220001325C68A242F8D30833C4
S31508000B60E4E70022F8E700BF0C1102081811020892
S31508000B70181102081811020810B54FF480414FF0F9
S31508000B80FF30114B114A9A60D3F8882042F470025C
S31508000B90C3F888200E4A91660E4901F50052106680
S31508000BA00D4850660220C3F8D000BFF34F8FBFF33D
S31508000BB06F8F01244FF440330848C0F88041D36052
S31508000BC004600B6110BD00BF00ED00E000000008E6
S31508000BD000900050008000447FFF7F0300E100E0A2
S31508000BE0014B1868704700BF28100020084B1B6F80
S31508000BF003F00703022B04D0032B05D0012B05D0E5
S31508000C00FEE7044B18687047034BFBE70348704739
S31508000C10008000502810002030100020002D3101DF
S31508000C2008B5FFF7E3FF054B1B6FC3F30333013327
S31508000C30B0FBF3F0024B186008BD00BF00800050FF
S31508000C40241000200048704700B4C404014B1868FB
S31508000C50704700BF30100020054B1860054B1B6F0E
S31508000C6003F00703032B01D1FFF7DABF704700BF74
S31508000C70301000200080005000487047002D3101D8
S31508000C804FF0B4439868C0F304400C280AD8DFE84C
S31508000C9000F00B0909090909072119091B1D1F007D
S31508000CA00F487047002070479B6803F04073B3F104
S31508000CB0807F11D0B3F1007F10D00A4A002B08BFFD
S31508000CC010467047084870470848704708487047F4
S31508000CD008487047084870470848704708487047EA
S31508000CE0405DC60000093D00C0EA210180BA8C01BA
S31508000CF00048E801005A62020024F40080841E00BD
S31508000D0040420F00014B1868704700BF2C100020A6
S31508000D102DE9F04F85B09A46554B06461B780F4687
S31508000D201546DDF83C909DF844B0DDF85080002B60
S31508000D3000F09780072A00F296800E9B002B00F0A1
S31508000D409280B9F1000F00F08E80129BB3F5006F08
S31508000D5000F38980012803D1109B002B00F08380C3
S31508000D60444B03EB05131B7B002B7ED0424C102211
S31508000D700021684603F0E0F904EB45141022A7BBEE
S31508000D803946204603F0D8F943F210036380BBF1D5
S31508000D90000F03D1E37843F00303E370364A0E9B52
S31508000DA002EB451CCCE90193129B6901581E9DF87C
S31508000DB04C30C0F30A0003F003039B0643EA001E07
S31508000DC053582E48012E00EA03004EEA0003CDF8D8
S31508000DD000A0535017D0B8F1000F2ED19CF802305E
S31508000DE068F304138CF8023027E00021204603F04C
S31508000DF0A3F94FF444736380BBF1000FCED1E378B7
S31508000E0043F03003C9E713230CF1100ECCF80C306D
S31508000E109CE80F008EE80F006FF00301DCF81C2039
S31508000E20109B61F39F02012FCCF81C20CCF81430DC
S31508000E3003D1CCF81890CCF8043000270D4A2901C4
S31508000E4002EB051342F80180159A28465A6069464E
S31508000E5022469F605E7301F0FFFF384605B0BDE885
S31508000E60F08F0748FAE70748F8E70748F6E700BFAC
S31508000E7078120020E0110020E01000200F80FFF318
S31508000E80028000F0018000F0078000F038B5124BB0
S31508000E9005461B78DBB1E0B103F0ADF80F4A002335
S31508000EA01146147B54B92B6001251A0101EB031373
S31508000EB01D738C5003F0A5F8204638BD0133082B66
S31508000EC002F11002EDD103F09CF80548F5E7054854
S31508000ED0F3E70548F1E700BF78120020E01100208B
S31508000EE0048000F0028000F0018000F013B5154B75
S31508000EF01868002301908DF8043003F07CF8124B33
S31508000F001C7824B103F07DF8104802B010BD012208
S31508000F101A7003F076F80E4B01A81C731C7783F839
S31508000F202C4083F83C4083F84C4083F85C4083F8B7
S31508000F306C4083F87C4008238DF8073001F042FFA7
S31508000F402046E2E7F40C020878120020038000F03D
S31508000F50E01100202DE9F041174B1F6D5B6D1F4016
S31508000F6000D5FEE701260025144CDFF858803742E5
S31508000F7018D02368C8F85060A3B1A1682846013183
S31508000F806268A1609847637B012B0BD150B90C4B63
S31508000F9003EB45131A7B60F341021A731A7F60F359
S31508000FA041021A770135082D4FEA460604F1100466
S31508000FB0DDD1BDE8F08100BF00000450E01100203B
S31508000FC0E01000200020045038B5144603F013F84A
S31508000FD00023A36484F84C302364237F0546012B41
S31508000FE003D104F1600002F0C7FA636B1BB100215C
S31508000FF02046E26B9847284603F003F8A36D002BBA
S3150800100003DCBB21034802F0F6FEA36D0120013B79
S31508001010A36538BDF80C02082DE9F04387B01646DB
S315080010200022436390F85C300446884680F85420D2
S31508001030C663002B37D14FF4406305686B6143697B
S31508001040092B03D905F12C03443506E00BBF05F13E
S31508001050200305F1240338353C3567694FF000094C
S31508001060082F94BF00270127A26D0132A265124AF4
S315080010700494CDE902720196CDF80090216B04F133
S315080010803802A06A02F0D3FE0123CDE90399CDE91F
S31508001090016700932A464346E16A606A02F0ADFE9C
S315080010A007B0BDE8F083012BFAD1006802F048FFCB
S315080010B0256805F13C03C7E7C90F000838B505469A
S315080010C0B0B1B9B1B2B1B2F5006F13DC02F093FF5B
S315080010D095F84C3003F0FF041BB102F092FF064866
S315080010E038BD012385F84C3002F08BFF2046F7E720
S315080010F00248F5E70248F3E7032000F0012000F074
S31508001100022000F0F0B58FB0734A0B68054693428B
S315080011100C4606AF07D0714A934204D002F58042C6
S31508001120934240F0F180BC466D4E05970FCEACE871
S315080011300F0096E80F0010368CE80F000FCE0DF161
S31508001140040CACE80F00002D00F0878100268422ED
S315080011500021284602F0F0FF23685F4AAE659342F5
S315080011600BD05E4A934200F09E8002F5804293427D
S3150800117000F09F805B480FB0F0BD56204FF48012F8
S3150800118059492B600123A44685F85C302F1DC5E913
S315080011900B122865BCE80F000FC79CE80F0087E80C
S315080011A00F00637E012B08BF8DF81D30A37E3BB16F
S315080011B0012B00F08480022B02D0032BDAD1062300
S315080011C0227E8DF81230012AE3687AD1474A934283
S315080011D08CBF04230523059A537700238DF8113015
S315080011E0434B01213A20039300F056FC0121286D58
S315080011F000F052FC2369DA1F092ABBD8063B8DF892
S315080012001030237E2BB9E37EB3FA83F35B098DF89E
S315080012101C300121284602F029FE0028ABD1237A8A
S315080012202079344A40EA034002EB4611C1F8DC044F
S31508001230677A6079730140EA0740C1F8D404A77A4F
S31508001240A07940EA0740C1F8D804E17E00293CD1DC
S31508001250E17AE27903F1A04342EA014203F57033E9
S31508001260C3F8C8241D22C3F8C424206801A901F0C4
S3150800127003FC02F0C0FE204B1A78002A40F0E280F8
S3150800128001221A7002F0BDFE02F03CF9FFF72EFEAD
S31508001290002105F12400FFF7F9FD0146002800F0BA
S315080012A0D480164867E757204FF488120126144958
S315080012B067E758204FF490120226124961E7042383
S315080012C07EE700228DF834208BE71C23263602EBB6
S315080012D046125360C9E700BF0000015B00000A50D0
S315080012E04C0D0208022000F0010010003F4B4C0094
S315080012F040420F0000C0035079120020092000F078
S3150800130001001100010012003E46DFF864C1BCE886
S315080013100F000FC69CE8070086E80700002D00F0BE
S315080013209C8084220021284602F006FF00232268BA
S315080013304B49AB658A427FF41DAF292129654FF4D5
S315080013408021A446474E85F85C30C5E90B612E1D01
S315080013502A60BCE80F000FC69CE80F0086E80F005D
S31508001360637E012B08BF8DF82630A37E43B1012B7F
S3150800137058D0022B59D0032B7FF4FCAE4FF44073A0
S31508001380ADF82830237E0121012B03BF00238DF8F9
S3150800139025304FF4E133E3683A20089300F07CFBEC
S315080013A00121286D00F078FB23691A1F0C2A3FF6E5
S315080013B0E1AE033B394620688DF8243001F01AFE69
S315080013C0A36923F47F0323F47F432BB94FF48032B8
S315080013D02B6803F580539A60237A2079617940EA6D
S315080013E00340637AA27941EA0341E67EA37A42EA98
S315080013F003421D4BE6B91D26C3F89867C3F8B00724
S31508001400C3F8A817C3F8AC27E17AE27942EA0142A1
S31508001410C3F89C270121284602F028FD00287FF4FE
S31508001420AAAE26E74FF40073AAE74FF48073A7E73E
S315080014301C24C3F89847C3F8B007C3F8A817C3F81D
S31508001440AC27E7E702F0DDFD20E705F12800FFF706
S315080014501DFD00283FF48FAE23E704488BE600BF46
S3150800146000C005500200040000C00350012000F02F
S31508001470800D020870B5037F0446012B0D461646FB
S315080014800DD0FFF71BFE48B9324629462046054BC4
S31508001490FFF7C2FD204602F05EFDA06C70BD024853
S315080014A0FCE700BF633E0008082000F0044BD3F8B1
S315080014B08420D206FBD4D3F88400C0F38110704789
S315080014C00040005038B5124B0546D3F880300C461C
S315080014D003F00303022B0BD0032B0DD0012B0FD1E6
S315080014E0FFF784FB0D2305B1286004B1236038BDDE
S315080014F0FFF7C6FB0723F6E7FFF772FB0623F2E7BB
S31508001500044841F2DF1102F076FC00231846EAE7A8
S31508001510008000509C0D020838B51A4B0546D3F8D2
S3150800152020010C4600F00700062821D8DFE800F065
S3150800153028040C1410181C00FFF752FB052305B1EC
S31508001540286004B1236038BDFFF780FB0323F6E764
S31508001550FFF796FB0723F2E7FFF78EFB0223EEE77A
S31508001560FFF73EFB0623EAE7FFF770FB0423E6E7EF
S31508001570054841F25C2102F03EFC00231846DEE7EE
S315080015800123DCE7008000509C0D020838B5194B92
S315080015900546D3F828310C4603F00703013B052B13
S315080015A020D8DFE803F003131B0F0B17FFF718FB10
S315080015B0052305B1286004B1236038BDFFF710FB89
S315080015C00623F6E7FFF75CFB0723F2E7FFF73EFB88
S315080015D00323EEE7FFF73AFB0423EAE7FFF74CFBA2
S315080015E00223E6E7044841F2640102F004FC002302
S315080015F01846DEE7008000509C0D0208F7B5002764
S31508001600144B0197D3F88041064604F00304022CD4
S315080016100D4614D0032C0DD0012C14D1394601A83F
S31508001620FFF77AFF0F240EB1019B336005B12C60DA
S3150800163003B0F0BDFFF724FB07240190F3E7FFF79B
S315080016401BFB0190EFE741F2B131034802F0D3FBEF
S315080016503C46E8E7008000509C0D020838B50F4B61
S315080016600546D3F890320C4603F00303012B09D044
S31508001670022B0BD1FFF704FB072305B1286004B141
S31508001680236038BDFFF7F8FA0223F6E7044841F26B
S31508001690501102F0B0FB00231846EEE70080005018
S315080016A09C0D020837B500230193194B0546D3F85C
S315080016B020320C4603F00703042B1FD8DFE803F09B
S315080016C025030F141900002101A8FFF75FFF112356
S315080016D00DB1019A2A6004B1236003B030BDFFF74B
S315080016E0CFFA07230190F3E702F07FFB0A23019064
S315080016F0EEE7FFF707FB09230190E9E741F223012B
S31508001700044802F078FB0023E2E70123E0E700BF84
S31508001710008000509C0D020838B5104B0546D3F8DA
S3150800172040310C4603F00303022B0BD0032B0DD0DC
S31508001730012B0FD102F059FB0A2305B1286004B129
S31508001740236038BDFFF7DEFA0923F6E702F050FBFF
S315080017500B23F2E701230020EFE700BF00800050CB
S3150800176037B500230193184B0546D3F860320C466B
S3150800177003F00703013B032B1FD8DFE803F0020E33
S315080017801914002101A8FFF7C7FE0F230DB1019A0E
S315080017902A6004B1236003B030BD002101A8FFF719
S315080017A0BBFF1023F2E7FFF76BFA07230190EDE77B
S315080017B0FFF762FA02230190E8E741F2C8010348FD
S315080017C002F019FB0023E1E7008000509C0D020897
S315080017D073B500240F4B0194D3F87032064603F014
S315080017E00303012B0D4607D0022B11D041F2261117
S315080017F0094802F000FB04E0214601A8FFF78CFF28
S3150800180010240EB1019B336005B12C6002B070BD87
S315080018101424F6E7008000509C0D020838B5164BD4
S315080018200546D3F800020C4600F00700042819D82C
S31508001830DFE800F020030B0F130002F0D6FA0A23A4
S3150800184005B1286004B1236038BDFFF75BFA0923A8
S31508001850F6E702F0CDFA0B23F2E7FFF7E1F90E23DC
S31508001860800AEDE7054841F26F4102F0C4FA002309
S315080018701846E5E70123E3E7008000509C0D0208BF
S3150800188038B5164B0546D3F808020C4600F0070093
S31508001890042819D8DFE800F020030B0F130002F024
S315080018A0A4FA0A2305B1286004B1236038BDFFF7FE
S315080018B029FA0923F6E702F09BFA0B23F2E7FFF76A
S315080018C0AFF90E23800AEDE7054841F2A74102F079
S315080018D092FA00231846E5E70123E3E70080005063
S315080018E09C0D020838B5104B0546D3F840320C4615
S315080018F003F00303022B0BD0032B0DD0012B0FD1C2
S3150800190002F073FA0A2305B1286004B1236038BDD2
S31508001910FFF7F8F90923F6E702F06AFA0B23F2E76C
S3150800192001230020EFE700BF0080005038B5124BB6
S315080019300546D3F850320C4603F00303022B0FD0AA
S31508001940032B05D0012B0FD102F04FFA0A2302E030
S3150800195002F04EFA0B2305B1286004B1236038BDA6
S31508001960FFF7D0F90923F6E7044841F2940102F09B
S3150800197042FA00231846EEE7008000509C0D020844
S3150800198038B5104B0546D3F860310C4603F003030F
S31508001990022B0BD0032B0DD0012B0FD102F025FA09
S315080019A00A2305B1286004B1236038BDFFF7AAF9F8
S315080019B00923F6E702F01CFA0B23F2E701230020BD
S315080019C0EFE700BF0080005010B5B0F5207F2ED09D
S315080019D009D8B0F5007F24D003D868B1B0F5C07F28
S315080019E00AD000241BE0B0F5607FFAD1124BD3F879
S315080019F08040C4F3011412E00F4B1C6F230B13F045
S31508001A000E0FC4F303340AD0072C08D00F2C06D0C7
S31508001A10032C04D040F28521084802F0ECF9601C3A
S31508001A2010BD054BD3F89040C4F30464F7E7024BA6
S31508001A301C6FC4F38024F2E7008000509C0D020856
S31508001A4038B54FF48032104B04469A6600200D468E
S31508001A50FFF7BAFF41F671320C4B6043DC69DA6373
S31508001A605A6804F4803422F440125DB90849884261
S31508001A7094BF00200120000502435A600CB10022E1
S31508001A80DA6338BD0349F2E70090005000000350BE
S31508001A90005A6202002D310138B5430904460D4645
S31508001AA00ED140F22F310D4802F0A5F9002304F0BB
S31508001AB01F0485B103F580530122A2401A6038BD80
S31508001AC0012B04D0022B04D040F23D31EBE7044B46
S31508001AD0EDE7044BEBE703F50053EDE79C0D020831
S31508001AE0648000506880005030B585B00021B0F59C
S31508001AF0807F0446CDE9001100F006816BD80028E6
S31508001B0000F0DB80A0F12004602C75D8602C73D817
S31508001B10DFE814F0D300E000D300E000F000F000A6
S31508001B20F000F000F000E000F5007E000B019E00DA
S31508001B307E00E000E000E0007200720072007200B1
S31508001B407200720072000B01E000E000E000230161
S31508001B501001E000720072007200720072007200DA
S31508001B607200720072007200720072001501F000B5
S31508001B70D300D300D300B1007E007E00B9001A015D
S31508001B809300C800C8007200720072007200D30089
S31508001B9072007200720072007200720072007200A7
S31508001BA07200720072007200720072007200720097
S31508001BB07200720072007200720072007200720087
S31508001BC07200720072007200720072007200720077
S31508001BD072007200CD00B0F5E06F00F0AB803CD823
S31508001BE0B0F5607F00F081801DD8B0F5007F67D022
S31508001BF008D8B0F5C07F60D040F29441594802F049
S31508001C00FAF857E0B0F5207F64D0B0F5407FF3D1FD
S31508001C10FFF706F804464FF42070FFF7D5FEB4FB2D
S31508001C20F0F464085FE0B0F5B06F68D00AD8B0F594
S31508001C30806F5FD0B0F5A06FDED100216846FFF750
S31508001C4031FD37E0B0F5C06F6FD0B0F5D06FD3D1A6
S31508001C5000216846FFF7E2FD2CE0B0F5286F73D047
S31508001C6016D8B0F5186F6AD00AD8B0F5F06F74D0E8
S31508001C70B0F5106FC0D100216846FFF701FE19E0E4
S31508001C80B0F5206FB8D100216846FFF769FD11E06D
S31508001C90B0F5306F5DD0AFD3B0F5386F45D0B0F53D
S31508001CA0406FA9D100216846FFF770FC02E0FEF7F5
S31508001CB09DFF0090009805B030BDFEF7B1FFF8E72C
S31508001CC0FEF794FF05462046FFF77EFEB5FBF0F5C6
S31508001CD00095EFE7FEF7A4FF04464FF42070FFF7E0
S31508001CE073FEB4FBF0F40094E4E701A8FFF7EAFBFF
S31508001CF0019DE8E700216846FFF70EFCDAE70021B8
S31508001D006846FFF77BFCD5E74FF0E02302911B6995
S31508001D105B0705D5FEF784FF0290029B0093C9E78F
S31508001D2003A902A8FFF7F8FCF7E700216846FFF7C2
S31508001D30F3FCBFE700216846FFF7D4FDBAE70021A8
S31508001D406846FFF7F3FDB5E700216846FFF740FD53
S31508001D50B0E76846FFF782FCACE700216846FFF764
S31508001D600FFEA7E79C0D020808B58020FFF7BCFE0A
S31508001D70034B98429EBF4FF48032024B1A6708BD48
S31508001D80005A620200A000501FB503460020B3F5B2
S31508001D90607F019000F00E817BD8582B68D8382BCD
S31508001DA005D8243B092B49D940F27951CEE0393B75
S31508001DB01F2BF9D801A252F823F000BF6F1F0008A5
S31508001DC0A91D0008A91D0008A91D0008791F0008FB
S31508001DD0C71F0008A91D0008A91D0008A91D00089D
S31508001DE0A91D0008A91D0008A91D0008A91D0008AD
S31508001DF0A91D0008A91D0008A91D0008A91D00089D
S31508001E00A91D0008A91D0008D11F0008B91E000851
S31508001E10A91D0008A91D0008A91D0008FD1E000827
S31508001E20A91D0008A91D0008DB1F0008E51F0008FA
S31508001E30BD1F00081F1F00081F1F0008092BB3D865
S31508001E4001A252F823F000BFB91E0008B91E000807
S31508001E50B91E0008B91E0008B91E0008A91D000809
S31508001E60551F0008A91D00086F1F0008D71E000887
S31508001E70802B59D0B3F5807F96D14FF0E02302909E
S31508001E801B695B076ED5FEF7CBFE0C230393039BFA
S31508001E9056E0B3F5086F74D022D8B3F5C06F66D094
S31508001EA00FD8B3F5A06F00F08980B3F5B06F51D0A5
S31508001EB0B3F5806F7FF478AF002001A9FFF72CFBFC
S31508001EC04CE0B3F5E06F7ED0B3F5F06F54D0B3F5C0
S31508001ED0D06F7FF469AF002001A9FFF79FFC3DE0B2
S31508001EE0B3F5286F7ED00ED8B3F5186F70D0B3F55A
S31508001EF0206F72D0B3F5106F7FF456AF002001A99A
S31508001F00FFF7BEFC2AE0B3F5306F70D0FFF44CAF94
S31508001F10B3F5386F2BD0B3F5406F7FF445AF00208B
S31508001F2001A9FFF733FB19E0334B1B6F03F00703D7
S31508001F30013B032B08D8DFE803F0050231390523F6
S31508001F4001930BE00223FBE740F2C6412B4801F060
S31508001F5052FF03E0002001A9FFF750FB019805B0E6
S31508001F605DF804FB03A902A8FFF7D6FB8FE700205C
S31508001F7001A9FFF7D1FBF1E7002001A9FFF700FD52
S31508001F80ECE71D4BD3F8003103F00303022B07D00F
S31508001F90032B09D0012B0BD1FEF758FE0323CFE7FD
S31508001FA0FEF7B0FE0923CBE701F01DFF0823C7E7BC
S31508001FB00123C5E701A9FFF785FACFE7002001A9A4
S31508001FC0FFF770FBCAE7002001A9FFF78BFCC5E7FE
S31508001FD0002001A9FFF7AAFCC0E7002001A9FFF726
S31508001FE0BFFBBBE7002001A9FFF7F2FBB6E701A993
S31508001FF0FFF734FBB2E700BF008000509C0D0208D3
S315080020004FF48012034B5A664FF48032024B9A62A1
S31508002010704700BF009000500050005AF8B503689A
S3150800202004460F2B04D940F66D31804801F0E3FED3
S3150800203063680F2B04D94FF437617C4801F0DBFE47
S31508002040A3680F2B04D940F67331784801F0D3FE04
S31508002050237B0F2B04D940F67631744801F0CBFE6A
S31508002060637B0F2B04D940F67931704801F0C3FE23
S31508002070A37B3F2B04D940F67C316C4801F0BBFEAC
S31508002080E37B3F2B04D940F67F31684801F0B3FE65
S315080020902369032B04D940F68231644801F0ABFE6C
S315080020A06369032B04D940F68531604801F0A3FE25
S315080020B0E369032B04D940F688315C4801F09BFE9E
S315080020C08020FFF761FE032800F08A804FF4801213
S315080020D0574B584D5A6645F60E034FF0A062C5F8A1
S315080020E08030554B9A624FF4803203F580539A62DA
S315080020F0AB6DDA03FCD4AE6D16F08046FBD1D4E99D
S3150800210000231B0543EA0263E27B4C481343227B08
S315080021104B4F43EA0243627B43EA0233A27B43EA1C
S3150800212082132B61AA69D4E904131B0643EA816367
S3150800213002F000421343A27E4FF440611343227E0D
S3150800214043EA0243627E43EA0223AB614FF400622C
S3150800215001F013FF2B6AE17EE26923F00F0343EADD
S315080021608103002A3DD12B6294F8243094F820107C
S31508002170AA6ADB0043EA41133A40134394F8212044
S31508002180304943EA021343F480332A4AAB62936D1B
S3150800219031EA0303FBD14FF0807127488162136946
S315080021A0A56823F4700343EA055313614FF000430F
S315080021B0836194F822300BB9234B996294F8233043
S315080021C03BB94FF48032204B9A621A4A936D5B00F2
S315080021D0FCD494F825301BB1164B1C4AC3F8802052
S315080021E0F8BD134343F00803022A2B6208D12E6177
S315080021F04FF408524FF47F411548AE6101F0BDFE19
S315080022000C4994F822308A6A94F820001B063A4052
S3150800221043EA4013134394F8242043EAC20394F88C
S31508002220232043EA02438B62D3E700BF9C0D0208D2
S31508002230009000500040005A0050005A3840005A9A
S31508002240C7FFFEFE030001000060005AF1A7FFFF6A
S315080022503440005A014B93F90000704738100020AB
S3150800226010B543680446072B04D940F6B3512A48EB
S3150800227001F0C1FDA368032B04D940F6B5512648E1
S3150800228001F0B9FD2378032B04D940F6B75122484B
S3150800229001F0B1FD94F90130002B04DA40F6B9518A
S315080022A01D4801F0A8FD4FF400011C4A63785166E9
S315080022B04FF4D151022002F5B832516218494F2B1A
S315080022C048604FF0010028BF4F2301F58051486050
S315080022D01169C903FCD4217843EA01235361D4E97F
S315080022E001131B0143EA0123617B0B43217B43EA6C
S315080022F041039360E37BA17B1B0143EA4113617CA5
S315080023000B43217C43EA41035360A37C13B16FF46A
S31508002310D153536210BD00BF9C0D020800900050B7
S3150800232000100250014B1880704700BF361000207D
S31508002330014B1880704700BF3410002038B5B0F53F
S31508002340207F77D00ED8B0F5007F61D003D890B340
S31508002350B0F5C07F2FD040F21231BDE838403D4875
S3150800236001F049BDB0F5607FF5D13B4A4C1ED2F865
S31508002370FC5015F080751EBFD2F8FC3023F0807330
S31508002380C2F8FC30032C04D940F2F221314801F09E
S3150800239032FD324AD2F8803023F0300343EA041380
S315080023A0C2F8803035B12C4AD2F8FC3043F080733D
S315080023B0C2F8FC3038BD4C1E012C0AD9102903D8A6
S315080023C0274BCB40DB0704D440F2C721214801F054
S315080023D012FD01F0E1FD01F0EDFD4FF48031214BD6
S315080023E01E4A1967136F23F4704343EA04331367CD
S315080023F0FEF716FC0446FFF759F8C0F1020120461D
S3150800240001F0D2FD00F040F8BDE83840FFF7ACBC5B
S315080024104C1E1F2C04D940F206310E4801F0EBFC85
S315080024200E4AD2F8903023F0F85343EA0463C2F810
S315080024309030BFE74C1E012C04D94FF44371054870
S3150800244001F0D9FC054A136F23F4806343EA842319
S315080024501367AFE79C0D020800ED00E0008000500E
S31508002460100101000090005008B50121022000F07B
S3150800247091F801F091FD01F09DFD4FF48032014B7A
S315080024801A6708BD0090005008B54FF4C070FFF7F2
S315080024902BFBBDE808400449884294BF012102216C
S315080024A04FF42070FFF74ABF80F0FA020028ABBF4E
S315080024B000F16040054B00F5614000F00F00ACBF2D
S315080024C090F80003185C0009704700BF14ED00E09F
S315080024D010B5C3B24E2B044604D94FF44D710748C4
S315080024E001F089FC064B620953F8220004F01F0428
S315080024F0E040C04300F0010010BD00BFE70D020830
S3150800250000E100E010B500F10C03DBB25A2B0446DB
S3150800251004D940F2C221144801F06DFCEFF3108390
S31508002520DB0702D50122104610BD2046FFF7D0FF73
S3150800253002460028F6D12046FFF7B8FF0146EFF31A
S31508002540118313B1B0EB131FECD2084B5B68C3F3CE
S315080025500803002BE7D0103B58B2FFF7A7FF8842C5
S315080025608CBF00220122DEE7E70D020800ED00E03D
S31508002570024A536B0342FCD1704700BF0040095022
S31508002580034A0179D36E23F030030B43D3667047B1
S3150800259000400050F8B50446244BD3F88420D006F2
S315080025A0FBD4D3F88430C3F381139C423CD0FEF7A6
S315080025B01DFB012C05460BD11D4B984204D940F250
S315080025C092711C4801F017FC0121284601F0ECFC29
S315080025D001F00AFD4FF00072174B07465A6620466F
S315080025E001F012FD4FF48063104E621E934033676C
S315080025F0736E9A0103D4D6F884309B060AD53846FA
S3150800260001F0F6FC022C0FD12846BDE8F84000215F
S3150800261001F0CABCD6F884309906E9D54FF4F461BE
S31508002620044801F0E8FBE3E7F8BD00BF00400050AE
S31508002630005A6202330E02080060005010B50C46BC
S3150800264008B9FEF7D3FA074B21461B783BB1064B70
S31508002650984204D80120BDE81040FFF79BBF02202E
S31508002660F9E700BF7A120020005A620238B54FF027
S315080026700042244B244C5A664AF6CD33656C014613
S3150800268005F00105236428BB0120FFF771FF636885
S31508002690DB0715D51D4B586008461D4B226BD20724
S315080026A00CD4984208D1072415B1174B194A1A6455
S315080026B001F0ABFC204638BD0130EFE79842F2D076
S315080026C00024F1E70132236B13F0080305D08A4290
S315080026D0F8D1E8E700220E49F5E78A42E3D020213F
S315080026E00A4A91620121A2F5805251600649084AB8
S315080026F0886A800603D49342D5D00133F8E793421B
S31508002700DDE700BF00900050004009500060095006
S3150800271040420F003254FFFF38B54FF00042164BC7
S3150800272001465A664AF6CD33144C154A656C23643D
S3150800273043780B205B0043F00103D363FFF718FFD0
S3150800274063688A7823F4F87343EA02136360CA78E5
S315080027504B7943EA0223A3600A798B7943EA022379
S3150800276023610878FFF782FFEB0744BF054B236414
S3150800277001F04BFC012038BD009000500040095084
S31508002780004000503254FFFF70B50F28044605D9A3
S3150800279040F63961124801F02EFB0F244FF0004233
S315080027A0104B11495D6E03F580535A664AF6CD33D0
S315080027B04E6C80200B64FFF7DBFE0B6A23F00F03D9
S315080027C023430B62F30744BF084B0B64002DA2BFDB
S315080027D04FF00042064B5A6601F017FC70BD00BF69
S315080027E0330E020800800050004009503254FFFFA3
S315080027F000A0005010B501F00DFC202341F20202A2
S3150800280003610023C360836042614FF4A022074935
S315080028108361426200F50052C36103628362C36248
S3150800282043630365D164036310BD00BFFF3F0D0317
S3150800283038B5194B044698420D460BD0174B9842AB
S3150800284008D003F58043984204D04FF4B371144876
S3150800285001F0D1FA25B92046BDE8384001F0DABBC7
S31508002860012204F580535A6040F6FF71204605F0B0
S315080028700F0201F0CBFBA263782101F0C7FB05F03C
S3150800288001036A0748BF43F00203A26C02F0030281
S315080028909A42FAD138BD00BF0000015B00000A5019
S315080028A07E0E0208F8B505460C46164622B94FF4C0
S315080028B009716D4801F09FFA6C4B9D4202D1BCB973
S315080028C0562411E06A4B9D424FD003F580439D4242
S315080028D047D040F22721644801F08DFA44B940F206
S315080028E07631614801F087FA2046FFF7FDF804467D
S315080028F0AB68D90749D5B44204D240F231215A48C7
S3150800290001F079FAB4FBF6F46F68013CFF2C07F086
S31508002910010704D940F23921534801F06CFA24061C
S315080029206FB32821284601F071FBAB6C9A0720D1BA
S31508002930AB6CDB071FD4AE6C16F002061DD140F255
S315080029404621494801F057FA284601F063FB2B69EE
S31508002950314623F07F4323432B61BDE8F840FFF758
S3150800296067BF002CC4D15824BEE7002CC0D1572419
S31508002970BAE70526E8E70926E6E70626E4E72B6927
S3150800298023F07F4323432B61F8BD6B68012B04D0EA
S3150800299040F25921344801F02EFAAB6803F0E003FF
S315080029A0402B42D009D893B1202B1AD040F29B2154
S315080029B0BDE8F8402C4801F01EBA602B42D0802BA7
S315080029C0F4D106EB4603A34247D801230DE0B6EB44
S315080029D0141F04D940F28121234801F00CFA102370
S315080029E003E0B6EBD40F1AD8082373436401B4FB8B
S315080029F0F3F4204F203CB7EBC40F4FEAC40604D2C9
S31508002A0040F2A621184801F0F6F928463E40012171
S31508002A1001F0FCFA2E63BDE8F84001F0F7BA40F27F
S31508002A208621114801F0E7F9DEE70623B4FBF3F344
S31508002A30B34201D30623D8E740F28B210A4801F0B6
S31508002A40DAF9F7E7B6EB940F01D80423CDE74FF48C
S31508002A502471054801F0CFF9F7E740F295210248BD
S31508002A6001F0C9F9B1E700BF7E0E02080000015B5C
S31508002A7000000A50F8FF7F00F8B5884B04469842D4
S31508002A800E460AD0864B984207D003F580439842F3
S31508002A9003D0DF21834801F0AEF91EB9E121814850
S31508002AA001F0A9F9727BB3687AB17F4A934203D9D8
S31508002AB0E3217C4801F09FF93369C3B1DB7BB3B1ED
S31508002AC0E621784801F097F911E0784A934203D94C
S31508002AD0E921744801F08FF9336943B11A7F32B19D
S31508002AE0B168734A5B7F91427DD9042B7DD86368B0
S31508002AF0356923B140F6FF71204601F087FA204672
S31508002B00FFF778FE2269737BB17B22F087020B43BD
S31508002B10134343F080032361002D68D02369297F7E
S31508002B2023F0F80343EAC1132978EA7B0B43297992
S31508002B3043EA4113697A43EA011343EA821323619C
S31508002B40E068D5E9053720F0F0403B4320F47020D3
S31508002B500343287B697B43EA802343EAC133E36066
S31508002B60A368F07B23F00303034343F00103A36048
S31508002B706B88A06803F4C0430343A360A36868791D
S31508002B8043EA8023A360AB79EF79606A1B013F02B1
S31508002B9003F0700307F4E06720F4772020F4EE6072
S31508002BA03B430343287A000300F4E0400343687F6D
S31508002BB0000400F47020034363626369307B23F0EA
S31508002BC00F03034363616B89A361002934D1E2B122
S31508002BD0324B9C423AD0324B9C4258D003F5804344
S31508002BE09C4247D011E0042B81D8F02169E7A368FD
S31508002BF0F27B23F00303134343F00103A3606369E5
S31508002C00327B23F00F0313436361D6E90112204692
S31508002C10FFF748FE05212046FFF70AFE2821204631
S31508002C2001F0F4F93378A36301F0F0F9A36CDB4300
S31508002C3013F4405FFAD1F8BD184B9C420CD1AB7B1C
S31508002C401C4903F00F034B66002ADED02B7C194A79
S31508002C5003F00F031366D8E7114B9C4210D003F517
S31508002C6080439C42D1D1AB7B124903F00F03CB675B
S31508002C70002ACAD02B7C0F4A03F00F039367C4E7D8
S31508002C80AB7B0C4903F00F030B67002ABDD02B7CE6
S31508002C90084A03F00F03D366B7E700BF0000015BDD
S31508002CA000000A507E0E0208002D31018096980019
S31508002CB03F4B4C000090035038B5032804460D4698
S31508002CC005D8094B33F81030CB40DB0704D44FF452
S31508002CD08661064801F08FF8302301225C43044BD5
S31508002CE0AA401A5138BD00BF180F0208A0410008B3
S31508002CF040D0035038B5032804460D4605D8094B7D
S31508002D0033F81030CB40DB0704D440F201410648C3
S31508002D1001F071F8302301225C43044BAA401A5192
S31508002D2038BD00BF180F0208A041000840E0035054
S31508002D302DE9F041032804460D461746984605D85E
S31508002D401D4B33F81030CB40DB0704D44FF4B07179
S31508002D501A4801F050F837B129462046B8F1000F55
S31508002D6020D0FFF7A9FF0F21072D04EB440688BFE3
S31508002D70A5F108034FEA0616114895BFAB009B005C
S31508002D8004360C3607FA03F29940304401F05CF930
S31508002D907FB929462046B8F1000F06D0BDE8F041B4
S31508002DA0FFF78ABFFFF7A6FFDDE7BDE8F041FFF7AB
S31508002DB0A1BFBDE8F08100BF180F0208CC0E0208BB
S31508002DC030C0035010B5044618B991211F4801F0C8
S31508002DD012F823781B0613F0604F03D092211B4884
S31508002DE001F009F8E3780F2B03D99521174801F06C
S31508002DF002F801212020FEF74FFE01212120FEF7CF
S31508002E004BFE0122124B5A60227812069A606178AC
S31508002E10A27842EA01429A61FF229A6200229A63E4
S31508002E201A644FF000425A654FF0FF324FF48001A2
S31508002E3003F500531A65074AC2F88011E3781B01A7
S31508002E40DBB282F81633116010BD00BF200F0208EE
S31508002E500000045000E100E02DE9F0410126C3B26C
S31508002E60072805460C46174606FA03F603DDDE2153
S31508002E70344800F0C0FF1CB9DF21324800F0BBFF20
S31508002E80236823F47C1323F00F031BB1E2212D489A
S31508002E9000F0B1FFA37A1B0413F47C0F03D0E721DB
S31508002EA0284800F0A8FFE37A1B0513F07E6F03D0CD
S31508002EB0E921244800F09FFF237B5B0513F0FE5FA2
S31508002EC003D0EB211F4800F096FF1F4BDFF88080E8
S31508002ED01E65AB00226803F1A04303F588235A60F8
S31508002EE0302202FB0585637B27F003072B66E37A0E
S31508002EF0A27A1B0543EA0243227B43EA4253EB6567
S31508002F002F6701F078F8D8F85430227A3343C8F896
S31508002F1054300E4B02B11E64627A02B19E63227966
S31508002F20A37943EA0243084A93616179E37943EA5C
S31508002F30014306498B61064B56639E64BDE8F04122
S31508002F4001F05FB8200F020800200450001004505A
S31508002F500000045070B506460C46154622B940F2E4
S31508002F60A6210C4800F047FF24B94FF42070FEF75D
S31508002F70BBFD04466D00013CB4FBF5F4064B250287
S31508002F8013EA042304D040F2CB21024800F033FFB1
S31508002F90F56170BDB80F0208070080FF10B5124B27
S31508002FA00446984204D040F25E41104800F023FFE0
S31508002FB0012104F58053596040F6AA6341F20502DF
S31508002FC0636100230A48A360E365E26004F50052E2
S31508002FD02361E361E36490640348A365844204BF04
S31508002FE023656365516010BD00C00550B80F02081F
S31508002FF0FFFF010038B5284B044698420D4604D019
S3150800300040F28131254800F0F6FE2046FFF7C6FF5C
S31508003010012304F5805253602B8AA16843F001030B
S315080030200B43A97B43EA8123A360A368297D43EA6E
S315080030304173A360AB7C4BB1174B9C4202BFE97C42
S31508003040A3F51033C3F8D4118023D3652B7B204610
S31508003050D5E9011243F48053E360FFF77BFF6B7BEE
S315080030600BB1102363616B7D1BB1A36843F48033F6
S31508003070A360AB7D1BB1A36843F40043A360EB7D5B
S315080030802A7E1B07120503F0E04302F4E00213430D
S31508003090A3652B78636138BD00C00550B80F0208D8
S315080030A0034B5A68D20702D5DA69002AF9D1704764
S315080030B000800A50054B9A689107FCD45A68920713
S315080030C0F9D4DA69002AF6D1704700BF00800A50A1
S315080030D008B5FFF7E5FF0222014B1A6108BD00BFDC
S315080030E000800A5008B5FFF7E5FF0122024B03F5F9
S315080030F080514A601A6108BD00800A5008B5044B21
S315080031005968012903D1FFF7E3FF024B596008BD4F
S3150800311000800A5000A00A5010B5064CFFF7CAFFF7
S315080031206368012B03D1FFF7E9FFFFF7C3FF0378B5
S31508003130E36010BD00800A50A8B94A680B78B2B996
S315080031404A7843EA42038A6812B1127843EA82133C
S315080031508A7843EA8203CA6812B1127843EA42239C
S31508003160054A936470477F21044800F044BE1278EC
S3150800317043EAC203E4E700BF00800A5005100208CC
S3150800318010B9044B596470474FF48971024800F02E
S3150800319032BE00BF00900A500510020810B9044B51
S315080031A0596470474FF4A771024800F024BE00BF67
S315080031B000A00A500510020810B9044B196470479C
S315080031C04FF4C571024800F016BE00BF00A00A50B1
S315080031D00510020808B510B9044B186C08BD044858
S315080031E040F2C51100F007FE0020F7E700800A50FC
S315080031F00510020808B520B949B101290AD00020EE
S3150800320008BD4FF41D71054800F0F5FDF7E7044BBE
S31508003210D86CF5E7024B186DF2E700BF05100208F7
S3150800322000800A5018B939B1012908D0704740F210
S315080032301231044800F0DFBD034BDA647047024BD5
S315080032401A6570470510020800800A5007B5094B31
S3150800325018689A889B7900906846ADF804208DF81E
S315080032600630FFF759FA0920FFF78EFA002003B057
S315080032705DF804FB6010020813B50024064A684688
S31508003280536F43F00103536700948DF80440FFF72A
S3150800329077F9204602B010BD0040005030B58BB01B
S315080032A06C46174D0FCD0FC40FCD0FC495E803001C
S315080032B084E80300134BD3F84C2112031CD5A3F55D
S315080032C0FE431C884FF6FF739C4208BF64248DF8A2
S315080032D01940FEF7BFFF204480F308008DF8180058
S315080032E00948FDF7B9FC6846FEF798FE3220FFF755
S315080032F01FF800200BB030BDD3F85041E4B2E6E722
S31508003300681002080080E00FC017530230B587B076
S31508003310084D01AC0FCD0FC42B6801A823602323E9
S315080033208DF80530FEF79CFF3220FEF7FBFF0020E4
S3150800333007B030BD9010020810B56FF00403502195
S315080033400A480B4C13F0800F03F1010207D12344FE
S315080033504F2A83F800131346F4D1002010BD03F05A
S315080033600F03043B034419761346EBE700ED00E030
S3150800337000E100E030B50E4C416123688BB920604E
S3150800338083600DE0891A9A681D4641616AB1134641
S315080033905A698A42F6D935B1A860521A83605A61C9
S315080033A030BD0025F4E72060F7E798608260F7E70C
S315080033B06812002038B500F037FA0025084B094C8A
S315080033C01A682368C31A2AB123B15169994203D3EB
S315080033D0C91A5161206038BD55615B1A9268F2E7D7
S315080033E0681200206412002038B5134D2B685B69FB
S315080033F093B1124A022014681C4400F05FFE20466E
S3150800340000F01AFA00230E492A680B70D088800744
S3150800341009D501230B7038BD022000F04FFE0220AB
S3150800342000F054FAEEE79268002AF4D05069034493
S31508003430012BEBD9EFE700BF6812002064120020C9
S315080034407C12002070B516469DF81420C0E9033694
S315080034500271049ABDF818300260002204460D462F
S315080034608260C380EEB900F0DFF92844A0619DB1FF
S315080034702E4600F0B9FD0546FFF79CFF314620466B
S31508003480FFF778FF104B1B68A34201D1FFF7ACFF8B
S31508003490284600F0ADFD02E0E36865617BB90020CF
S315080034A070BD00F0C1F93044A061002DE0D1E36899
S315080034B06561002BDDD0204621689847D9E720466C
S315080034C021689847EBE700BF6812002000220C49E4
S315080034D00B687BB183420AD183687AB193608368AB
S315080034E01BB15A6941690A445A61002070471A4655
S315080034F09B68EEE70028EFD0022070470B60EEE7E6
S315080035006812002070B500F076FD144E0546347832
S31508003510FCB9134B1C60134B1C60134B1C8000F04A
S3150800352051F9012000F0CAFD00F0EBFD0F4B0246F1
S31508003530186020B9284600F064FD232070BD234694
S3150800354040F2E7310A4800F0C9F90A4B186001232E
S315080035503370284600F055FD0020EFE77D12002065
S315080035606812002064120020741200206C120020D9
S3150800357018FCFFFF6012002070B5044640B300F047
S3150800358033FD144E0546FFF715FF3068A04209D0F3
S315080035902046FFF79BFF0446B0B1284600F028FDF9
S315080035A0204670BDFFF792FF04460028F5D1336820
S315080035B03BB9022000F078F9284600F019FD0024EE
S315080035C0EEE7FFF711FFF7E73368002BF4D1F0E7D2
S315080035D02224E5E76812002038B50C460546A8B14E
S315080035E0A1B100230B7000F006FD0121084B1B68F2
S315080035F033B900F006FD002038BD9D4204D1217084
S315080036002278002AF9D0F4E79B68F1E72220F3E74D
S315080036106812002038B50021044640F2E730054B11
S315080036204FF47A721D680023E5FB040100F056F991
S3150800363038BD00BF6C12002000B58DB001238DF88F
S315080036400F30FFF7E7FF00230146CDE90033074AAD
S315080036500DF10F0304A800F009FD18B99DF80F3005
S31508003660002BFBD10DB05DF804FB00BF67400008D6
S315080036702DE9F843C20704460BD54E4A1388013391
S315080036809BB21380FFF796FE4B4B1B680BB1FFF7F7
S31508003690ABFEA30740F18B8000F0ADFC4FF00008AD
S315080036A005464646FFF786FE434F3C680CB16369FC
S315080036B08BB10022414B012E1A7003D118F0020F6C
S315080036C018BF1E70002C6ED0FFF78EFE2846BDE888
S315080036D0F84300F096BC23465A693AB91A79217913
S315080036E0914288BF1C469B68002BF5D1284600F0FE
S315080036F088FC2569DDB100F097F8A269A0EB0208FD
S315080037004FEAE873A84573F1000311DB23691344F4
S31508003710A361E368B4F80680013613B12046216830
S31508003720984700F068FC0546FFF744FEBDE7A84643
S3150800373000F061FC81462046FFF7C8FE484600F0C7
S3150800374060FC2369002BE4D0B5EB08054FEAE87363
S3150800375063EB4303012D73F1000304DA40F22A51A7
S31508003760174800F048FBA38B33B1E28B13449BB296
S31508003770B3F57A7F0FD2E38300F03DFC80462946F5
S315080037802046FFF7F7FDA369226940461344A36163
S3150800379000F037FCBDE7A3F57A73E383A369013D1F
S315080037A0013BA361E8E7022000F07EF88EE7BDE85A
S315080037B0F88300BF74120020681200207B120020D4
S315080037C0A410020810B586B0002401213E20ADF8E9
S315080037D00810CDE903448DF804408DF80A40059495
S315080037E0FEF75AF901A8FFF797FC204602A98DF8BB
S315080037F00840FFF7A1FC20460F21FFF7CFFC0F2159
S315080038002046FFF7D9FCFFF76DFCFFF749FC40227D
S31508003810034B9C61034BC3F888219A6006B010BD20
S3150800382000800A5000E100E008B5FFF739FC014BBB
S31508003830986908BD00800A50F8B5044600F0D4FB24
S315080038400746FFF72DFC154B9D6900F033FC06462D
S315080038500020FFF7BFFC830704D4731B032B01D892
S31508003860AE420FD10021631B022B98BFEC1C084601
S31508003870B4F1FF3F2CBF2246621EFFF7D3FC02209D
S3150800388000F01CFC384600F0B3FB054B1A7822B151
S315080038900121044A916400221A70F8BD00800A507A
S315080038A03910002000900A50830700F0010106D560
S315080038B00123044A41F002011370034A936400206D
S315080038C0FFF76CBC3910002000A00A50830742BFDE
S315080038D00222014B1A64704700900A5053B94AB93C
S315080038E0002908BF00281CBF4FF0FF314FF0FF30FA
S315080038F000F082B9ADF1080C6DE904CE00F006F8C7
S31508003900DDF804E0DDE9022304B070472DE9F04F45
S31508003910099D0C46002B4DD18A420F468446964691
S31508003920B2FA82F360D94BB102FA03FEC3F1200260
S315080039309F4000FA03FC20FA02F217434FEA1E469C
S315080039401FFA8EF44FEA1C42B7FBF6F106FB117715
S3150800395001FB04F042EA0742904208D91EEB020234
S3150800396001F1FF3702D2904200F231813946121A2C
S315080039701FFA8CFCB2FBF6F006FB102200FB04F4DF
S315080039804CEA024C644508D91EEB0C0C00F1FF32D8
S3150800399002D2644500F21E81104640EA0140ACEBB3
S315080039A0040C002125B12CFA03F30022C5E90032E4
S315080039B0BDE8F08F8B4205D90DB1C5E9000100219C
S315080039C00846F5E7B3FA83F100294DD1A342C0F0C2
S315080039D0F380904280F0F080064623460846002D84
S315080039E0E6D0C5E90063E3E7002B40F0A3808A1A16
S315080039F04FEA1E471FFA8EF60121B2FBF7F407FBC2
S31508003A0014204FEA1C4242EA004206FB04F09042A8
S31508003A100FD91EEB020204F1FF382CBF4FF0010943
S31508003A204FF00009904203D9B9F1000F00F0CC809D
S31508003A304446121A1FFA8CFCB2FBF7F007FB102259
S31508003A4000FB06F64CEA024C664508D91EEB0C0C40
S31508003A5000F1FF3202D2664500F2B3801046ACEBA5
S31508003A60060C40EA04409DE7C1F120068B4004FAA3
S31508003A7001FE22FA06F720FA06FCF4408A401F43A4
S31508003A804EEA0C0300FA01FE4FEA17484FEA1349BB
S31508003A901FFA87FCB4FBF8F008FB104449EA044413
S31508003AA000FB0CF9A1450ED93C1900F1FF3A2CBFD1
S31508003AB04FF0010B4FF0000BA14503D9BBF1000FE6
S31508003AC000F08B805046A4EB09041FFA83F9B4FB77
S31508003AD0F8F308FB134403FB0CFC49EA0444A44529
S31508003AE006D93C1903F1FF3801D2A4457BD84346D1
S31508003AF043EA0040A4EB0C04A0FB02984445CC46DC
S31508003B00434602D306D1CE4504D20138B9EB020C9E
S31508003B1068EB0703002D6CD0BEEB0C0264EB0304C4
S31508003B2022FA01F304FA06F6CC4000211E43C5E941
S31508003B3000643DE702FA03FEC3F1200104FA03F22A
S31508003B4000FA03FCCC404FEA1E4720FA01F11FFA9F
S31508003B508EF6B4FBF7F00A4307FB1044110C41EA52
S31508003B60044100FB06F48C420ED91EEB010100F15C
S31508003B70FF382CBF4FF001094FF000098C4202D9DB
S31508003B80B9F1000F2CD04046091B92B2B1FBF7F4ED
S31508003B9007FB141142EA014204FB06F1914207D9D8
S31508003BA01EEB020204F1FF3801D291421ED84446A8
S31508003BB0521A44EA004120E7861A64EB03030120FF
S31508003BC00DE7F44402384AE7023C724431E7023909
S31508003BD07244CCE6F4440238DFE602383C4472E725
S31508003BE002387144D0E7023B3C4481E7023C724408
S31508003BF0DEE72946DCE600BF704700BF08B5064B7E
S31508003C00044613B10021AFF30080044B1B6803B1CF
S31508003C109847204600F0F0F80000000070120020D7
S31508003C2070B50D4D00260D4C641BA410A64209D193
S31508003C300B4D00260B4C00F093FA641BA410A64209
S31508003C4005D170BD55F8043B01369847EEE755F89F
S31508003C50043B01369847F2E73C1000203C10002050
S31508003C603C10002040100020F0B585B06B4683E874
S31508003C700300BDF80070BDF804602A20BDF80250A4
S31508003C80BDF806407FBAFCF737FB76BA042103A8CD
S31508003C90ADF80C70ADF80E60FCF74AFB2B20FCF76C
S31508003CA02BFB6DBA042164BA03A8ADF80C50ADF825
S31508003CB00E40FCF73DFB05B0F0BD1FB5EF281446D6
S31508003CC018D8EF2916D804ABADF80800ADF80A10D5
S31508003CD0ADF80C00ADF80E1013E90300FFF7C4FFAA
S31508003CE064BA2C20ADF80440FCF706FB022101A8B3
S31508003CF0FCF71EFB04B010BD7FB51D461446531EC7
S31508003D00ADF8080018446B1EADF80A101944ADF852
S31508003D100C0004ABADF80E1013E90300089EFFF77C
S31508003D20A3FF2C206C43FCF7E7FA0025AC4201D12F
S31508003D3004B070BD36F8153002215BBA01A8ADF89B
S31508003D4004300135FCF7F4FAF0E7002101230422D8
S31508003D500846FEF7EDBF08B500F0D6F9FCF7ACFD4E
S31508003D6000F0DFF9FCF738FEFAE7704708B5FFF709
S31508003D70E3FA00F028F8FFF769FAFFF7C7FAFFF742
S31508003D808DFAFCF759FEFFF777FABDE8084000F010
S31508003D9011B8FCF7A7BE08B500F00AF8BDE8084058
S31508003DA0FFF7B0BB7047704770477047704770475A
S31508003DB00F20704708B501213A20FDF76DFEBDE8D2
S31508003DC00840FFF7D2BF01213A20FDF765BEFEE79E
S31508003DD010B53AB1002350F8234041F82340013387
S31508003DE09A42F8D110BD002070474FF40040704742
S31508003DF04FF47A707047FEE7FEE710B588B00C46B8
S31508003E000E99009207910D99024606919DF8301079
S31508003E1005910B9904919DF8281003910021CDE98D
S31508003E20013108462346FCF773FF08B010BD10B5EC
S31508003E3088B004460E98009207900D982246069080
S31508003E409DF8300005900B9804909DF82800039083
S31508003E500020CDE901300B460121FCF759FF08B0D7
S31508003E6010BD0123816480F8543070472DE9F8436A
S31508003E7004460F46E37BE27A007A94F80980A57A2D
S31508003E80217B94F80D90A67B84F8442084F845306D
S31508003E90002F3CD0277F07BB3B460422FEF748FF8E
S31508003EA03B46012249464046FEF742FFA37F0422CD
S31508003EB0012B94BF3B46012331462846FEF738FFBF
S31508003EC0E37F3BB90123042294F8451094F8440093
S31508003ED0FEF72EFF0020BDE8F88300230122FEF737
S31508003EE027FF0023042249464046FEF721FFA37F09
S31508003EF00222012B94BF0023012331462846FEF7F0
S31508003F0017FFE37F002BE5D101230222DCE73B46BE
S31508003F100222FEF70DFF3B46022249464046FEF7BF
S31508003F2007FFA37F0222012B94BF3B46012331469C
S31508003F302846FEF7FDFEE37F002BCBD11A46C3E7E2
S31508003F4010B504460021FEF773FC2046BDE8104074
S31508003F500521FEF76DBC10B504461620FEF7D2FA09
S31508003F6030B994F85430002BFBD005E0FCF7F2FF8B
S31508003F7094F85430002BF9D010BD70B50546144698
S31508003F800E4600F031F82B685C4034405C402C60EB
S31508003F90BDE8704000F02CB808B5FCF753FEBDE844
S31508003FA008400021FDF74CBD0029CCBF01210021A6
S31508003FB0FDF746BD02214FF42070FEF7BFB910B5D4
S31508003FC0FCF72EFE0446FDF771FAC0F10201204601
S31508003FD0FFF7EAFF01210020FEF730FBFEF754FA4F
S31508003FE0BDE81040FDF7C0BEEFF3108072B670470B
S31508003FF000B962B67047EFF31180302383F3118856
S31508004000704780F31188704770477047436D0B42BD
S31508004010FCD1704708B54368DA0714D58368DB070F
S3150800402002D50369D90707D50A2350218363FFF709
S31508004030EDFF836C9A07FCD1012200F500535A6004
S3150800404043689B07FCD408BD70B5054614460E4662
S31508004050FFF7CAFF2B685C4034405C402C60BDE823
S315080040607040FFF7C5BF00230B707047F0B587B0E7
S315080040701F4600230D46164604468DF81730A8B18C
S31508004080C3610DF11701FFF7A7FA9DF817207AB952
S31508004090BDF83430294602939DF830302046CDE9E4
S315080040A000733346FFF7CEF907B0F0BD2220FBE7D1
S315080040B00320F9E700210846FFF79CB800F0010144
S315080040C0830748BF41F002010020FFF759B838B509
S315080040D0FFF791FF04460020FFF77CF8830700F0FE
S315080040E0010548BF45F0020500F003010020FFF76F
S315080040F063F82846FFF7BCFA2046BDE83840FFF7C4
S3150800410080BF3E20FDF7F0BC08B5FFF72FFEFFF78E
S3150800411040FEFFF740FEFFF745FEBDE80840FFF703
S3150800412042BE08B5FFF740FEFFF73FFEFFF73EFE2B
S31508004130BDE80840FFF73BBE02440346934200D160
S31508004140704703F8011BF9E70000000000000000B3
S315080041500000000000000000000000000000000051
S31508004160F8B500BFF8BC08BC9E467047F8B500BF56
S31508004170F8BC08BC9E46704700000000000000001E
S315080041800000000000000000000000000000000021
S315080041900000000000000000000000000000000011
S315080041A02F686F6D652F616261726E696B612F533F
S315080041B0696D706C696369747953747564696F2F76
S315080041C053444B732F6765636B6F5F73646B2F2F55
S315080041D0706C6174666F726D2F656D6C69622F699C
S315080041E06E632F656D5F6770696F2E680000FF0745
S315080041F00F00FF033F0008080808600104100E219D
S315080042000C0245090808262A43707236376F1B0BBD
S315080042100707040E0F09070803180D71ED707018CB
S315080042200F71EF7070181171F17070181371F370C7
S31508004230702829F101F100073C00CD6745451000BB
S315080042400000003C000000015410329810858000E0
S31508004250004E003E07434F554E540000FF070F001F
S31508004260FF033F0000000000003E5149453E004262
S315080042707F400042615149462141454B311814128D
S315080042807F1027454545393C4A494930017109059A
S31508004290033649494936064949291E3E41414122C4
S315080042A03E4141413E3F4040403F7F0408107F0168
S315080042B0017F01010000000000000000000000006E
S315080042C000000000000000000000000000000000E0
S315080042D000000000000000000000000000000000D0
S315080042E000000000000000000000000000000000C0
S315080042F000000000000000000000000000000000B0
S31508004300000000000000000000000000000000009F
S31508004310000000000000000000000000000000008F
S31508004320000000000000000000000000000000007F
S31508004330000000000000000000000000000000006F
S31508004340000000000000000000000000000000005F
S31508004350000000000000000000000000000000004F
S31508004360000000000000000000000000000000003F
S31508004370000000000000000000000000000000002F
S31508004380000000000000000000000000000000001F
S31508004390000000000000000000000000000000000F
S315080043A000000000000000000000000000000000FF
S315080043B000000000000000000000000000000000EF
S315080043C000000000000000000000000000000000DF
S315080043D000000000000000000000000000000000CF
S315080043E000000000000000000000000000000000BF
S315080043F000000000000000000000000000000000AF
S31508004400000000000000000000000000000000009E
S31508004410000000000000000000000000000000008E
S31508004420000000000000000000000000000000007E
S31508004430000000000000000000000000000000006E
S31508004440000000000000000000000000000000005E
S31508004450000000000000000000000000000000004E
S31508004460000000000000000000000000000000003E
S31508004470000000000000000000000000000000002E
S31508004480000000000000000000000000000000001E
S31508004490000000000000000000000000000000000E
S315080044A000000000000000000000000000000000FE
S315080044B000000000000000000000000000000000EE
S315080044C000000000000000000000000000000000DE
S315080044D000000000000000000000000000000000CE
S315080044E000000000000000000000000000000000BE
S315080044F000000000000000000000000000000000AE
S31508004500000000000000000000000000000000009D
S31508004510000000000000000000000000000000008D
S31508004520000000000000000000000000000000007D
S31508004530000000000000000000000000000000006D
S31508004540000000000000000000000000000000005D
S31508004550000000000000000000000000000000004D
S31508004560000000000000000000000000000000003D
S31508004570000000000000000000000000000000002D
S31508004580000000000000000000000000000000001D
S31508004590000000000000000000000000000000000D
S315080045A000000000000000000000000000000000FD
S315080045B000000000000000000000000000000000ED
S315080045C000000000000000000000000000000000DD
S315080045D000000000000000000000000000000000CD
S315080045E000000000000000000000000000000000BD
S315080045F000000000000000000000000000000000AD
S31508004600000000000000000000000000000000009C
S31508004610000000000000000000000000000000008C
S31508004620000000000000000000000000000000007C
S31508004630000000000000000000000000000000006C
S31508004640000000000000000000000000000000005C
S31508004650000000000000000000000000000000004C
S31508004660000000000000000000000000000000003C
S31508004670000000000000000000000000000000002C
S31508004680000000000000000000000000000000001C
S31508004690000000000000000000000000000000000C
S315080046A000000000000000000000000000000000FC
S315080046B000000000000000000000000000000000EC
S315080046C000000000000000000000000000000000DC
S315080046D000000000000000000000000000000000CC
S315080046E000000000000000000000000000000000BC
S315080046F000000000000000000000000000000000AC
S31508004700000000000000000000000000000000009B
S31508004710000000000000000000000000000000008B
S31508004720000000000000000000000000000000007B
S31508004730000000000000000000000000000000006B
S31508004740000000000000000000000000000000005B
S31508004750000000000000000000000000000000004B
S31508004760000000000000000000000000000000003B
S31508004770000000000000000000000000000000002B
S31508004780000000000000000000000000000000001B
S31508004790000000000000000000000000000000000B
S315080047A000000000000000000000000000000000FB
S315080047B000000000000000000000000000000000EB
S315080047C000000000000000000000000000000000DB
S315080047D000000000000000000000000000000000CB
S315080047E000000000000000000000000000000000BB
S315080047F000000000000000000000000000000000AB
S31508004800000000000000000000000000000000009A
S31508004810000000000000000000000000000000008A
S31508004820000000000000000000000000000000007A
S31508004830000000000000000000000000000000006A
S31508004840000000000000000000000000000000005A
S31508004850000000000000000000000000000000004A
S31508004860000000000000000000000000000000003A
S31508004870000000000000000000000000000000002A
S31508004880000000000000000000000000000000001A
S31508004890000000000000000000000000000000000A
S315080048A000000000000000000000000000000000FA
S315080048B000000000000000000000000000000000EA
S315080048C000000000000000000000000000000000DA
S315080048D000000000000000000000000000000000CA
S315080048E000000000000000000000000000000000BA
S315080048F000000000000000000000000000000000AA
S315080049000000000000000000000000000000000099
S315080049100000000000000000000000000000000089
S315080049200000000000000000000000000000000079
S315080049300000000000000000000000000000000069
S315080049400000000000000000000000000000000059
S315080049500000000000000000000000000000000049
S315080049600000000000000000000000000000000039
S315080049700000000000000000000000000000000029
S315080049800000000000000000000000000000000019
S315080049900000000000000000000000000000000009
S315080049A000000000000000000000000000000000F9
S315080049B000000000000000000000000000000000E9
S315080049C000000000000000000000000000000000D9
S315080049D000000000000000000000000000000000C9
S315080049E000000000000000000000000000000000B9
S315080049F000000000000000000000000000000000A9
S31508004A000000000000000000000000000000000098
S31508004A100000000000000000000000000000000088
S31508004A200000000000000000000000000000000078
S31508004A300000000000000000000000000000000068
S31508004A400000000000000000000000000000000058
S31508004A500000000000000000000000000000000048
S31508004A600000000000000000000000000000000038
S31508004A700000000000000000000000000000000028
S31508004A800000000000000000000000000000000018
S31508004A900000000000000000000000000000000008
S31508004AA000000000000000000000000000000000F8
S31508004AB000000000000000000000000000000000E8
S31508004AC000000000000000000000000000000000D8
S31508004AD000000000000000000000000000000000C8
S31508004AE000000000000000000000000000000000B8
S31508004AF000000000000000000000000000000000A8
S31508004B000000000000000000000000000000000097
S31508004B100000000000000000000000000000000087
S31508004B200000000000000000000000000000000077
S31508004B300000000000000000000000000000000067
S31508004B400000000000000000000000000000000057
S31508004B500000000000000000000000000000000047
S31508004B600000000000000000000000000000000037
S31508004B700000000000000000000000000000000027
S31508004B800000000000000000000000000000000017
S31508004B900000000000000000000000000000000007
S31508004BA000000000000000000000000000000000F7
S31508004BB000000000000000000000000000000000E7
S31508004BC000000000000000000000000000000000D7
S31508004BD000000000000000000000000000000000C7
S31508004BE000000000000000000000000000000000B7
S31508004BF000000000000000000000000000000000A7
S31508004C000000000000000000000000000000000096
S31508004C100000000000000000000000000000000086
S31508004C200000000000000000000000000000000076
S31508004C300000000000000000000000000000000066
S31508004C400000000000000000000000000000000056
S31508004C500000000000000000000000000000000046
S31508004C600000000000000000000000000000000036
S31508004C700000000000000000000000000000000026
S31508004C800000000000000000000000000000000016
S31508004C900000000000000000000000000000000006
S31508004CA000000000000000000000000000000000F6
S31508004CB000000000000000000000000000000000E6
S31508004CC000000000000000000000000000000000D6
S31508004CD000000000000000000000000000000000C6
S31508004CE000000000000000000000000000000000B6
S31508004CF000000000000000000000000000000000A6
S31508004D000000000000000000000000000000000095
S31508004D100000000000000000000000000000000085
S31508004D200000000000000000000000000000000075
S31508004D300000000000000000000000000000000065
S31508004D400000000000000000000000000000000055
S31508004D500000000000000000000000000000000045
S31508004D600000000000000000000000000000000035
S31508004D700000000000000000000000000000000025
S31508004D800000000000000000000000000000000015
S31508004D900000000000000000000000000000000005
S31508004DA000000000000000000000000000000000F5
S31508004DB000000000000000000000000000000000E5
S31508004DC000000000000000000000000000000000D5
S31508004DD000000000000000000000000000000000C5
S31508004DE000000000000000000000000000000000B5
S31508004DF000000000000000000000000000000000A5
S31508004E000000000000000000000000000000000094
S31508004E100000000000000000000000000000000084
S31508004E200000000000000000000000000000000074
S31508004E300000000000000000000000000000000064
S31508004E400000000000000000000000000000000054
S31508004E500000000000000000000000000000000044
S31508004E600000000000000000000000000000000034
S31508004E700000000000000000000000000000000024
S31508004E800000000000000000000000000000000014
S31508004E900000000000000000000000000000000004
S31508004EA000000000000000000000000000000000F4
S31508004EB000000000000000000000000000000000E4
S31508004EC000000000000000000000000000000000D4
S31508004ED000000000000000000000000000000000C4
S31508004EE000000000000000000000000000000000B4
S31508004EF000000000000000000000000000000000A4
S31508004F000000000000000000000000000000000093
S31508004F100000000000000000000000000000000083
S31508004F200000000000000000000000000000000073
S31508004F300000000000000000000000000000000063
S31508004F400000000000000000000000000000000053
S31508004F500000000000000000000000000000000043
S31508004F600000000000000000000000000000000033
S31508004F700000000000000000000000000000000023
S31508004F800000000000000000000000000000000013
S31508004F900000000000000000000000000000000003
S31508004FA000000000000000000000000000000000F3
S31508004FB000000000000000000000000000000000E3
S31508004FC000000000000000000000000000000000D3
S31508004FD000000000000000000000000000000000C3
S31508004FE000000000000000000000000000000000B3
S31508004FF000000000000000000000000000000000A3
S315080050000000000000000000000000000000000092
S315080050100000000000000000000000000000000082
S315080050200000000000000000000000000000000072
S315080050300000000000000000000000000000000062
S315080050400000000000000000000000000000000052
S315080050500000000000000000000000000000000042
S315080050600000000000000000000000000000000032
S315080050700000000000000000000000000000000022
S315080050800000000000000000000000000000000012
S315080050900000000000000000000000000000000002
S315080050A000000000000000000000000000000000F2
S315080050B000000000000000000000000000000000E2
S315080050C000000000000000000000000000000000D2
S315080050D000000000000000000000000000000000C2
S315080050E000000000000000000000000000000000B2
S315080050F000000000000000000000000000000000A2
S315080051000000000000000000000000000000000091
S315080051100000000000000000000000000000000081
S315080051200000000000000000000000000000000071
S315080051300000000000000000000000000000000061
S315080051400000000000000000000000000000000051
S315080051500000000000000000000000000000000041
S315080051600000000000000000000000000000000031
S315080051700000000000000000000000000000000021
S315080051800000000000000000000000000000000011
S315080051900000000000000000000000000000000001
S315080051A000000000000000000000000000000000F1
S315080051B000000000000000000000000000000000E1
S315080051C000000000000000000000000000000000D1
S315080051D000000000000000000000000000000000C1
S315080051E000000000000000000000000000000000B1
S315080051F000000000000000000000000000000000A1
S315080052000000000000000000000000000000000090
S315080052100000000000000000000000000000000080
S315080052200000000000000000000000000000000070
S315080052300000000000000000000000000000000060
S315080052400000000000000000000000000000000050
S315080052500000000000000000000000000000000040
S315080052600000000000000000000000000000000030
S315080052700000000000000000000000000000000020
S315080052800000000000000000000000000000000010
S315080052900000000000000000000000000000000000
S315080052A000000000000000000000000000000000F0
S315080052B000000000000000000000000000000000E0
S315080052C000000000000000000000000000000000D0
S315080052D000000000000000000000000000000000C0
S315080052E000000000000000000000000000000000B0
S315080052F000000000000000000000000000000000A0
S31508005300000000000000000000000000000000008F
S31508005310000000000000000000000000000000007F
S31508005320000000000000000000000000000000006F
S31508005330000000000000000000000000000000005F
S31508005340000000000000000000000000000000004F
S31508005350000000000000000000000000000000003F
S31508005360000000000000000000000000000000002F
S31508005370000000000000000000000000000000001F
S31508005380000000000000000000000000000000000F
S3150800539000000000000000000000000000000000FF
S315080053A000000000000000000000000000000000EF
S315080053B000000000000000000000000000000000DF
S315080053C000000000000000000000000000000000CF
S315080053D000000000000000000000000000000000BF
S315080053E000000000000000000000000000000000AF
S315080053F0000000000000000000000000000000009F
S31508005400000000000000000000000000000000008E
S31508005410000000000000000000000000000000007E
S31508005420000000000000000000000000000000006E
S31508005430000000000000000000000000000000005E
S31508005440000000000000000000000000000000004E
S31508005450000000000000000000000000000000003E
S31508005460000000000000000000000000000000002E
S31508005470000000000000000000000000000000001E
S31508005480000000000000000000000000000000000E
S3150800549000000000000000000000000000000000FE
S315080054A000000000000000000000000000000000EE
S315080054B000000000000000000000000000000000DE
S315080054C000000000000000000000000000000000CE
S315080054D000000000000000000000000000000000BE
S315080054E000000000000000000000000000000000AE
S315080054F0000000000000000000000000000000009E
S31508005500000000000000000000000000000000008D
S31508005510000000000000000000000000000000007D
S31508005520000000000000000000000000000000006D
S31508005530000000000000000000000000000000005D
S31508005540000000000000000000000000000000004D
S31508005550000000000000000000000000000000003D
S31508005560000000000000000000000000000000002D
S31508005570000000000000000000000000000000001D
S31508005580000000000000000000000000000000000D
S3150800559000000000000000000000000000000000FD
S315080055A000000000000000000000000000000000ED
S315080055B000000000000000000000000000000000DD
S315080055C000000000000000000000000000000000CD
S315080055D000000000000000000000000000000000BD
S315080055E000000000000000000000000000000000AD
S315080055F0000000000000000000000000000000009D
S31508005600000000000000000000000000000000008C
S31508005610000000000000000000000000000000007C
S31508005620000000000000000000000000000000006C
S31508005630000000000000000000000000000000005C
S31508005640000000000000000000000000000000004C
S31508005650000000000000000000000000000000003C
S31508005660000000000000000000000000000000002C
S31508005670000000000000000000000000000000001C
S31508005680000000000000000000000000000000000C
S3150800569000000000000000000000000000000000FC
S315080056A000000000000000000000000000000000EC
S315080056B000000000000000000000000000000000DC
S315080056C000000000000000000000000000000000CC
S315080056D000000000000000000000000000000000BC
S315080056E000000000000000000000000000000000AC
S315080056F0000000000000000000000000000000009C
S31508005700000000000000000000000000000000008B
S31508005710000000000000000000000000000000007B
S31508005720000000000000000000000000000000006B
S31508005730000000000000000000000000000000005B
S31508005740000000000000000000000000000000004B
S31508005750000000000000000000000000000000003B
S31508005760000000000000000000000000000000002B
S31508005770000000000000000000000000000000001B
S31508005780000000000000000000000000000000000B
S3150800579000000000000000000000000000000000FB
S315080057A000000000000000000000000000000000EB
S315080057B000000000000000000000000000000000DB
S315080057C000000000000000000000000000000000CB
S315080057D000000000000000000000000000000000BB
S315080057E000000000000000000000000000000000AB
S315080057F0000000000000000000000000000000009B
S31508005800000000000000000000000000000000008A
S31508005810000000000000000000000000000000007A
S31508005820000000000000000000000000000000006A
S31508005830000000000000000000000000000000005A
S31508005840000000000000000000000000000000004A
S31508005850000000000000000000000000000000003A
S31508005860000000000000000000000000000000002A
S31508005870000000000000000000000000000000001A
S31508005880000000000000000000000000000000000A
S3150800589000000000000000000000000000000000FA
S315080058A000000000000000000000000000000000EA
S315080058B000000000000000000000000000000000DA
S315080058C000000000000000000000000000000000CA
S315080058D000000000000000000000000000000000BA
S315080058E000000000000000000000000000000000AA
S315080058F0000000000000000000000000000000009A
S315080059000000000000000000000000000000000089
S315080059100000000000000000000000000000000079
S315080059200000000000000000000000000000000069
S315080059300000000000000000000000000000000059
S315080059400000000000000000000000000000000049
S315080059500000000000000000000000000000000039
S315080059600000000000000000000000000000000029
S315080059700000000000000000000000000000000019
S315080059800000000000000000000000000000000009
S3150800599000000000000000000000000000000000F9
S315080059A000000000000000000000000000000000E9
S315080059B000000000000000000000000000000000D9
S315080059C000000000000000000000000000000000C9
S315080059D000000000000000000000000000000000B9
S315080059E000000000000000000000000000000000A9
S315080059F00000000000000000000000000000000099
S31508005A000000000000000000000000000000000088
S31508005A100000000000000000000000000000000078
S31508005A200000000000000000000000000000000068
S31508005A300000000000000000000000000000000058
S31508005A400000000000000000000000000000000048
S31508005A500000000000000000000000000000000038
S31508005A600000000000000000000000000000000028
S31508005A700000000000000000000000000000000018
S31508005A800000000000000000000000000000000008
S31508005A9000000000000000000000000000000000F8
S31508005AA000000000000000000000000000000000E8
S31508005AB000000000000000000000000000000000D8
S31508005AC000000000000000000000000000000000C8
S31508005AD000000000000000000000000000000000B8
S31508005AE000000000000000000000000000000000A8
S31508005AF00000000000000000000000000000000098
S31508005B000000000000000000000000000000000087
S31508005B100000000000000000000000000000000077
S31508005B200000000000000000000000000000000067
S31508005B300000000000000000000000000000000057
S31508005B400000000000000000000000000000000047
S31508005B500000000000000000000000000000000037
S31508005B600000000000000000000000000000000027
S31508005B700000000000000000000000000000000017
S31508005B800000000000000000000000000000000007
S31508005B9000000000000000000000000000000000F7
S31508005BA000000000000000000000000000000000E7
S31508005BB000000000000000000000000000000000D7
S31508005BC000000000000000000000000000000000C7
S31508005BD000000000000000000000000000000000B7
S31508005BE000000000000000000000000000000000A7
S31508005BF00000000000000000000000000000000097
S31508005C000000000000000000000000000000000086
S31508005C100000000000000000000000000000000076
S31508005C200000000000000000000000000000000066
S31508005C300000000000000000000000000000000056
S31508005C400000000000000000000000000000000046
S31508005C500000000000000000000000000000000036
S31508005C600000000000000000000000000000000026
S31508005C700000000000000000000000000000000016
S31508005C800000000000000000000000000000000006
S31508005C9000000000000000000000000000000000F6
S31508005CA000000000000000000000000000000000E6
S31508005CB000000000000000000000000000000000D6
S31508005CC000000000000000000000000000000000C6
S31508005CD000000000000000000000000000000000B6
S31508005CE000000000000000000000000000000000A6
S31508005CF00000000000000000000000000000000096
S31508005D000000000000000000000000000000000085
S31508005D100000000000000000000000000000000075
S31508005D200000000000000000000000000000000065
S31508005D300000000000000000000000000000000055
S31508005D400000000000000000000000000000000045
S31508005D500000000000000000000000000000000035
S31508005D600000000000000000000000000000000025
S31508005D700000000000000000000000000000000015
S31508005D800000000000000000000000000000000005
S31508005D9000000000000000000000000000000000F5
S31508005DA000000000000000000000000000000000E5
S31508005DB000000000000000000000000000000000D5
S31508005DC000000000000000000000000000000000C5
S31508005DD000000000000000000000000000000000B5
S31508005DE000000000000000000000000000000000A5
S31508005DF00000000000000000000000000000000095
S31508005E000000000000000000000000000000000084
S31508005E100000000000000000000000000000000074
S31508005E200000000000000000000000000000000064
S31508005E300000000000000000000000000000000054
S31508005E400000000000000000000000000000000044
S31508005E500000000000000000000000000000000034
S31508005E600000000000000000000000000000000024
S31508005E700000000000000000000000000000000014
S31508005E800000000000000000000000000000000004
S31508005E9000000000000000000000000000000000F4
S31508005EA000000000000000000000000000000000E4
S31508005EB000000000000000000000000000000000D4
S31508005EC000000000000000000000000000000000C4
S31508005ED000000000000000000000000000000000B4
S31508005EE000000000000000000000000000000000A4
S31508005EF00000000000000000000000000000000094
S31508005F000000000000000000000000000000000083
S31508005F100000000000000000000000000000000073
S31508005F200000000000000000000000000000000063
S31508005F300000000000000000000000000000000053
S31508005F400000000000000000000000000000000043
S31508005F500000000000000000000000000000000033
S31508005F600000000000000000000000000000000023
S31508005F700000000000000000000000000000000013
S31508005F800000000000000000000000000000000003
S31508005F9000000000000000000000000000000000F3
S31508005FA000000000000000000000000000000000E3
S31508005FB000000000000000000000000000000000D3
S31508005FC000000000000000000000000000000000C3
S31508005FD000000000000000000000000000000000B3
S31508005FE000000000000000000000000000000000A3
S31508005FF00000000000000000000000000000000093
S315080060000000000000000000000000000000000082
S315080060100000000000000000000000000000000072
S315080060200000000000000000000000000000000062
S315080060300000000000000000000000000000000052
S315080060400000000000000000000000000000000042
S315080060500000000000000000000000000000000032
S315080060600000000000000000000000000000000022
S315080060700000000000000000000000000000000012
S315080060800000000000000000000000000000000002
S3150800609000000000000000000000000000000000F2
S315080060A000000000000000000000000000000000E2
S315080060B000000000000000000000000000000000D2
S315080060C000000000000000000000000000000000C2
S315080060D000000000000000000000000000000000B2
S315080060E000000000000000000000000000000000A2
S315080060F00000000000000000000000000000000092
S315080061000000000000000000000000000000000081
S315080061100000000000000000000000000000000071
S315080061200000000000000000000000000000000061
S315080061300000000000000000000000000000000051
S315080061400000000000000000000000000000000041
S315080061500000000000000000000000000000000031
S315080061600000000000000000000000000000000021
S315080061700000000000000000000000000000000011
S315080061800000000000000000000000000000000001
S3150800619000000000000000000000000000000000F1
S315080061A000000000000000000000000000000000E1
S315080061B000000000000000000000000000000000D1
S315080061C000000000000000000000000000000000C1
S315080061D000000000000000000000000000000000B1
S315080061E000000000000000000000000000000000A1
S315080061F00000000000000000000000000000000091
S315080062000000000000000000000000000000000080
S315080062100000000000000000000000000000000070
S315080062200000000000000000000000000000000060
S315080062300000000000000000000000000000000050
S315080062400000000000000000000000000000000040
S315080062500000000000000000000000000000000030
S315080062600000000000000000000000000000000020
S315080062700000000000000000000000000000000010
S315080062800000000000000000000000000000000000
S3150800629000000000000000000000000000000000F0
S315080062A000000000000000000000000000000000E0
S315080062B000000000000000000000000000000000D0
S315080062C000000000000000000000000000000000C0
S315080062D000000000000000000000000000000000B0
S315080062E000000000000000000000000000000000A0
S315080062F00000000000000000000000000000000090
S31508006300000000000000000000000000000000007F
S31508006310000000000000000000000000000000006F
S31508006320000000000000000000000000000000005F
S31508006330000000000000000000000000000000004F
S31508006340000000000000000000000000000000003F
S31508006350000000000000000000000000000000002F
S31508006360000000000000FFFFFFF7BEF79FF7BEF72B
S31508006370BEF79EF79EF7BEF79EF7BEF79EF79EF707
S315080063809EF7BEF7BEF79EF79EF79EF7BEF79EF7F7
S315080063909EF79EF7BEF7BEF79EF7BEF7DFFFBEF77E
S315080063A0FFFFFFFF000000000000000000000000E3
S315080063B000000000000000000000000000000000CF
S315080063C000000000000000000000000000000000BF
S315080063D000000000000000000000000000000000AF
S315080063E0000000000000000000000000000000009F
S315080063F0000000000000000000000000000000008F
S31508006400000000000000000000000000000000007E
S31508006410000000000000000000000000000000006E
S31508006420000000000000000000000000000000005E
S31508006430000000000000000000000000000000004E
S31508006440000000000000000000000000000000003E
S31508006450000000000000000000000000000000002E
S31508006460000000000000000000000000000000001E
S31508006470000000000000000000000000000000000E
S3150800648000000000000000000000000000000000FE
S3150800649000000000000000000000000000000000EE
S315080064A000000000000000000000000000000000DE
S315080064B000000000000000000000000000000000CE
S315080064C000000000000000000000000000000000BE
S315080064D000000000000000000000000000000000AE
S315080064E0000000000000000000000000000000009E
S315080064F0000000000000000000000000000000008E
S31508006500000000000000000000000000000000007D
S31508006510000000000000000000000000000000006D
S31508006520000000000000000000000000000000005D
S315080065300000000000000000FFFFFFFFDFFF9EF7DE
S315080065409EF7BEF79EF79EF79EF79EF79EF79EF775
S315080065509EF79EF79EF79EF79EF79EF79EF79EF785
S315080065609EF79EF79EF79EF79EF79EF79EF79EF775
S315080065709EF79EF79EF79EF79EF79EF79EF79EF765
S31508006580BEF79EF79EF7BEF7BEF7BFF7BFF7FFFF4A
S3150800659000000000000000000000000000000000ED
S315080065A000000000000000000000000000000000DD
S315080065B000000000000000000000000000000000CD
S315080065C000000000000000000000000000000000BD
S315080065D000000000000000000000000000000000AD
S315080065E0000000000000000000000000000000009D
S315080065F0000000000000000000000000000000008D
S31508006600000000000000000000000000000000007C
S31508006610000000000000000000000000000000006C
S31508006620000000000000000000000000000000005C
S31508006630000000000000000000000000000000004C
S31508006640000000000000000000000000000000003C
S31508006650000000000000000000000000000000002C
S31508006660000000000000000000000000000000001C
S31508006670000000000000000000000000000000000C
S3150800668000000000000000000000000000000000FC
S3150800669000000000000000000000000000000000EC
S315080066A000000000000000000000000000000000DC
S315080066B000000000000000000000000000000000CC
S315080066C000000000000000000000000000000000BC
S315080066D000000000000000000000000000000000AC
S315080066E0000000000000000000000000000000009C
S315080066F0000000000000000000000000000000008C
S315080067000000000000000000000000000000FFFF7D
S31508006710FFFFBFF79EF79EF79EF79EF79EF79EF739
S315080067209EF79EF79EF79EF79EF79EF79EF79EF7B3
S315080067309EF79EF79EF79EF79EF79EF79EF79EF7A3
S315080067409EF79EF79EF79EF79EF79EF79EF79EF793
S315080067509EF79EF79EF79EF79EF79EF79EF79EF783
S315080067609EF79EF79EF79EF79EF79EF7BEF79EF753
S31508006770BEF7BEF7BEF7BEF7FFFF00000000000039
S3150800678000000000000000000000000000000000FB
S3150800679000000000000000000000000000000000EB
S315080067A000000000000000000000000000000000DB
S315080067B000000000000000000000000000000000CB
S315080067C000000000000000000000000000000000BB
S315080067D000000000000000000000000000000000AB
S315080067E0000000000000000000000000000000009B
S315080067F0000000000000000000000000000000008B
S31508006800000000000000000000000000000000007A
S31508006810000000000000000000000000000000006A
S31508006820000000000000000000000000000000005A
S31508006830000000000000000000000000000000004A
S31508006840000000000000000000000000000000003A
S31508006850000000000000000000000000000000002A
S31508006860000000000000000000000000000000001A
S31508006870000000000000000000000000000000000A
S3150800688000000000000000000000000000000000FA
S3150800689000000000000000000000000000000000EA
S315080068A000000000000000000000000000000000DA
S315080068B000000000000000000000000000000000CA
S315080068C000000000000000000000000000000000BA
S315080068D000000000000000000000000000000000AA
S315080068E0000000000000FFFFFFF7BEF79EF79EF7C7
S315080068F09EF79EF79EF79EF79EF79EF79EF79EF7E2
S315080069009EF79EF79EF79EF79EF79EF79EF79EF7D1
S315080069109EF79EF79EF79EF79EF79EF79EF79EF7C1
S315080069209EF79EF79EF79EF79EF79EF79EF79EF7B1
S315080069309EF79EF79EF79EF79EF79EF79EF79EF7A1
S315080069409EF79EF79EF79EF79EF79EF79EF79EF791
S315080069509EF79EF79EF79EF79EF7BEF7BEF7BEF721
S31508006960FFFF00000000000000000000000000001B
S315080069700000000000000000000000000000000009
S3150800698000000000000000000000000000000000F9
S3150800699000000000000000000000000000000000E9
S315080069A000000000000000000000000000000000D9
S315080069B000000000000000000000000000000000C9
S315080069C000000000000000000000000000000000B9
S315080069D000000000000000000000000000000000A9
S315080069E00000000000000000000000000000000099
S315080069F00000000000000000000000000000000089
S31508006A000000000000000000000000000000000078
S31508006A100000000000000000000000000000000068
S31508006A200000000000000000000000000000000058
S31508006A300000000000000000000000000000000048
S31508006A400000000000000000000000000000000038
S31508006A500000000000000000000000000000000028
S31508006A600000000000000000000000000000000018
S31508006A700000000000000000000000000000000008
S31508006A8000000000000000000000000000000000F8
S31508006A9000000000000000000000000000000000E8
S31508006AA000000000000000000000000000000000D8
S31508006AB000000000000000000000000000000000C8
S31508006AC0FFFF9FF7BEF79EF79EF79EF79EF79EF786
S31508006AD09EF79EF79EF79EF79EF79EF79EF79EF700
S31508006AE09EF79EF79EF79EF79EF79EF79EF79EF7F0
S31508006AF09EF79EF79EF79EF79EF79EF79EF79EF7E0
S31508006B009EF79EF79EF79EF79EF79EF79EF79EF7CF
S31508006B109EF79EF79EF79EF79EF79EF79EF79EF7BF
S31508006B209EF79EF79EF79EF79EF79EF79EF79EF7AF
S31508006B309EF79EF79EF79EF79EF79EF79EF79EF79F
S31508006B409EF79EF79EF79FF7FFFF000000000000E4
S31508006B500000000000000000000000000000000027
S31508006B600000000000000000000000000000000017
S31508006B700000000000000000000000000000000007
S31508006B8000000000000000000000000000000000F7
S31508006B9000000000000000000000000000000000E7
S31508006BA000000000000000000000000000000000D7
S31508006BB000000000000000000000000000000000C7
S31508006BC000000000000000000000000000000000B7
S31508006BD000000000000000000000000000000000A7
S31508006BE00000000000000000000000000000000097
S31508006BF00000000000000000000000000000000087
S31508006C000000000000000000000000000000000076
S31508006C100000000000000000000000000000000066
S31508006C200000000000000000000000000000000056
S31508006C300000000000000000000000000000000046
S31508006C400000000000000000000000000000000036
S31508006C500000000000000000000000000000000026
S31508006C600000000000000000000000000000000016
S31508006C700000000000000000000000000000000006
S31508006C8000000000000000000000000000000000F6
S31508006C9000000000000000000000FFFFBEF7BEF77E
S31508006CA09EF79EF79EF79EF79EF79EF79EF79EF72E
S31508006CB09EF79EF79EF79EF79EF79EF79EF79EF71E
S31508006CC09EF79EF79EF79EF79EF79EF79EF79EF70E
S31508006CD09EF79EF79EF79EF79EF79EF79EF79EF7FE
S31508006CE09EF79EF79EF79EF79EF79EF79EF79EF7EE
S31508006CF09EF79EF79EF79EF79EF79EF79EF79EF7DE
S31508006D009EF79EF79EF79EF79EF79EF79EF79EF7CD
S31508006D109EF79EF79EF79EF79EF79EF79EF79EF7BD
S31508006D209EF79EF79EF79EF7BEF79EF7BEF7FFFF04
S31508006D300000000000000000000000000000000045
S31508006D400000000000000000000000000000000035
S31508006D500000000000000000000000000000000025
S31508006D600000000000000000000000000000000015
S31508006D700000000000000000000000000000000005
S31508006D8000000000000000000000000000000000F5
S31508006D9000000000000000000000000000000000E5
S31508006DA000000000000000000000000000000000D5
S31508006DB000000000000000000000000000000000C5
S31508006DC000000000000000000000000000000000B5
S31508006DD000000000000000000000000000000000A5
S31508006DE00000000000000000000000000000000095
S31508006DF00000000000000000000000000000000085
S31508006E000000000000000000000000000000000074
S31508006E100000000000000000000000000000000064
S31508006E200000000000000000000000000000000054
S31508006E300000000000000000000000000000000044
S31508006E400000000000000000000000000000000034
S31508006E500000000000000000000000000000000024
S31508006E600000000000000000000000000000000014
S31508006E7000000000FFFFBEF79EF7BEF79EF79EF7DD
S31508006E809EF79EF79EF79EF79EF79EF79EF79EF74C
S31508006E909EF79EF79EF79EF79EF79EF79EF79EF73C
S31508006EA09EF79EF79EF79EF79EF79EF79EF79EF72C
S31508006EB09EF79EF79EF79EF79EF79EF79EF79EF71C
S31508006EC09EF79EF79EF79EF79EF79EF79EF79EF70C
S31508006ED09EF79EF79EF79EF79EF79EF79EF79EF7FC
S31508006EE09EF79EF79EF79EF79EF79EF79EF79EF7EC
S31508006EF09EF79EF79EF79EF79EF79EF79EF79EF7DC
S31508006F009EF79EF79EF79EF79EF79EF79EF79EF7CB
S31508006F109EF7BEF7FFFF000000000000000000001B
S31508006F200000000000000000000000000000000053
S31508006F300000000000000000000000000000000043
S31508006F400000000000000000000000000000000033
S31508006F500000000000000000000000000000000023
S31508006F600000000000000000000000000000000013
S31508006F700000000000000000000000000000000003
S31508006F8000000000000000000000000000000000F3
S31508006F9000000000000000000000000000000000E3
S31508006FA000000000000000000000000000000000D3
S31508006FB000000000000000000000000000000000C3
S31508006FC000000000000000000000000000000000B3
S31508006FD000000000000000000000000000000000A3
S31508006FE00000000000000000000000000000000093
S31508006FF00000000000000000000000000000000083
S315080070000000000000000000000000000000000072
S315080070100000000000000000000000000000000062
S315080070200000000000000000000000000000000052
S315080070300000000000000000000000000000000042
S315080070400000000000000000000000000000FFFF34
S315080070509FF79EF7BEF79EF79EF79EF79EF79EF759
S315080070609EF79EF79EF79EF79EF79EF79EF79EF76A
S315080070709EF79EF79EF79EF79EF79EF79EF79EF75A
S315080070809EF79EF79EF79EF79EF79EF79EF79EF74A
S315080070909EF79EF79EF79EF79EF79EF79EF79EF73A
S315080070A09EF79EF79EF79EF79EF79EF79EF79EF72A
S315080070B09EF79EF79EF79EF79EF79EF79EF79EF71A
S315080070C09EF79EF79EF79EF79EF79EF79EF79EF70A
S315080070D09EF79EF79EF79EF79EF79EF79EF79EF7FA
S315080070E09EF79EF79EF79EF79EF79EF79EF79EF7EA
S315080070F09EF79EF79EF7BEF7FFF700000000000018
S315080071000000000000000000000000000000000071
S315080071100000000000000000000000000000000061
S315080071200000000000000000000000000000000051
S315080071300000000000000000000000000000000041
S315080071400000000000000000000000000000000031
S315080071500000000000000000000000000000000021
S315080071600000000000000000000000000000000011
S315080071700000000000000000000000000000000001
S3150800718000000000000000000000000000000000F1
S3150800719000000000000000000000000000000000E1
S315080071A000000000000000000000000000000000D1
S315080071B000000000000000000000000000000000C1
S315080071C000000000000000000000000000000000B1
S315080071D000000000000000000000000000000000A1
S315080071E00000000000000000000000000000000091
S315080071F00000000000000000000000000000000081
S315080072000000000000000000000000000000000070
S315080072100000000000000000000000000000000060
S31508007220000000000000000000009FF7BEF79EF770
S315080072309EF79EF79EF79EF79EF79EF79EF79EF798
S315080072409EF79EF79EF79EF79EF79EF79EF79EF788
S315080072509EF79EF79EF79EF79EF79EF79EF79EF778
S315080072609EF79EF79EF79EF79EF79EF79EF79EF768
S315080072709EF79EF79EF79EF79EF79EF79EF79EF758
S315080072809EF79EF79EF79EF79EF79EF79EF79EF748
S315080072909EF79EF79EF79EF79EF79EF79EF79EF738
S315080072A09EF79EF79EF79EF79EF79EF79EF79EF728
S315080072B09EF79EF79EF79EF79EF79EF79EF79EF718
S315080072C09EF79EF79EF79EF79EF79EF79EF79EF708
S315080072D09EF79EF79EF79EF79EF7BEF79FF7FFFF6E
S315080072E00000000000000000000000000000000090
S315080072F00000000000000000000000000000000080
S31508007300000000000000000000000000000000006F
S31508007310000000000000000000000000000000005F
S31508007320000000000000000000000000000000004F
S31508007330000000000000000000000000000000003F
S31508007340000000000000000000000000000000002F
S31508007350000000000000000000000000000000001F
S31508007360000000000000000000000000000000000F
S3150800737000000000000000000000000000000000FF
S3150800738000000000000000000000000000000000EF
S3150800739000000000000000000000000000000000DF
S315080073A000000000000000000000000000000000CF
S315080073B000000000000000000000000000000000BF
S315080073C000000000000000000000000000000000AF
S315080073D0000000000000000000000000000000009F
S315080073E0000000000000000000000000000000008F
S315080073F0000000000000000000000000000000007F
S3150800740000000000FFFFDFF7BEF79EF79EF79EF726
S315080074109EF79EF79EF79EF79EF79EF79EF79EF7B6
S315080074209EF79EF79EF79EF79EF79EF79EF79EF7A6
S315080074309EF79EF79EF79EF79EF79EF79EF79EF796
S315080074409EF79EF79EF79EF79EF79EF79EF79EF786
S315080074509EF79EF79EF79EF79EF79EF79EF79EF776
S315080074609EF79EF79EF79EF79EF79EF79EF79EF766
S315080074709EF79EF79EF79EF79EF79EF79EF79EF756
S315080074809EF79EF79EF79EF79EF79EF79EF79EF746
S315080074909EF79EF79EF79EF79EF79EF79EF79EF736
S315080074A09EF79EF79EF79EF79EF79EF79EF79EF726
S315080074B09EF79EF79EF79EF79EF79EF79EF79EF716
S315080074C0BFF7FFFF000000000000000000000000FA
S315080074D0000000000000000000000000000000009E
S315080074E0000000000000000000000000000000008E
S315080074F0000000000000000000000000000000007E
S31508007500000000000000000000000000000000006D
S31508007510000000000000000000000000000000005D
S31508007520000000000000000000000000000000004D
S31508007530000000000000000000000000000000003D
S31508007540000000000000000000000000000000002D
S31508007550000000000000000000000000000000001D
S31508007560000000000000000000000000000000000D
S3150800757000000000000000000000000000000000FD
S3150800758000000000000000000000000000000000ED
S3150800759000000000000000000000000000000000DD
S315080075A000000000000000000000000000000000CD
S315080075B000000000000000000000000000000000BD
S315080075C000000000000000000000000000000000AD
S315080075D0000000000000000000000000000000009D
S315080075E0FFFFBEF7BEF79EF79EF79EF79EF79EF73C
S315080075F09EF79EF79EF79EF79EF79EF79EF79EF7D5
S315080076009EF79EF79EF79EF79EF79EF79EF79EF7C4
S315080076109EF79EF79EF79EF79EF79EF79EF79EF7B4
S315080076209EF79EF79EF79EF79EF79EF79EF79EF7A4
S315080076309EF79EF79EF79EF79EF79EF79EF79EF794
S315080076409EF79EF79EF79EF79EF79EF79EF79EF784
S315080076509EF79EF79EF79EF79EF79EF79EF79EF774
S315080076609EF79EF79EF79EF79EF79EF79EF79EF764
S315080076709EF79EF79EF79EF79EF79EF79EF79EF754
S315080076809EF79EF79EF79EF79EF79EF79EF79EF744
S315080076909EF79EF79EF79EF79EF79EF79EF79EF734
S315080076A09EF7BEF7BEF79FF7000000000000000037
S315080076B000000000000000000000000000000000BC
S315080076C000000000000000000000000000000000AC
S315080076D0000000000000000000000000000000009C
S315080076E0000000000000000000000000000000008C
S315080076F0000000000000000000000000000000007C
S31508007700000000000000000000000000000000006B
S31508007710000000000000000000000000000000005B
S31508007720000000000000000000000000000000004B
S31508007730000000000000000000000000000000003B
S31508007740000000000000000000000000000000002B
S31508007750000000000000000000000000000000001B
S31508007760000000000000000000000000000000000B
S3150800777000000000000000000000000000000000FB
S3150800778000000000000000000000000000000000EB
S3150800779000000000000000000000000000000000DB
S315080077A000000000000000000000000000000000CB
S315080077B0000000000000000000000000FFFF9EF728
S315080077C09EF7BEF79EF79EF79EF79EF79EF79EF7E3
S315080077D09EF79EF79EF79EF79EF79EF79EF79EF7F3
S315080077E09EF79EF79EF79EF79EF79EF79EF79EF7E3
S315080077F09EF79EF79EF79EF79EF79EF79EF79EF7D3
S315080078009EF79EF79EF79EF79EF79EF79EF79EF7C2
S315080078109EF79EF79EF79EF79EF79EF79EF79EF7B2
S315080078209EF79EF79EF79EF79EF79EF79EF79EF7A2
S315080078309EF79EF79EF79EF79EF79EF79EF79EF792
S315080078409EF79EF79EF79EF79EF79EF79EF79EF782
S315080078509EF79EF79EF79EF79EF79EF79EF79EF772
S315080078609EF79EF79EF79EF79EF79EF79EF79EF762
S315080078709EF79EF79EF79EF79EF79EF79EF79EF752
S315080078809EF79EF79EF79EF79EF7BEF7000000004C
S3150800789000000000000000000000000000000000DA
S315080078A000000000000000000000000000000000CA
S315080078B000000000000000000000000000000000BA
S315080078C000000000000000000000000000000000AA
S315080078D0000000000000000000000000000000009A
S315080078E0000000000000000000000000000000008A
S315080078F0000000000000000000000000000000007A
S315080079000000000000000000000000000000000069
S315080079100000000000000000000000000000000059
S315080079200000000000000000000000000000000049
S315080079300000000000000000000000000000000039
S315080079400000000000000000000000000000000029
S315080079500000000000000000000000000000000019
S315080079600000000000000000000000000000000009
S3150800797000000000000000000000000000000000F9
S3150800798000000000000000000000000000000000E9
S315080079900000000000000000FFFFBEF7BEF79EF7DC
S315080079A09EF79EF79EF79EF79EF79EF79EF79EF721
S315080079B09EF79EF79EF79EF79EF79EF79EF79EF711
S315080079C09EF79EF79EF79EF79EF79EF79EF79EF701
S315080079D09EF79EF79EF79EF79EF79EF79EF79EF7F1
S315080079E09EF79EF79EF79EF79EF79EF79EF79EF7E1
S315080079F09EF79EF79EF79EF79EF79EF79EF79EF7D1
S31508007A009EF79EF79EF79EF79EF79EF79EF79EF7C0
S31508007A109EF79EF79EF79EF79EF79EF79EF79EF7B0
S31508007A209EF79EF79EF79EF79EF79EF79EF79EF7A0
S31508007A309EF79EF79EF79EF79EF79EF79EF79EF790
S31508007A409EF79EF79EF79EF79EF79EF79EF79EF780
S31508007A509EF79EF79EF79EF79EF79EF79EF79EF770
S31508007A609EF79EF79EF79EF79EF79EF79EF7BEF740
S31508007A7000000000000000000000000000000000F8
S31508007A8000000000000000000000000000000000E8
S31508007A9000000000000000000000000000000000D8
S31508007AA000000000000000000000000000000000C8
S31508007AB000000000000000000000000000000000B8
S31508007AC000000000000000000000000000000000A8
S31508007AD00000000000000000000000000000000098
S31508007AE00000000000000000000000000000000088
S31508007AF00000000000000000000000000000000078
S31508007B000000000000000000000000000000000067
S31508007B100000000000000000000000000000000057
S31508007B200000000000000000000000000000000047
S31508007B300000000000000000000000000000000037
S31508007B400000000000000000000000000000000027
S31508007B500000000000000000000000000000000017
S31508007B600000000000000000000000000000000007
S31508007B7000000000FFFF9EF7BEF79EF79EF79EF7F0
S31508007B809EF79EF79EF79EF79EF79EF79EF79EF73F
S31508007B909EF79EF79EF79EF79EF79EF79EF79EF72F
S31508007BA09EF79EF79EF79EF79EF79EF79EF79EF71F
S31508007BB09EF79EF79EF79EF79EF79EF79EF79EF70F
S31508007BC09EF79EF79EF79EF79EF79EF79EF79EF7FF
S31508007BD09EF79EF79EF79EF79EF79EF79EF79EF7EF
S31508007BE09EF79EF79EF79EF79EF79EF79EF79EF7DF
S31508007BF09EF79EF79EF79EF79EF79EF79EF79EF7CF
S31508007C009EF79EF79EF79EF79EF79EF79EF79EF7BE
S31508007C109EF79EF79EF79EF79EF79EF79EF79EF7AE
S31508007C209EF79EF79EF79EF79EF79EF79EF79EF79E
S31508007C309EF79EF79EF79EF79EF79EF79EF79EF78E
S31508007C409EF79EF79EF79EF79EF79EF79EF79EF77E
S31508007C509EF7BEF7000000000000000000000000CC
S31508007C600000000000000000000000000000000006
S31508007C7000000000000000000000000000000000F6
S31508007C8000000000000000000000000000000000E6
S31508007C9000000000000000000000000000000000D6
S31508007CA000000000000000000000000000000000C6
S31508007CB000000000000000000000000000000000B6
S31508007CC000000000000000000000000000000000A6
S31508007CD00000000000000000000000000000000096
S31508007CE00000000000000000000000000000000086
S31508007CF00000000000000000000000000000000076
S31508007D000000000000000000000000000000000065
S31508007D100000000000000000000000000000000055
S31508007D200000000000000000000000000000000045
S31508007D300000000000000000000000000000000035
S31508007D400000000000000000000000000000000025
S31508007D50FFFFBFF79EF79EF79EF79EF79EF79EF7E3
S31508007D609EF79EF79EF79EF79EF79EF79EF79EF75D
S31508007D709EF79EF79EF79EF79EF79EF79EF79EF74D
S31508007D809EF79EF79EF79EF79EF79EF79EF79EF73D
S31508007D909EF79EF79EF79EF79EF79EF79EF79EF72D
S31508007DA09EF79EF79EF79EF79EF79EF79EF79EF71D
S31508007DB09EF79EF79EF79EF79EF79EF79EF79EF70D
S31508007DC09EF79EF79EF79EF79EF79EF79EF79EF7FD
S31508007DD09EF79EF79EF79EF79EF79EF79EF79EF7ED
S31508007DE09EF79EF79EF79EF79EF79EF79EF79EF7DD
S31508007DF09EF79EF79EF79EF79EF79EF79EF79EF7CD
S31508007E009EF79EF79EF79EF79EF79EF79EF79EF7BC
S31508007E109EF79EF79EF79EF79EF79EF79EF79EF7AC
S31508007E209EF79EF79EF79EF79EF79EF79EF79EF79C
S31508007E309EF79EF7BEF7FFFF000000000000000057
S31508007E400000000000000000000000000000000024
S31508007E500000000000000000000000000000000014
S31508007E600000000000000000000000000000000004
S31508007E7000000000000000000000000000000000F4
S31508007E8000000000000000000000000000000000E4
S31508007E9000000000000000000000000000000000D4
S31508007EA000000000000000000000000000000000C4
S31508007EB000000000000000000000000000000000B4
S31508007EC000000000000000000000000000000000A4
S31508007ED00000000000000000000000000000000094
S31508007EE00000000000000000000000000000000084
S31508007EF00000000000000000000000000000000074
S31508007F000000000000000000000000000000000063
S31508007F100000000000000000000000000000000053
S31508007F200000000000000000000000000000BEF78E
S31508007F309EF79EF79EF79EF79EF79EF79EF79EF78B
S31508007F409EF79EF79EF79EF79EF79EF79EF79EF77B
S31508007F509EF79EF79EF79EF79EF79EF79EF79EF76B
S31508007F609EF79EF79EF79EF79EF79EF79EF79EF75B
S31508007F709EF79EF79EF79EF79EF79EF79EF79EF74B
S31508007F809EF79EF79EF79EF79EF79EF79EF79EF73B
S31508007F909EF79EF79EF79EF79EF79EF79EF79EF72B
S31508007FA09EF79EF79EF79EF79EF79EF79EF79EF71B
S31508007FB09EF79EF79EF79EF79EF79EF79EF79EF70B
S31508007FC09EF79EF79EF79EF79EF79EF79EF79EF7FB
S31508007FD09EF79EF79EF79EF79EF79EF79EF79EF7EB
S31508007FE09EF79EF79EF79EF79EF79EF79EF79EF7DB
S31508007FF09EF79EF79EF79EF79EF79EF79EF79EF7CB
S315080080009EF79EF79EF79EF79EF79EF79EF79EF7BA
S315080080109EF79EF79EF79EF7BEF7FFFF000000004B
S315080080200000000000000000000000000000000042
S315080080300000000000000000000000000000000032
S315080080400000000000000000000000000000000022
S315080080500000000000000000000000000000000012
S315080080600000000000000000000000000000000002
S3150800807000000000000000000000000000000000F2
S3150800808000000000000000000000000000000000E2
S3150800809000000000000000000000000000000000D2
S315080080A000000000000000000000000000000000C2
S315080080B000000000000000000000000000000000B2
S315080080C000000000000000000000000000000000A2
S315080080D00000000000000000000000000000000092
S315080080E00000000000000000000000000000000082
S315080080F00000000000000000000000000000000072
S3150800810000000000000000000000FFFFBEF79EF719
S315080081109EF79EF79EF79EF79EF79EF79EF79EF7A9
S315080081209EF79EF79EF79EF79EF79EF79EF79EF799
S315080081309EF79EF79EF79EF79EF79EF79EF79EF789
S315080081409EF79EF79EF79EF79EF79EF79EF79EF779
S315080081509EF79EF79EF79EF79EF79EF79EF79EF769
S315080081609EF79EF79EF79EF79EF79EF79EF79EF759
S315080081709EF79EF79EF79EF79EF79EF79EF79EF749
S315080081809EF79EF79EF79EF79EF79EF79EF79EF739
S315080081909EF79EF79EF79EF79EF79EF79EF79EF729
S315080081A09EF79EF79EF79EF79EF79EF79EF79EF719
S315080081B09EF79EF79EF79EF79EF79EF79EF79EF709
S315080081C09EF79EF79EF79EF79EF79EF79EF79EF7F9
S315080081D09EF79EF79EF79EF79EF79EF79EF79EF7E9
S315080081E09EF79EF79EF79EF79EF79EF79EF79EF7D9
S315080081F09EF79EF79EF79EF79EF79EF79FF700005D
S315080082000000000000000000000000000000000060
S315080082100000000000000000000000000000000050
S315080082200000000000000000000000000000000040
S315080082300000000000000000000000000000000030
S315080082400000000000000000000000000000000020
S315080082500000000000000000000000000000000010
S315080082600000000000000000000000000000000000
S3150800827000000000000000000000000000000000F0
S3150800828000000000000000000000000000000000E0
S3150800829000000000000000000000000000000000D0
S315080082A000000000000000000000000000000000C0
S315080082B000000000000000000000000000000000B0
S315080082C000000000000000000000000000000000A0
S315080082D00000000000000000000000000000000090
S315080082E0000000000000FFFFBEF79EF79EF79EF70E
S315080082F09EF79EF79EF79EF79EF79EF79EF79EF7C8
S315080083009EF79EF79EF79EF79EF79EF79EF79EF7B7
S315080083109EF79EF79EF79EF79EF79EF79EF79EF7A7
S315080083209EF79EF79EF79EF79EF79EF79EF79EF797
S315080083309EF79EF79EF79EF79EF79EF79EF79EF787
S315080083409EF79EF79EF79EF79EF79EF79EF79EF777
S315080083509EF79EF79EF79EF79EF79EF79EF79EF767
S315080083609EF79EF79EF79EF79EF79EF79EF79EF757
S315080083709EF79EF79EF79EF79EF79EF79EF79EF747
S315080083809EF79EF79EF79EF79EF79EF79EF79EF737
S315080083909EF79EF79EF79EF79EF79EF79EF79EF727
S315080083A09EF79EF79EF79EF79EF79EF79EF79EF717
S315080083B09EF79EF79EF79EF79EF79EF79EF79EF707
S315080083C09EF79EF79EF79EF79EF79EF79EF79EF7F7
S315080083D09EF79EF79EF79EF79EF79EF79EF79EF7E7
S315080083E0FFFF000000000000000000000000000081
S315080083F0000000000000000000000000000000006F
S31508008400000000000000000000000000000000005E
S31508008410000000000000000000000000000000004E
S31508008420000000000000000000000000000000003E
S31508008430000000000000000000000000000000002E
S31508008440000000000000000000000000000000001E
S31508008450000000000000000000000000000000000E
S3150800846000000000000000000000000000000000FE
S3150800847000000000000000000000000000000000EE
S3150800848000000000000000000000000000000000DE
S3150800849000000000000000000000000000000000CE
S315080084A000000000000000000000000000000000BE
S315080084B000000000000000000000000000000000AE
S315080084C000000000FFF7BEF79EF79EF79EF79EF79F
S315080084D09EF79EF79EF79EF79EF79EF79EF79EF7E6
S315080084E09EF79EF79EF79EF79EF79EF79EF79EF7D6
S315080084F09EF79EF79EF79EF79EF79EF79EF79EF7C6
S315080085009EF79EF79EF79EF79EF79EF79EF79EF7B5
S315080085109EF79EF79EF79EF79EF79EF79EF79EF7A5
S315080085209EF79EF79EF79EF79EF79EF79EF79EF795
S315080085309EF79EF79EF79EF79EF79EF79EF79EF785
S315080085409EF79EF79EF79EF79EF79EF79EF79EF775
S315080085509EF79EF79EF79EF79EF79EF79EF79EF765
S315080085609EF79EF79EF79EF79EF79EF79EF79EF755
S315080085709EF79EF79EF79EF79EF79EF79EF79EF745
S315080085809EF79EF79EF79EF79EF79EF79EF79EF735
S315080085909EF79EF79EF79EF79EF79EF79EF79EF725
S315080085A09EF79EF79EF79EF79EF79EF79EF79EF715
S315080085B09EF79EF79EF79EF79EF79EF79EF79EF705
S315080085C09EF7BEF7FFFF0000000000000000000055
S315080085D0000000000000000000000000000000008D
S315080085E0000000000000000000000000000000007D
S315080085F0000000000000000000000000000000006D
S31508008600000000000000000000000000000000005C
S31508008610000000000000000000000000000000004C
S31508008620000000000000000000000000000000003C
S31508008630000000000000000000000000000000002C
S31508008640000000000000000000000000000000001C
S31508008650000000000000000000000000000000000C
S3150800866000000000000000000000000000000000FC
S3150800867000000000000000000000000000000000EC
S3150800868000000000000000000000000000000000DC
S3150800869000000000000000000000000000000000CC
S315080086A0FFFF9EF79EF79EF79EF79EF79EF79EF7AB
S315080086B09EF79EF79EF79EF79EF79EF79EF79EF704
S315080086C09EF79EF79EF79EF79EF79EF79EF79EF7F4
S315080086D09EF79EF79EF79EF79EF79EF79EF79EF7E4
S315080086E09EF79EF79EF79EF79EF79EF79EF79EF7D4
S315080086F09EF79EF79EF79EF79EF79EF79EF79EF7C4
S315080087009EF79EF79EF79EF79EF79EF79EF79EF7B3
S315080087109EF79EF79EF79EF79EF79EF79EF79EF7A3
S315080087209EF79EF79EF79EF79EF79EF79EF79EF793
S315080087309EF79EF79EF79EF79EF79EF79EF79EF783
S315080087409EF79EF79EF79EF79EF79EF79EF79EF773
S315080087509EF79EF79EF79EF79EF79EF79EF79EF763
S315080087609EF79EF79EF79EF79EF79EF79EF79EF753
S315080087709EF79EF79EF79EF79EF79EF79EF79EF743
S315080087809EF79EF79EF79EF79EF79EF79EF79EF733
S315080087909EF79EF79EF79EF79EF79EF79EF79EF723
S315080087A09EF79EF79EF7FFFF0000000000000000FE
S315080087B000000000000000000000000000000000AB
S315080087C0000000000000000000000000000000009B
S315080087D0000000000000000000000000000000008B
S315080087E0000000000000000000000000000000007B
S315080087F0000000000000000000000000000000006B
S31508008800000000000000000000000000000000005A
S31508008810000000000000000000000000000000004A
S31508008820000000000000000000000000000000003A
S31508008830000000000000000000000000000000002A
S31508008840000000000000000000000000000000001A
S31508008850000000000000000000000000000000000A
S3150800886000000000000000000000000000000000FA
S315080088700000000000000000000000000000FFF7F4
S31508008880BEF79EF79EF79EF79EF79EF79EF79EF712
S315080088909EF79EF79EF79EF79EF79EF79EF79EF722
S315080088A09EF79EF79EF79EF79EF79EF79EF79EF712
S315080088B09EF79EF79EF79EF79EF79EF79EF79EF702
S315080088C09EF79EF79EF79EF79EF79EF79EF79EF7F2
S315080088D09EF79EF79EF79EF79EF79EF79EF79EF7E2
S315080088E09EF79EF79EF79EF79EF79EF79EF79EF7D2
S315080088F09EF79EF79EF79EF79EF79EF79EF79EF7C2
S315080089009EF79EF79EF79EF79EF79EF79EF79EF7B1
S315080089109EF79EF79EF79EF79EF79EF79EF79EF7A1
S315080089209EF79EF79EF79EF79EF79EF79EF79EF791
S315080089309EF79EF79EF79EF79EF79EF79EF79EF781
S315080089409EF79EF79EF79EF79EF79EF79EF79EF771
S315080089509EF79EF79EF79EF79EF79EF79EF79EF761
S315080089609EF79EF79EF79EF79EF79EF79EF79EF751
S315080089709EF79EF79EF79EF79EF79EF79EF79EF741
S315080089809EF79EF79EF79EF79EF7000000000000F0
S3150800899000000000000000000000000000000000C9
S315080089A000000000000000000000000000000000B9
S315080089B000000000000000000000000000000000A9
S315080089C00000000000000000000000000000000099
S315080089D00000000000000000000000000000000089
S315080089E00000000000000000000000000000000079
S315080089F00000000000000000000000000000000069
S31508008A000000000000000000000000000000000058
S31508008A100000000000000000000000000000000048
S31508008A200000000000000000000000000000000038
S31508008A300000000000000000000000000000000028
S31508008A400000000000000000000000000000000018
S31508008A50000000000000000000000000BFF79EF7BD
S31508008A609EF79EF79EF79EF79EF79EF79EF79EF750
S31508008A709EF79EF79EF79EF79EF79EF79EF79EF740
S31508008A809EF79EF79EF79EF79EF79EF79EF79EF730
S31508008A909EF79EF79EF79EF79EF79EF79EF79EF720
S31508008AA09EF79EF79EF79EF79EF79EF79EF79EF710
S31508008AB09EF79EF79EF79EF79EF79EF79EF79EF700
S31508008AC09EF79EF79EF79EF79EF79EF79EF79EF7F0
S31508008AD09EF79EF79EF79EF79EF79EF79EF79EF7E0
S31508008AE09EF79EF79EF79EF79EF79EF79EF79EF7D0
S31508008AF09EF79EF79EF79EF79EF79EF79EF79EF7C0
S31508008B009EF79EF79EF79EF79EF79EF79EF79EF7AF
S31508008B109EF79EF79EF79EF79EF79EF79EF79EF79F
S31508008B209EF79EF79EF79EF79EF79EF79EF79EF78F
S31508008B309EF79EF79EF79EF79EF79EF79EF79EF77F
S31508008B409EF79EF79EF79EF79EF79EF79EF79EF76F
S31508008B509EF79EF79EF79EF79EF79EF79EF79EF75F
S31508008B609EF79EF79EF79EF79EF79EF7FFFF00007B
S31508008B7000000000000000000000000000000000E7
S31508008B8000000000000000000000000000000000D7
S31508008B9000000000000000000000000000000000C7
S31508008BA000000000000000000000000000000000B7
S31508008BB000000000000000000000000000000000A7
S31508008BC00000000000000000000000000000000097
S31508008BD00000000000000000000000000000000087
S31508008BE00000000000000000000000000000000077
S31508008BF00000000000000000000000000000000067
S31508008C000000000000000000000000000000000056
S31508008C100000000000000000000000000000000046
S31508008C200000000000000000000000000000000036
S31508008C300000000000000000FFFFBEF79EF79EF749
S31508008C409EF79EF79EF79EF79EF79EF79EF79EF76E
S31508008C509EF79EF79EF79EF79EF79EF79EF79EF75E
S31508008C609EF79EF79EF79EF79EF79EF79EF79EF74E
S31508008C709EF79EF79EF79EF79EF79EF79EF79EF73E
S31508008C809EF79EF79EF79EF79EF79EF79EF79EF72E
S31508008C909EF79EF79EF79EF79EF79EF79EF79EF71E
S31508008CA09EF79EF79EF79EF79EF79EF79EF79EF70E
S31508008CB09EF79EF79EF79EF79EF79EF79EF79EF7FE
S31508008CC09EF79EF79EF79EF79EF79EF79EF79EF7EE
S31508008CD09EF79EF79EF79EF79EF79EF79EF79EF7DE
S31508008CE09EF79EF79EF79EF79EF79EF79EF79EF7CE
S31508008CF09EF79EF79EF79EF79EF79EF79EF79EF7BE
S31508008D009EF79EF79EF79EF79EF79EF79EF79EF7AD
S31508008D109EF79EF79EF79EF79EF79EF79EF79EF79D
S31508008D209EF79EF79EF79EF79EF79EF79EF79EF78D
S31508008D309EF79EF79EF79EF79EF79EF79EF79EF77D
S31508008D409EF79EF79EF79EF79EF79EF79EF7BEF74D
S31508008D500000000000000000000000000000000005
S31508008D6000000000000000000000000000000000F5
S31508008D7000000000000000000000000000000000E5
S31508008D8000000000000000000000000000000000D5
S31508008D9000000000000000000000000000000000C5
S31508008DA000000000000000000000000000000000B5
S31508008DB000000000000000000000000000000000A5
S31508008DC00000000000000000000000000000000095
S31508008DD00000000000000000000000000000000085
S31508008DE00000000000000000000000000000000075
S31508008DF00000000000000000000000000000000065
S31508008E000000000000000000000000000000000054
S31508008E10000000000000BFF7BEF79EF79EF79EF71A
S31508008E209EF79EF79EF79EF79EF79EF79EF79EF78C
S31508008E309EF79EF79EF79EF79EF79EF79EF79EF77C
S31508008E409EF79EF79EF79EF79EF79EF79EF79EF76C
S31508008E509EF79EF79EF79EF79EF79EF79EF79EF75C
S31508008E609EF79EF79EF79EF79EF79EF79EF79EF74C
S31508008E709EF79EF79EF79EF79EF79EF79EF79EF73C
S31508008E809EF79EF79EF79EF79EF79EF79EF79EF72C
S31508008E909EF79EF79EF79EF79EF79EF79EF79EF71C
S31508008EA09EF79EF79EF79EF79EF79EF79EF79EF70C
S31508008EB09EF79EF79EF79EF79EF79EF79EF79EF7FC
S31508008EC09EF79EF79EF79EF79EF79EF79EF79EF7EC
S31508008ED09EF79EF79EF79EF79EF79EF79EF79EF7DC
S31508008EE09EF79EF79EF79EF79EF79EF79EF79EF7CC
S31508008EF09EF79EF79EF79EF79EF79EF79EF79EF7BC
S31508008F009EF79EF79EF79EF79EF79EF79EF79EF7AB
S31508008F109EF79EF79EF79EF79EF79EF79EF79EF79B
S31508008F209EF79EF79EF79EF79EF79EF79EF79EF78B
S31508008F309EF7FFFF00000000000000000000000090
S31508008F400000000000000000000000000000000013
S31508008F500000000000000000000000000000000003
S31508008F6000000000000000000000000000000000F3
S31508008F7000000000000000000000000000000000E3
S31508008F8000000000000000000000000000000000D3
S31508008F9000000000000000000000000000000000C3
S31508008FA000000000000000000000000000000000B3
S31508008FB000000000000000000000000000000000A3
S31508008FC00000000000000000000000000000000093
S31508008FD00000000000000000000000000000000083
S31508008FE00000000000000000000000000000000073
S31508008FF000000000BEF79EF79EF79EF79EF79EF7C5
S315080090009EF79EF79EF79EF79EF79EF79EF79EF7AA
S315080090109EF79EF79EF79EF79EF79EF79EF79EF79A
S315080090209EF79EF79EF79EF79EF79EF79EF79EF78A
S315080090309EF79EF79EF79EF79EF79EF79EF79EF77A
S315080090409EF79EF79EF79EF79EF79EF79EF79EF76A
S315080090509EF79EF79EF79EF79EF79EF79EF79EF75A
S315080090609EF79EF79EF79EF79EF79EF79EF79EF74A
S315080090709EF79EF79EF79EF79EF79EF79EF79EF73A
S315080090809EF79EF79EF79EF79EF79EF79EF79EF72A
S315080090909EF79EF79EF79EF79EF79EF79EF79EF71A
S315080090A09EF79EF79EF79EF79EF79EF79EF79EF70A
S315080090B09EF79EF79EF79EF79EF79EF79EF79EF7FA
S315080090C09EF79EF79EF79EF79EF79EF79EF79EF7EA
S315080090D09EF79EF79EF79EF79EF79EF79EF79EF7DA
S315080090E09EF79EF79EF79EF79EF79EF79EF79EF7CA
S315080090F09EF79EF79EF79EF79EF79EF79EF79EF7BA
S315080091009EF79EF79EF79EF79EF79EF79EF79EF7A9
S315080091109EF79EF7FFFF0000000000000000000019
S315080091200000000000000000000000000000000031
S315080091300000000000000000000000000000000021
S315080091400000000000000000000000000000000011
S315080091500000000000000000000000000000000001
S3150800916000000000000000000000000000000000F1
S3150800917000000000000000000000000000000000E1
S3150800918000000000000000000000000000000000D1
S3150800919000000000000000000000000000000000C1
S315080091A000000000000000000000000000000000B1
S315080091B000000000000000000000000000000000A1
S315080091C00000000000000000000000000000000091
S315080091D0FFFFBEF7BEF79EF79EF79EF79EF79EF730
S315080091E09EF79EF79EF79EF79EF79EF79EF79EF7C9
S315080091F09EF79EF79EF79EF79EF79EF79EF79EF7B9
S315080092009EF79EF79EF79EF79EF79EF79EF79EF7A8
S315080092109EF79EF79EF79EF79EF79EF79EF79EF798
S315080092209EF79EF79EF79EF79EF79EF79EF79EF788
S315080092309EF79EF79EF79EF79EF79EF79EF79EF778
S315080092409EF79EF79EF79EF79EF79EF79EF79EF768
S315080092509EF79EF79EF79EF79EF79EF79EF79EF758
S315080092609EF79EF79EF79EF79EF79EF79EF79EF748
S315080092709EF79EF79EF79EF79EF79EF79EF79EF738
S315080092809EF79EF79EF79EF79EF79EF79EF79EF728
S315080092909EF79EF79EF79EF79EF79EF79EF79EF718
S315080092A09EF79EF79EF79EF79EF79EF79EF79EF708
S315080092B09EF79EF79EF79EF79EF79EF79EF79EF7F8
S315080092C09EF79EF79EF79EF79EF79EF79EF79EF7E8
S315080092D09EF79EF79EF79EF79EF79EF79EF79EF7D8
S315080092E09EF79EF79EF79EF79EF79EF79EF79EF7C8
S315080092F09EF79EF7BEF79FF70000000000000000EB
S31508009300000000000000000000000000000000004F
S31508009310000000000000000000000000000000003F
S31508009320000000000000000000000000000000002F
S31508009330000000000000000000000000000000001F
S31508009340000000000000000000000000000000000F
S3150800935000000000000000000000000000000000FF
S3150800936000000000000000000000000000000000EF
S3150800937000000000000000000000000000000000DF
S3150800938000000000000000000000000000000000CF
S3150800939000000000000000000000000000000000BF
S315080093A00000000000000000000000000000FFFFB1
S315080093B09EF7BEF79EF79EF79EF79EF79EF79EF7D7
S315080093C09EF79EF79EF79EF79EF79EF79EF79EF7E7
S315080093D09EF79EF79EF79EF79EF79EF79EF79EF7D7
S315080093E09EF79EF79EF79EF79EF79EF79EF79EF7C7
S315080093F09EF79EF79EF79EF79EF79EF79EF79EF7B7
S315080094009EF79EF79EF79EF79EF79EF79EF79EF7A6
S315080094109EF79EF79EF79EF79EF79EF79EF79EF796
S315080094209EF79EF79EF79EF79EF79EF79EF79EF786
S315080094309EF79EF79EF79EF79EF79EF79EF79EF776
S315080094409EF79EF79EF79EF79EF79EF79EF79EF766
S315080094509EF79EF79EF79EF79EF79EF79EF79EF756
S315080094609EF79EF79EF79EF79EF79EF79EF79EF746
S315080094709EF79EF79EF79EF79EF79EF79EF79EF736
S315080094809EF79EF79EF79EF79EF79EF79EF79EF726
S315080094909EF79EF79EF79EF79EF79EF79EF79EF716
S315080094A09EF79EF79EF79EF79EF79EF79EF79EF706
S315080094B09EF79EF79EF79EF79EF79EF79EF79EF7F6
S315080094C09EF79EF79EF79EF79EF79EF79EF79EF7E6
S315080094D09EF79EF79EF79EF79FF700000000000094
S315080094E0000000000000000000000000000000006E
S315080094F0000000000000000000000000000000005E
S31508009500000000000000000000000000000000004D
S31508009510000000000000000000000000000000003D
S31508009520000000000000000000000000000000002D
S31508009530000000000000000000000000000000001D
S31508009540000000000000000000000000000000000D
S3150800955000000000000000000000000000000000FD
S3150800956000000000000000000000000000000000ED
S3150800957000000000000000000000000000000000DD
S31508009580000000000000000000000000FFFF9EF73A
S315080095909EF79EF79EF79EF79EF79EF79EF79EF715
S315080095A09EF79EF79EF79EF79EF79EF79EF79EF705
S315080095B09EF79EF79EF79EF79EF79EF79EF79EF7F5
S315080095C09EF79EF79EF79EF79EF79EF79EF79EF7E5
S315080095D09EF79EF79EF79EF79EF79EF79EF79EF7D5
S315080095E09EF79EF79EF79EF79EF79EF79EF79EF7C5
S315080095F09EF79EF79EF79EF79EF79EF79EF79EF7B5
S315080096009EF79EF79EF79EF79EF79EF79EF79EF7A4
S315080096109EF79EF79EF79EF79EF79EF79EF79EF794
S315080096209EF79EF79EF79EF79EF79EF79EF79EF784
S315080096309EF79EF79EF79EF79EF79EF79EF79EF774
S315080096409EF79EF79EF79EF79EF79EF79EF79EF764
S315080096509EF79EF79EF79EF79EF79EF79EF79EF754
S315080096609EF79EF79EF79EF79EF79EF79EF79EF744
S315080096709EF79EF79EF79EF79EF79EF79EF79EF734
S315080096809EF79EF79EF79EF79EF79EF79EF79EF724
S315080096909EF79EF79EF79EF79EF79EF79EF79EF714
S315080096A09EF79EF79EF79EF79EF79EF79EF79EF704
S315080096B09EF79EF79EF79EF79EF7BEF700000000FE
S315080096C0000000000000000000000000000000008C
S315080096D0000000000000000000000000000000007C
S315080096E0000000000000000000000000000000006C
S315080096F0000000000000000000000000000000005C
S31508009700000000000000000000000000000000004B
S31508009710000000000000000000000000000000003B
S31508009720000000000000000000000000000000002B
S31508009730000000000000000000000000000000001B
S31508009740000000000000000000000000000000000B
S3150800975000000000000000000000000000000000FB
S3150800976000000000000000000000BEF79EF79EF70C
S315080097709EF79EF79EF79EF79EF79EF79EF79EF733
S315080097809EF79EF79EF79EF79EF79EF79EF79EF723
S315080097909EF79EF79EF79EF79EF79EF79EF79EF713
S315080097A09EF79EF79EF79EF79EF79EF79EF79EF703
S315080097B09EF79EF79EF79EF79EF79EF79EF79EF7F3
S315080097C09EF79EF79EF79EF79EF79EF79EF79EF7E3
S315080097D09EF79EF79EF79EF79EF79EF79EF79EF7D3
S315080097E09EF79EF79EF79EF79EF79EF79EF79EF7C3
S315080097F09EF79EF79EF79EF79EF79EF79EF79EF7B3
S315080098009EF79EF79EF79EF79EF79EF79EF79EF7A2
S315080098109EF79EF79EF79EF79EF79EF79EF79EF792
S315080098209EF79EF79EF79EF79EF79EF79EF79EF782
S315080098309EF79EF79EF79EF79EF79EF79EF79EF772
S315080098409EF79EF79EF79EF79EF79EF79EF79EF762
S315080098509EF79EF79EF79EF79EF79EF79EF79EF752
S315080098609EF79EF79EF79EF79EF79EF79EF79EF742
S315080098709EF79EF79EF79EF79EF79EF79EF79EF732
S315080098809EF79EF79EF79EF79EF79EF79EF79EF722
S315080098909EF79EF79EF79EF79EF79EF7BEF7000087
S315080098A000000000000000000000000000000000AA
S315080098B0000000000000000000000000000000009A
S315080098C0000000000000000000000000000000008A
S315080098D0000000000000000000000000000000007A
S315080098E0000000000000000000000000000000006A
S315080098F0000000000000000000000000000000005A
S315080099000000000000000000000000000000000049
S315080099100000000000000000000000000000000039
S315080099200000000000000000000000000000000029
S315080099300000000000000000000000000000000019
S315080099400000000000000000BEF79EF79EF79EF795
S315080099509EF79EF79EF79EF79EF79EF79EF79EF751
S315080099609EF79EF79EF79EF79EF79EF79EF79EF741
S315080099709EF79EF79EF79EF79EF79EF79EF79EF731
S315080099809EF79EF79EF79EF79EF79EF79EF79EF721
S315080099909EF79EF79EF79EF79EF79EF79EF79EF711
S315080099A09EF79EF79EF79EF79EF79EF79EF79EF701
S315080099B09EF79EF79EF79EF79EF79EF79EF79EF7F1
S315080099C09EF79EF79EF79EF79EF79EF79EF79EF7E1
S315080099D09EF79EF79EF79EF79EF79EF79EF79EF7D1
S315080099E09EF79EF79EF79EF79EF79EF79EF79EF7C1
S315080099F09EF79EF79EF79EF79EF79EF79EF79EF7B1
S31508009A009EF79EF79EF79EF79EF79EF79EF79EF7A0
S31508009A109EF79EF79EF79EF79EF79EF79EF79EF790
S31508009A209EF79EF79EF79EF79EF79EF79EF79EF780
S31508009A309EF79EF79EF79EF79EF79EF79EF79EF770
S31508009A409EF79EF79EF79EF79EF79EF79EF79EF760
S31508009A509EF79EF79EF79EF79EF79EF79EF79EF750
S31508009A609EF79EF79EF79EF79EF79EF79EF79EF740
S31508009A709EF79EF79EF79EF79EF79EF79EF7BEF710
S31508009A80FFFF0000000000000000000000000000CA
S31508009A9000000000000000000000000000000000B8
S31508009AA000000000000000000000000000000000A8
S31508009AB00000000000000000000000000000000098
S31508009AC00000000000000000000000000000000088
S31508009AD00000000000000000000000000000000078
S31508009AE00000000000000000000000000000000068
S31508009AF00000000000000000000000000000000058
S31508009B000000000000000000000000000000000047
S31508009B100000000000000000000000000000000037
S31508009B200000000000009FF79EF79EF79EF79EF73D
S31508009B309EF79EF79EF79EF79EF79EF79EF79EF76F
S31508009B409EF79EF79EF79EF79EF79EF79EF79EF75F
S31508009B509EF79EF79EF79EF79EF79EF79EF79EF74F
S31508009B609EF79EF79EF79EF79EF79EF79EF79EF73F
S31508009B709EF79EF79EF79EF79EF79EF79EF79EF72F
S31508009B809EF79EF79EF79EF79EF79EF79EF79EF71F
S31508009B909EF79EF79EF79EF79EF79EF79EF79EF70F
S31508009BA09EF79EF79EF79EF79EF79EF79EF79EF7FF
S31508009BB09EF79EF79EF79EF79EF79EF79EF79EF7EF
S31508009BC09EF79EF79EF79EF79EF79EF79EF79EF7DF
S31508009BD09EF79EF79EF79EF79EF79EF79EF79EF7CF
S31508009BE09EF79EF79EF79EF79EF79EF79EF79EF7BF
S31508009BF09EF79EF79EF79EF79EF79EF79EF79EF7AF
S31508009C009EF79EF79EF79EF79EF79EF79EF79EF79E
S31508009C109EF79EF79EF79EF79EF79EF79EF79EF78E
S31508009C209EF79EF79EF79EF79EF79EF79EF79EF77E
S31508009C309EF79EF79EF79EF79EF79EF79EF79EF76E
S31508009C409EF79EF79EF79EF79EF79EF79EF79EF75E
S31508009C509EF79EF79EF79EF79EF79EF79EF79EF74E
S31508009C609EF7FFFF00000000000000000000000053
S31508009C7000000000000000000000000000000000D6
S31508009C8000000000000000000000000000000000C6
S31508009C9000000000000000000000000000000000B6
S31508009CA000000000000000000000000000000000A6
S31508009CB00000000000000000000000000000000096
S31508009CC00000000000000000000000000000000086
S31508009CD00000000000000000000000000000000076
S31508009CE00000000000000000000000000000000066
S31508009CF00000000000000000000000000000000056
S31508009D0000000000BFF79EF79EF79EF79EF79EF7A6
S31508009D109EF79EF79EF79EF79EF79EF79EF79EF78D
S31508009D209EF79EF79EF79EF79EF79EF79EF79EF77D
S31508009D309EF79EF79EF79EF79EF79EF79EF79EF76D
S31508009D409EF79EF79EF79EF79EF79EF79EF79EF75D
S31508009D509EF79EF79EF79EF79EF79EF79EF79EF74D
S31508009D609EF79EF79EF79EF79EF79EF79EF79EF73D
S31508009D709EF79EF79EF79EF79EF79EF79EF79EF72D
S31508009D809EF79EF79EF79EF79EF79EF79EF79EF71D
S31508009D909EF79EF79EF79EF79EF79EF79EF79EF70D
S31508009DA09EF79EF79EF79EF79EF79EF79EF79EF7FD
S31508009DB09EF79EF79EF79EF79EF79EF79EF79EF7ED
S31508009DC09EF79EF79EF79EF79EF79EF79EF79EF7DD
S31508009DD09EF79EF79EF79EF79EF79EF79EF79EF7CD
S31508009DE09EF79EF79EF79EF79EF79EF79EF79EF7BD
S31508009DF09EF79EF79EF79EF79EF79EF79EF79EF7AD
S31508009E009EF79EF79EF79EF79EF79EF79EF79EF79C
S31508009E109EF79EF79EF79EF79EF79EF79EF79EF78C
S31508009E209EF79EF79EF79EF79EF79EF79EF79EF77C
S31508009E309EF79EF79EF79EF79EF79EF79EF79EF76C
S31508009E409EF79EF7FFFF00000000000000000000DC
S31508009E5000000000000000000000000000000000F4
S31508009E6000000000000000000000000000000000E4
S31508009E7000000000000000000000000000000000D4
S31508009E8000000000000000000000000000000000C4
S31508009E9000000000000000000000000000000000B4
S31508009EA000000000000000000000000000000000A4
S31508009EB00000000000000000000000000000000094
S31508009EC00000000000000000000000000000000084
S31508009ED00000000000000000000000000000000074
S31508009EE00000BEF79EF79EF79EF79EF79EF79EF731
S31508009EF09EF79EF79EF79EF79EF79EF79EF79EF7AC
S31508009F009EF79EF79EF79EF79EF79EF79EF79EF79B
S31508009F109EF79EF79EF79EF79EF79EF79EF79EF78B
S31508009F209EF79EF79EF79EF79EF79EF79EF79EF77B
S31508009F309EF79EF79EF79EF79EF79EF79EF79EF76B
S31508009F409EF79EF79EF79EF79EF79EF79EF79EF75B
S31508009F509EF79EF79EF79EF79EF79EF79EF79EF74B
S31508009F609EF79EF79EF79EF79EF79EF79EF79EF73B
S31508009F709EF79EF79EF79EF79EF79EF79EF79EF72B
S31508009F809EF79EF79EF79EF79EF79EF79EF79EF71B
S31508009F909EF79EF79EF79EF79EF79EF79EF79EF70B
S31508009FA09EF79EF79EF79EF79EF79EF79EF79EF7FB
S31508009FB09EF79EF79EF79EF79EF79EF79EF79EF7EB
S31508009FC09EF79EF79EF79EF79EF79EF79EF79EF7DB
S31508009FD09EF79EF79EF79EF79EF79EF79EF79EF7CB
S31508009FE09EF79EF79EF79EF79EF79EF79EF79EF7BB
S31508009FF09EF79EF79EF79EF79EF79EF79EF79EF7AB
S3150800A0009EF79EF79EF79EF79EF79EF79EF79EF79A
S3150800A0109EF79EF79EF79EF79EF79EF79EF79EF78A
S3150800A0209EF79EF7BEF7FFFF000000000000000045
S3150800A0300000000000000000000000000000000012
S3150800A0400000000000000000000000000000000002
S3150800A05000000000000000000000000000000000F2
S3150800A06000000000000000000000000000000000E2
S3150800A07000000000000000000000000000000000D2
S3150800A08000000000000000000000000000000000C2
S3150800A09000000000000000000000000000000000B2
S3150800A0A000000000000000000000000000000000A2
S3150800A0B00000000000000000000000000000000092
S3150800A0C0BEF79EF79EF79EF79EF79EF79EF79EF7BA
S3150800A0D09EF79EF79EF79EF79EF79EF79EF79EF7CA
S3150800A0E09EF79EF79EF79EF79EF79EF79EF79EF7BA
S3150800A0F09EF79EF79EF79EF79EF79EF79EF79EF7AA
S3150800A1009EF79EF79EF79EF79EF79EF79EF79EF799
S3150800A1109EF79EF79EF79EF79EF79EF79EF79EF789
S3150800A1209EF79EF79EF79EF79EF79EF79EF79EF779
S3150800A1309EF79EF79EF79EF79EF79EF79EF79EF769
S3150800A1409EF79EF79EF79EF79EF79EF79EF79EF759
S3150800A1509EF79EF79EF79EF79EF79EF79EF79EF749
S3150800A1609EF79EF79EF79EF79EF79EF79EF79EF739
S3150800A1709EF79EF79EF79EF79EF79EF79EF79EF729
S3150800A1809EF79EF79EF79EF79EF79EF79EF79EF719
S3150800A1909EF79EF79EF79EF79EF79EF79EF79EF709
S3150800A1A09EF79EF79EF79EF79EF79EF79EF79EF7F9
S3150800A1B09EF79EF79EF79EF79EF79EF79EF79EF7E9
S3150800A1C09EF79EF79EF79EF79EF79EF79EF79EF7D9
S3150800A1D09EF79EF79EF79EF79EF79EF79EF79EF7C9
S3150800A1E09EF79EF79EF79EF79EF79EF79EF79EF7B9
S3150800A1F09EF79EF79EF79EF79EF79EF79EF79EF7A9
S3150800A2009EF79EF79EF7BEF7FFFF000000000000CE
S3150800A2100000000000000000000000000000000030
S3150800A2200000000000000000000000000000000020
S3150800A2300000000000000000000000000000000010
S3150800A2400000000000000000000000000000000000
S3150800A25000000000000000000000000000000000F0
S3150800A26000000000000000000000000000000000E0
S3150800A27000000000000000000000000000000000D0
S3150800A28000000000000000000000000000000000C0
S3150800A2900000000000000000000000000000BFF7FA
S3150800A2A09EF79EF79EF79EF79EF79EF79EF79EF7F8
S3150800A2B09EF79EF79EF79EF79EF79EF79EF79EF7E8
S3150800A2C09EF79EF79EF79EF79EF79EF79EF79EF7D8
S3150800A2D09EF79EF79EF79EF79EF79EF79EF79EF7C8
S3150800A2E09EF79EF79EF79EF79EF79EF79EF79EF7B8
S3150800A2F09EF79EF79EF79EF79EF79EF79EF79EF7A8
S3150800A3009EF79EF79EF79EF79EF79EF79EF79EF797
S3150800A3109EF79EF79EF79EF79EF79EF79EF79EF787
S3150800A3209EF79EF79EF79EF79EF79EF79EF79EF777
S3150800A3309EF79EF79EF79EF79EF79EF79EF79EF767
S3150800A3409EF79EF79EF79EF79EF79EF79EF79EF757
S3150800A3509EF79EF79EF79EF79EF79EF79EF79EF747
S3150800A3609EF79EF79EF79EF79EF79EF79EF79EF737
S3150800A3709EF79EF79EF79EF79EF79EF79EF79EF727
S3150800A3809EF79EF79EF79EF79EF79EF79EF79EF717
S3150800A3909EF79EF79EF79EF79EF79EF79EF79EF707
S3150800A3A09EF79EF79EF79EF79EF79EF79EF79EF7F7
S3150800A3B09EF79EF79EF79EF79EF79EF79EF79EF7E7
S3150800A3C09EF79EF79EF79EF79EF79EF79EF79EF7D7
S3150800A3D09EF79EF79EF79EF79EF79EF79EF79EF7C7
S3150800A3E09EF79EF79EF79EF7BEF7FFFF0000000058
S3150800A3F0000000000000000000000000000000004F
S3150800A400000000000000000000000000000000003E
S3150800A410000000000000000000000000000000002E
S3150800A420000000000000000000000000000000001E
S3150800A430000000000000000000000000000000000E
S3150800A44000000000000000000000000000000000FE
S3150800A45000000000000000000000000000000000EE
S3150800A46000000000000000000000000000000000DE
S3150800A470000000000000000000000000DFF79EF763
S3150800A4809EF79EF79EF79EF79EF79EF79EF79EF716
S3150800A4909EF79EF79EF79EF79EF79EF79EF79EF706
S3150800A4A09EF79EF79EF79EF79EF79EF79EF79EF7F6
S3150800A4B09EF79EF79EF79EF79EF79EF79EF79EF7E6
S3150800A4C09EF79EF79EF79EF79EF79EF79EF79EF7D6
S3150800A4D09EF79EF79EF79EF79EF79EF79EF79EF7C6
S3150800A4E09EF79EF79EF79EF79EF79EF79EF79EF7B6
S3150800A4F09EF79EF79EF79EF79EF79EF79EF79EF7A6
S3150800A5009EF79EF79EF79EF79EF79EF79EF79EF795
S3150800A5109EF79EF79EF79EF79EF79EF79EF79EF785
S3150800A5209EF79EF79EF79EF79EF79EF79EF79EF775
S3150800A5309EF79EF79EF79EF79EF79EF79EF79EF765
S3150800A5409EF79EF79EF79EF79EF79EF79EF79EF755
S3150800A5509EF79EF79EF79EF79EF79EF79EF79EF745
S3150800A5609EF79EF79EF79EF79EF79EF79EF79EF735
S3150800A5709EF79EF79EF79EF79EF79EF79EF79EF725
S3150800A5809EF79EF79EF79EF79EF79EF79EF79EF715
S3150800A5909EF79EF79EF79EF79EF79EF79EF79EF705
S3150800A5A09EF79EF79EF79EF79EF79EF79EF79EF7F5
S3150800A5B09EF79EF79EF79EF79EF79EF79EF79EF7E5
S3150800A5C09EF79EF79EF79EF79EF79EF7FFFF000001
S3150800A5D0000000000000000000000000000000006D
S3150800A5E0000000000000000000000000000000005D
S3150800A5F0000000000000000000000000000000004D
S3150800A600000000000000000000000000000000003C
S3150800A610000000000000000000000000000000002C
S3150800A620000000000000000000000000000000001C
S3150800A630000000000000000000000000000000000C
S3150800A64000000000000000000000000000000000FC
S3150800A65000000000000000000000BEF7BEF79EF7ED
S3150800A6609EF79EF79EF79EF79EF79EF79EF79EF734
S3150800A6709EF79EF79EF79EF79EF79EF79EF79EF724
S3150800A6809EF79EF79EF79EF79EF79EF79EF79EF714
S3150800A6909EF79EF79EF79EF79EF79EF79EF79EF704
S3150800A6A09EF79EF79EF79EF79EF79EF79EF79EF7F4
S3150800A6B09EF79EF79EF79EF79EF79EF79EF79EF7E4
S3150800A6C09EF79EF79EF79EF79EF79EF79EF79EF7D4
S3150800A6D09EF79EF79EF79EF79EF79EF79EF79EF7C4
S3150800A6E09EF79EF79EF79EF79EF79EF79EF79EF7B4
S3150800A6F09EF79EF79EF79EF79EF79EF79EF79EF7A4
S3150800A7009EF79EF79EF79EF79EF79EF79EF79EF793
S3150800A7109EF79EF79EF79EF79EF79EF79EF79EF783
S3150800A7209EF79EF79EF79EF79EF79EF79EF79EF773
S3150800A7309EF79EF79EF79EF79EF79EF79EF79EF763
S3150800A7409EF79EF79EF79EF79EF79EF79EF79EF753
S3150800A7509EF79EF79EF79EF79EF79EF79EF79EF743
S3150800A7609EF79EF79EF79EF79EF79EF79EF79EF733
S3150800A7709EF79EF79EF79EF79EF79EF79EF79EF723
S3150800A7809EF79EF79EF79EF79EF79EF79EF79EF713
S3150800A7909EF79EF79EF79EF79EF79EF79EF79EF703
S3150800A7A09EF79EF79EF79EF79EF79EF7BEF7000068
S3150800A7B0000000000000000000000000000000008B
S3150800A7C0000000000000000000000000000000007B
S3150800A7D0000000000000000000000000000000006B
S3150800A7E0000000000000000000000000000000005B
S3150800A7F0000000000000000000000000000000004B
S3150800A800000000000000000000000000000000003A
S3150800A810000000000000000000000000000000002A
S3150800A820000000000000000000000000000000001A
S3150800A83000000000000000009FF79EF79EF79EF7B5
S3150800A8409EF79EF79EF79EF79EF79EF79EF79EF752
S3150800A8509EF79EF79EF79EF79EF79EF79EF79EF742
S3150800A8609EF79EF79EF79EF79EF79EF79EF79EF732
S3150800A8709EF79EF79EF79EF79EF79EF79EF79EF722
S3150800A8809EF79EF79EF79EF79EF79EF79EF79EF712
S3150800A8909EF79EF79EF79EF79EF79EF79EF79EF702
S3150800A8A09EF79EF79EF79EF79EF79EF79EF79EF7F2
S3150800A8B09EF79EF79EF79EF79EF79EF79EF79EF7E2
S3150800A8C09EF79EF79EF79EF79EF79EF79EF79EF7D2
S3150800A8D09EF79EF79EF79EF79EF79EF79EF79EF7C2
S3150800A8E09EF79EF79EF79EF79EF79EF79EF79EF7B2
S3150800A8F09EF79EF79EF79EF79EF79EF79EF79EF7A2
S3150800A9009EF79EF79EF79EF79EF79EF79EF79EF791
S3150800A9109EF79EF79EF79EF79EF79EF79EF79EF781
S3150800A9209EF79EF79EF79EF79EF79EF79EF79EF771
S3150800A9309EF79EF79EF79EF79EF79EF79EF79EF761
S3150800A9409EF79EF79EF79EF79EF79EF79EF79EF751
S3150800A9509EF79EF79EF79EF79EF79EF79EF79EF741
S3150800A9609EF79EF79EF79EF79EF79EF79EF79EF731
S3150800A9709EF79EF79EF79EF79EF79EF79EF79EF721
S3150800A9809EF79EF79EF79EF79EF79EF79EF7BEF7F1
S3150800A99000000000000000000000000000000000A9
S3150800A9A00000000000000000000000000000000099
S3150800A9B00000000000000000000000000000000089
S3150800A9C00000000000000000000000000000000079
S3150800A9D00000000000000000000000000000000069
S3150800A9E00000000000000000000000000000000059
S3150800A9F00000000000000000000000000000000049
S3150800AA000000000000000000000000000000000038
S3150800AA10000000000000FFFF9EF79EF79EF79EF7D6
S3150800AA209EF79EF79EF79EF79EF79EF79EF79EF770
S3150800AA309EF79EF79EF79EF79EF79EF79EF79EF760
S3150800AA409EF79EF79EF79EF79EF79EF79EF79EF750
S3150800AA509EF79EF79EF79EF79EF79EF79EF79EF740
S3150800AA609EF79EF79EF79EF79EF79EF79EF79EF730
S3150800AA709EF79EF79EF79EF79EF79EF79EF79EF720
S3150800AA809EF79EF79EF79EF79EF79EF79EF79EF710
S3150800AA909EF79EF79EF79EF79EF79EF79EF79EF700
S3150800AAA09EF79EF79EF79EF79EF79EF79EF79EF7F0
S3150800AAB09EF79EF79EF79EF79EF79EF79EF79EF7E0
S3150800AAC09EF79EF79EF79EF79EF79EF79EF79EF7D0
S3150800AAD09EF79EF79EF79EF79EF79EF79EF79EF7C0
S3150800AAE09EF79EF79EF79EF79EF79EF79EF79EF7B0
S3150800AAF09EF79EF79EF79EF79EF79EF79EF79EF7A0
S3150800AB009EF79EF79EF79EF79EF79EF79EF79EF78F
S3150800AB109EF79EF79EF79EF79EF79EF79EF79EF77F
S3150800AB209EF79EF79EF79EF79EF79EF79EF79EF76F
S3150800AB309EF79EF79EF79EF79EF79EF79EF79EF75F
S3150800AB409EF79EF79EF79EF79EF79EF79EF79EF74F
S3150800AB509EF79EF79EF79EF79EF79EF79EF79EF73F
S3150800AB609EF79EF79EF79EF79EF79EF79EF79EF72F
S3150800AB70BEF7000000000000000000000000000012
S3150800AB8000000000000000000000000000000000B7
S3150800AB9000000000000000000000000000000000A7
S3150800ABA00000000000000000000000000000000097
S3150800ABB00000000000000000000000000000000087
S3150800ABC00000000000000000000000000000000077
S3150800ABD00000000000000000000000000000000067
S3150800ABE00000000000000000000000000000000057
S3150800ABF000000000FFFF9EF79EF79EF79EF79EF760
S3150800AC009EF79EF79EF79EF79EF79EF79EF79EF78E
S3150800AC109EF79EF79EF79EF79EF79EF79EF79EF77E
S3150800AC209EF79EF79EF79EF79EF79EF79EF79EF76E
S3150800AC309EF79EF79EF79EF79EF79EF79EF79EF75E
S3150800AC409EF79EF79EF79EF79EF79EF79EF79EF74E
S3150800AC509EF79EF79EF79EF79EF79EF79EF79EF73E
S3150800AC609EF79EF79EF79EF79EF79EF79EF79EF72E
S3150800AC709EF79EF79EF79EF79EF79EF79EF79EF71E
S3150800AC809EF79EF79EF79EF79EF79EF79EF79EF70E
S3150800AC909EF79EF79EF79EF79EF79EF79EF79EF7FE
S3150800ACA09EF79EF79EF79EF79EF79EF79EF79EF7EE
S3150800ACB09EF79EF79EF79EF79EF79EF79EF79EF7DE
S3150800ACC09EF79EF79EF79EF79EF79EF79EF79EF7CE
S3150800ACD09EF79EF79EF79EF79EF79EF79EF79EF7BE
S3150800ACE09EF79EF79EF79EF79EF79EF79EF79EF7AE
S3150800ACF09EF79EF79EF79EF79EF79EF79EF79EF79E
S3150800AD009EF79EF79EF79EF79EF79EF79EF79EF78D
S3150800AD109EF79EF79EF79EF79EF79EF79EF79EF77D
S3150800AD209EF79EF79EF79EF79EF79EF79EF79EF76D
S3150800AD309EF79EF79EF79EF79EF79EF79EF79EF75D
S3150800AD409EF79EF79EF79EF79EF79EF79EF79EF74D
S3150800AD509EF79FF7000000000000000000000000BA
S3150800AD6000000000000000000000000000000000D5
S3150800AD7000000000000000000000000000000000C5
S3150800AD8000000000000000000000000000000000B5
S3150800AD9000000000000000000000000000000000A5
S3150800ADA00000000000000000000000000000000095
S3150800ADB00000000000000000000000000000000085
S3150800ADC00000000000000000000000000000000075
S3150800ADD000000000BEF79EF79EF79EF79EF79EF7C7
S3150800ADE09EF79EF79EF79EF79EF79EF79EF79EF7AD
S3150800ADF09EF79EF79EF79EF79EF79EF79EF79EF79D
S3150800AE009EF79EF79EF79EF79EF79EF79EF79EF78C
S3150800AE109EF79EF79EF79EF79EF79EF79EF79EF77C
S3150800AE209EF79EF79EF79EF79EF79EF79EF79EF76C
S3150800AE309EF79EF79EF79EF79EF79EF79EF79EF75C
S3150800AE409EF79EF79EF79EF79EF79EF79EF79EF74C
S3150800AE509EF79EF79EF79EF79EF79EF79EF79EF73C
S3150800AE609EF79EF79EF79EF79EF79EF79EF79EF72C
S3150800AE709EF79EF79EF79EF79EF79EF79EF79EF71C
S3150800AE809EF79EF79EF79EF79EF79EF79EF79EF70C
S3150800AE909EF79EF79EF79EF79EF79EF79EF79EF7FC
S3150800AEA09EF79EF79EF79EF79EF79EF79EF79EF7EC
S3150800AEB09EF79EF79EF79EF79EF79EF79EF79EF7DC
S3150800AEC09EF79EF79EF79EF79EF79EF79EF79EF7CC
S3150800AED09EF79EF79EF79EF79EF79EF79EF79EF7BC
S3150800AEE09EF79EF79EF79EF79EF79EF79EF79EF7AC
S3150800AEF09EF79EF79EF79EF79EF79EF79EF79EF79C
S3150800AF009EF79EF79EF79EF79EF79EF79EF79EF78B
S3150800AF109EF79EF79EF79EF79EF79EF79EF79EF77B
S3150800AF209EF79EF79EF79EF79EF79EF79EF79EF76B
S3150800AF309EF79EF79FF70000000000000000000043
S3150800AF4000000000000000000000000000000000F3
S3150800AF5000000000000000000000000000000000E3
S3150800AF6000000000000000000000000000000000D3
S3150800AF7000000000000000000000000000000000C3
S3150800AF8000000000000000000000000000000000B3
S3150800AF9000000000000000000000000000000000A3
S3150800AFA00000000000000000000000000000000093
S3150800AFB000009EF79EF79EF79EF79EF79EF79EF770
S3150800AFC09EF79EF79EF79EF79EF79EF79EF79EF7CB
S3150800AFD09EF79EF79EF79EF79EF79EF79EF79EF7BB
S3150800AFE09EF79EF79EF79EF79EF79EF79EF79EF7AB
S3150800AFF09EF79EF79EF79EF79EF79EF79EF79EF79B
S3150800B0009EF79EF79EF79EF79EF79EF79EF79EF78A
S3150800B0109EF79EF79EF79EF79EF79EF79EF79EF77A
S3150800B0209EF79EF79EF79EF79EF79EF79EF79EF76A
S3150800B0309EF79EF79EF79EF79EF79EF79EF79EF75A
S3150800B0409EF79EF79EF79EF79EF79EF79EF79EF74A
S3150800B0509EF79EF79EF79EF79EF79EF79EF79EF73A
S3150800B0609EF79EF79EF79EF79EF79EF79EF79EF72A
S3150800B0709EF79EF79EF79EF79EF79EF79EF79EF71A
S3150800B0809EF79EF79EF79EF79EF79EF79EF79EF70A
S3150800B0909EF79EF79EF79EF79EF79EF79EF79EF7FA
S3150800B0A09EF79EF79EF79EF79EF79EF79EF79EF7EA
S3150800B0B09EF79EF79EF79EF79EF79EF79EF79EF7DA
S3150800B0C09EF79EF79EF79EF79EF79EF79EF79EF7CA
S3150800B0D09EF79EF79EF79EF79EF79EF79EF79EF7BA
S3150800B0E09EF79EF79EF79EF79EF79EF79EF79EF7AA
S3150800B0F09EF79EF79EF79EF79EF79EF79EF79EF79A
S3150800B1009EF79EF79EF79EF79EF79EF79EF79EF789
S3150800B1109EF79EF79EF7FFFF000000000000000064
S3150800B1200000000000000000000000000000000011
S3150800B1300000000000000000000000000000000001
S3150800B14000000000000000000000000000000000F1
S3150800B15000000000000000000000000000000000E1
S3150800B16000000000000000000000000000000000D1
S3150800B17000000000000000000000000000000000C1
S3150800B18000000000000000000000000000000000B1
S3150800B1909FF79EF79EF79EF79EF79EF79EF79EF7F8
S3150800B1A09EF79EF79EF79EF79EF79EF79EF79EF7E9
S3150800B1B09EF79EF79EF79EF79EF79EF79EF79EF7D9
S3150800B1C09EF79EF79EF79EF79EF79EF79EF79EF7C9
S3150800B1D09EF79EF79EF79EF79EF79EF79EF79EF7B9
S3150800B1E09EF79EF79EF79EF79EF79EF79EF79EF7A9
S3150800B1F09EF79EF79EF79EF79EF79EF79EF79EF799
S3150800B2009EF79EF79EF79EF79EF79EF79EF79EF788
S3150800B2109EF79EF79EF79EF79EF79EF79EF79EF778
S3150800B2209EF79EF79EF79EF79EF79EF79EF79EF768
S3150800B2309EF79EF79EF79EF79EF79EF79EF79EF758
S3150800B2409EF79EF79EF79EF79EF79EF79EF79EF748
S3150800B2509EF79EF79EF79EF79EF79EF79EF79EF738
S3150800B2609EF79EF79EF79EF79EF79EF79EF79EF728
S3150800B2709EF79EF79EF79EF79EF79EF79EF79EF718
S3150800B2809EF79EF79EF79EF79EF79EF79EF79EF708
S3150800B2909EF79EF79EF79EF79EF79EF79EF79EF7F8
S3150800B2A09EF79EF79EF79EF79EF79EF79EF79EF7E8
S3150800B2B09EF79EF79EF79EF79EF79EF79EF79EF7D8
S3150800B2C09EF79EF79EF79EF79EF79EF79EF79EF7C8
S3150800B2D09EF79EF79EF79EF79EF79EF79EF79EF7B8
S3150800B2E09EF79EF79EF79EF79EF79EF79EF79EF7A8
S3150800B2F09EF79EF79EF79EF7FFFF000000000000EE
S3150800B300000000000000000000000000000000002F
S3150800B310000000000000000000000000000000001F
S3150800B320000000000000000000000000000000000F
S3150800B33000000000000000000000000000000000FF
S3150800B34000000000000000000000000000000000EF
S3150800B35000000000000000000000000000000000DF
S3150800B3600000000000000000000000000000FFFFD1
S3150800B370BEF79EF79EF79EF79EF79EF79EF79EF7F7
S3150800B3809EF79EF79EF79EF79EF79EF79EF79EF707
S3150800B3909EF79EF79EF79EF79EF79EF79EF79EF7F7
S3150800B3A09EF79EF79EF79EF79EF79EF79EF79EF7E7
S3150800B3B09EF79EF79EF79EF79EF79EF79EF79EF7D7
S3150800B3C09EF79EF79EF79EF79EF79EF79EF79EF7C7
S3150800B3D09EF79EF79EF79EF79EF79EF79EF79EF7B7
S3150800B3E09EF79EF79EF79EF79EF79EF79EF79EF7A7
S3150800B3F09EF79EF79EF79EF79EF79EF79EF79EF797
S3150800B4009EF79EF79EF79EF79EF79EF79EF79EF786
S3150800B4109EF79EF79EF79EF79EF79EF79EF79EF776
S3150800B4209EF79EF79EF79EF79EF79EF79EF79EF766
S3150800B4309EF79EF79EF79EF79EF79EF79EF79EF756
S3150800B4409EF79EF79EF79EF79EF79EF79EF79EF746
S3150800B4509EF79EF79EF79EF79EF79EF79EF79EF736
S3150800B4609EF79EF79EF79EF79EF79EF79EF79EF726
S3150800B4709EF79EF79EF79EF79EF79EF79EF79EF716
S3150800B4809EF79EF79EF79EF79EF79EF79EF79EF706
S3150800B4909EF79EF79EF79EF79EF79EF79EF79EF7F6
S3150800B4A09EF79EF79EF79EF79EF79EF79EF79EF7E6
S3150800B4B09EF79EF79EF79EF79EF79EF79EF79EF7D6
S3150800B4C09EF79EF79EF79EF79EF79EF79EF79EF7C6
S3150800B4D09EF79EF79EF7BEF7BFF700000000000034
S3150800B4E0000000000000000000000000000000004E
S3150800B4F0000000000000000000000000000000003E
S3150800B500000000000000000000000000000000002D
S3150800B510000000000000000000000000000000001D
S3150800B520000000000000000000000000000000000D
S3150800B53000000000000000000000000000000000FD
S3150800B540000000000000000000000000FFFFBEF73A
S3150800B5509EF79EF79EF79EF79EF79EF79EF79EF735
S3150800B5609EF79EF79EF79EF79EF79EF79EF79EF725
S3150800B5709EF79EF79EF79EF79EF79EF79EF79EF715
S3150800B5809EF79EF79EF79EF79EF79EF79EF79EF705
S3150800B5909EF79EF79EF79EF79EF79EF79EF79EF7F5
S3150800B5A09EF79EF79EF79EF79EF79EF79EF79EF7E5
S3150800B5B09EF79EF79EF79EF79EF79EF79EF79EF7D5
S3150800B5C09EF79EF79EF79EF79EF79EF79EF79EF7C5
S3150800B5D09EF79EF79EF79EF79EF79EF79EF79EF7B5
S3150800B5E09EF79EF79EF79EF79EF79EF79EF79EF7A5
S3150800B5F09EF79EF79EF79EF79EF79EF79EF79EF795
S3150800B6009EF79EF79EF79EF79EF79EF79EF79EF784
S3150800B6109EF79EF79EF79EF79EF79EF79EF79EF774
S3150800B6209EF79EF79EF79EF79EF79EF79EF79EF764
S3150800B6309EF79EF79EF79EF79EF79EF79EF79EF754
S3150800B6409EF79EF79EF79EF79EF79EF79EF79EF744
S3150800B6509EF79EF79EF79EF79EF79EF79EF79EF734
S3150800B6609EF79EF79EF79EF79EF79EF79EF79EF724
S3150800B6709EF79EF79EF79EF79EF79EF79EF79EF714
S3150800B6809EF79EF79EF79EF79EF79EF79EF79EF704
S3150800B6909EF79EF79EF79EF79EF79EF79EF79EF7F4
S3150800B6A09EF79EF79EF79EF79EF79EF79EF79EF7E4
S3150800B6B09EF79EF79EF79EF79EF7DFF700000000BD
S3150800B6C0000000000000000000000000000000006C
S3150800B6D0000000000000000000000000000000005C
S3150800B6E0000000000000000000000000000000004C
S3150800B6F0000000000000000000000000000000003C
S3150800B700000000000000000000000000000000002B
S3150800B710000000000000000000000000000000001B
S3150800B720000000000000000000000000BEF79EF7C1
S3150800B7309EF79EF79EF79EF79EF79EF79EF79EF753
S3150800B7409EF79EF79EF79EF79EF79EF79EF79EF743
S3150800B7509EF79EF79EF79EF79EF79EF79EF79EF733
S3150800B7609EF79EF79EF79EF79EF79EF79EF79EF723
S3150800B7709EF79EF79EF79EF79EF79EF79EF79EF713
S3150800B7809EF79EF79EF79EF79EF79EF79EF79EF703
S3150800B7909EF79EF79EF79EF79EF79EF79EF79EF7F3
S3150800B7A09EF79EF79EF79EF79EF79EF79EF79EF7E3
S3150800B7B09EF79EF79EF79EF79EF79EF79EF79EF7D3
S3150800B7C09EF79EF79EF79EF79EF79EF79EF79EF7C3
S3150800B7D09EF79EF79EF79EF79EF79EF79EF79EF7B3
S3150800B7E09EF79EF79EF79EF79EF79EF79EF79EF7A3
S3150800B7F09EF79EF79EF79EF79EF79EF79EF79EF793
S3150800B8009EF79EF79EF79EF79EF79EF79EF79EF782
S3150800B8109EF79EF79EF79EF79EF79EF79EF79EF772
S3150800B8209EF79EF79EF79EF79EF79EF79EF79EF762
S3150800B8309EF79EF79EF79EF79EF79EF79EF79EF752
S3150800B8409EF79EF79EF79EF79EF79EF79EF79EF742
S3150800B8509EF79EF79EF79EF79EF79EF79EF79EF732
S3150800B8609EF79EF79EF79EF79EF79EF79EF79EF722
S3150800B8709EF79EF79EF79EF79EF79EF79EF79EF712
S3150800B8809EF79EF79EF79EF79EF79EF79EF79EF702
S3150800B8909EF79EF79EF79EF79EF7BEF7FFFF0000FE
S3150800B8A0000000000000000000000000000000008A
S3150800B8B0000000000000000000000000000000007A
S3150800B8C0000000000000000000000000000000006A
S3150800B8D0000000000000000000000000000000005A
S3150800B8E0000000000000000000000000000000004A
S3150800B8F0000000000000000000000000000000003A
S3150800B90000000000000000000000BEF79EF79EF74A
S3150800B9109EF79EF79EF79EF79EF79EF79EF79EF771
S3150800B9209EF79EF79EF79EF79EF79EF79EF79EF761
S3150800B9309EF79EF79EF79EF79EF79EF79EF79EF751
S3150800B9409EF79EF79EF79EF79EF79EF79EF79EF741
S3150800B9509EF79EF79EF79EF79EF79EF79EF79EF731
S3150800B9609EF79EF79EF79EF79EF79EF79EF79EF721
S3150800B9709EF79EF79EF79EF79EF79EF79EF79EF711
S3150800B9809EF79EF79EF79EF79EF79EF79EF79EF701
S3150800B9909EF79EF79EF79EF79EF79EF79EF79EF7F1
S3150800B9A09EF79EF79EF79EF79EF79EF79EF79EF7E1
S3150800B9B09EF79EF79EF79EF79EF79EF79EF79EF7D1
S3150800B9C09EF79EF79EF79EF79EF79EF79EF79EF7C1
S3150800B9D09EF79EF79EF79EF79EF79EF79EF79EF7B1
S3150800B9E09EF79EF79EF79EF79EF79EF79EF79EF7A1
S3150800B9F09EF79EF79EF79EF79EF79EF79EF79EF791
S3150800BA009EF79EF79EF79EF79EF79EF79EF79EF780
S3150800BA109EF79EF79EF79EF79EF79EF79EF79EF770
S3150800BA209EF79EF79EF79EF79EF79EF79EF79EF760
S3150800BA309EF79EF79EF79EF79EF79EF79EF79EF750
S3150800BA409EF79EF79EF79EF79EF79EF79EF79EF740
S3150800BA509EF79EF79EF79EF79EF79EF79EF79EF730
S3150800BA609EF79EF79EF79EF79EF79EF79EF79EF720
S3150800BA709EF79EF79EF79EF79EF79EF79EF70000A5
S3150800BA8000000000000000000000000000000000A8
S3150800BA900000000000000000000000000000000098
S3150800BAA00000000000000000000000000000000088
S3150800BAB00000000000000000000000000000000078
S3150800BAC00000000000000000000000000000000068
S3150800BAD00000000000000000000000000000000058
S3150800BAE00000000000000000FFFF9EF79EF79EF78B
S3150800BAF09EF79EF79EF79EF79EF79EF79EF79EF790
S3150800BB009EF79EF79EF79EF79EF79EF79EF79EF77F
S3150800BB109EF79EF79EF79EF79EF79EF79EF79EF76F
S3150800BB209EF79EF79EF79EF79EF79EF79EF79EF75F
S3150800BB309EF79EF79EF79EF79EF79EF79EF79EF74F
S3150800BB409EF79EF79EF79EF79EF79EF79EF79EF73F
S3150800BB509EF79EF79EF79EF79EF79EF79EF79EF72F
S3150800BB609EF79EF79EF79EF79EF79EF79EF79EF71F
S3150800BB709EF79EF79EF79EF79EF79EF79EF79EF70F
S3150800BB809EF79EF79EF79EF79EF79EF79EF79EF7FF
S3150800BB909EF79EF79EF79EF79EF79EF79EF79EF7EF
S3150800BBA09EF79EF79EF79EF79EF79EF79EF79EF7DF
S3150800BBB09EF79EF79EF79EF79EF79EF79EF79EF7CF
S3150800BBC09EF79EF79EF79EF79EF79EF79EF79EF7BF
S3150800BBD09EF79EF79EF79EF79EF79EF79EF79EF7AF
S3150800BBE09EF79EF79EF79EF79EF79EF79EF79EF79F
S3150800BBF09EF79EF79EF79EF79EF79EF79EF79EF78F
S3150800BC009EF79EF79EF79EF79EF79EF79EF79EF77E
S3150800BC109EF79EF79EF79EF79EF79EF79EF79EF76E
S3150800BC209EF79EF79EF79EF79EF79EF79EF79EF75E
S3150800BC309EF79EF79EF79EF79EF79EF79EF79EF74E
S3150800BC409EF79EF79EF79EF79EF79EF79EF79EF73E
S3150800BC509EF79EF79EF79EF79EF79EF79EF7BEF70E
S3150800BC6000000000000000000000000000000000C6
S3150800BC7000000000000000000000000000000000B6
S3150800BC8000000000000000000000000000000000A6
S3150800BC900000000000000000000000000000000096
S3150800BCA00000000000000000000000000000000086
S3150800BCB00000000000000000000000000000000076
S3150800BCC00000000000000000BEF79EF79EF79EF7F2
S3150800BCD09EF79EF79EF79EF79EF79EF79EF79EF7AE
S3150800BCE09EF79EF79EF79EF79EF79EF79EF79EF79E
S3150800BCF09EF79EF79EF79EF79EF79EF79EF79EF78E
S3150800BD009EF79EF79EF79EF79EF79EF79EF79EF77D
S3150800BD109EF79EF79EF79EF79EF79EF79EF79EF76D
S3150800BD209EF79EF79EF79EF79EF79EF79EF79EF75D
S3150800BD309EF79EF79EF79EF79EF79EF79EF79EF74D
S3150800BD409EF79EF79EF79EF79EF79EF79EF79EF73D
S3150800BD509EF79EF79EF79EF79EF79EF79EF79EF72D
S3150800BD609EF79EF79EF79EF79EF79EF79EF79EF71D
S3150800BD709EF79EF79EF79EF79EF79EF79EF79EF70D
S3150800BD809EF79EF79EF79EF79EF79EF79EF79EF7FD
S3150800BD909EF79EF79EF79EF79EF79EF79EF79EF7ED
S3150800BDA09EF79EF79EF79EF79EF79EF79EF79EF7DD
S3150800BDB09EF79EF79EF79EF79EF79EF79EF79EF7CD
S3150800BDC09EF79EF79EF79EF79EF79EF79EF79EF7BD
S3150800BDD09EF79EF79EF79EF79EF79EF79EF79EF7AD
S3150800BDE09EF79EF79EF79EF79EF79EF79EF79EF79D
S3150800BDF09EF79EF79EF79EF79EF79EF79EF79EF78D
S3150800BE009EF79EF79EF79EF79EF79EF79EF79EF77C
S3150800BE109EF79EF79EF79EF79EF79EF79EF79EF76C
S3150800BE209EF79EF79EF79EF79EF79EF79EF79EF75C
S3150800BE309EF79EF79EF79EF79EF79EF79EF79EF74C
S3150800BE40FFF70000000000000000000000000000EE
S3150800BE5000000000000000000000000000000000D4
S3150800BE6000000000000000000000000000000000C4
S3150800BE7000000000000000000000000000000000B4
S3150800BE8000000000000000000000000000000000A4
S3150800BE900000000000000000000000000000000094
S3150800BEA0000000000000DFF7BEF79EF79EF79EF73A
S3150800BEB09EF79EF79EF79EF79EF79EF79EF79EF7CC
S3150800BEC09EF79EF79EF79EF79EF79EF79EF79EF7BC
S3150800BED09EF79EF79EF79EF79EF79EF79EF79EF7AC
S3150800BEE09EF79EF79EF79EF79EF79EF79EF79EF79C
S3150800BEF09EF79EF79EF79EF79EF79EF79EF79EF78C
S3150800BF009EF79EF79EF79EF79EF79EF79EF79EF77B
S3150800BF109EF79EF79EF79EF79EF79EF79EF79EF76B
S3150800BF209EF79EF79EF79EF79EF79EF79EF79EF75B
S3150800BF309EF79EF79EF79EF79EF79EF79EF79EF74B
S3150800BF409EF79EF79EF79EF79EF79EF79EF79EF73B
S3150800BF509EF79EF79EF79EF79EF79EF79EF79EF72B
S3150800BF609EF79EF79EF79EF79EF79EF79EF79EF71B
S3150800BF709EF79EF79EF79EF79EF79EF79EF79EF70B
S3150800BF809EF79EF79EF79EF79EF79EF79EF79EF7FB
S3150800BF909EF79EF79EF79EF79EF79EF79EF79EF7EB
S3150800BFA09EF79EF79EF79EF79EF79EF79EF79EF7DB
S3150800BFB09EF79EF79EF79EF79EF79EF79EF79EF7CB
S3150800BFC09EF79EF79EF79EF79EF79EF79EF79EF7BB
S3150800BFD09EF79EF79EF79EF79EF79EF79EF79EF7AB
S3150800BFE09EF79EF79EF79EF79EF79EF79EF79EF79B
S3150800BFF09EF79EF79EF79EF79EF79EF79EF79EF78B
S3150800C0009EF79EF79EF79EF79EF79EF79EF79EF77A
S3150800C0109EF79EF79EF79EF79EF79EF79EF79EF76A
S3150800C020BEF7FFFF0000000000000000000000004F
S3150800C03000000000000000000000000000000000F2
S3150800C04000000000000000000000000000000000E2
S3150800C05000000000000000000000000000000000D2
S3150800C06000000000000000000000000000000000C2
S3150800C07000000000000000000000000000000000B2
S3150800C08000000000FFFF9EF79EF79EF79EF79EF7BB
S3150800C0909EF79EF79EF79EF79EF79EF79EF79EF7EA
S3150800C0A09EF79EF79EF79EF79EF79EF79EF79EF7DA
S3150800C0B09EF79EF79EF79EF79EF79EF79EF79EF7CA
S3150800C0C09EF79EF79EF79EF79EF79EF79EF79EF7BA
S3150800C0D09EF79EF79EF79EF79EF79EF79EF79EF7AA
S3150800C0E09EF79EF79EF79EF79EF79EF79EF79EF79A
S3150800C0F09EF79EF79EF79EF79EF79EF79EF79EF78A
S3150800C1009EF79EF79EF79EF79EF79EF79EF79EF779
S3150800C1109EF79EF79EF79EF79EF79EF79EF79EF769
S3150800C1209EF79EF79EF79EF79EF79EF79EF79EF759
S3150800C1309EF79EF79EF79EF79EF79EF79EF79EF749
S3150800C1409EF79EF79EF79EF79EF79EF79EF79EF739
S3150800C1509EF79EF79EF79EF79EF79EF79EF79EF729
S3150800C1609EF79EF79EF79EF79EF79EF79EF79EF719
S3150800C1709EF79EF79EF79EF79EF79EF79EF79EF709
S3150800C1809EF79EF79EF79EF79EF79EF79EF79EF7F9
S3150800C1909EF79EF79EF79EF79EF79EF79EF79EF7E9
S3150800C1A09EF79EF79EF79EF79EF79EF79EF79EF7D9
S3150800C1B09EF79EF79EF79EF79EF79EF79EF79EF7C9
S3150800C1C09EF79EF79EF79EF79EF79EF79EF79EF7B9
S3150800C1D09EF79EF79EF79EF79EF79EF79EF79EF7A9
S3150800C1E09EF79EF79EF79EF79EF79EF79EF79EF799
S3150800C1F09EF79EF79EF79EF79EF79EF79EF79EF789
S3150800C2009EF7BEF7000000000000000000000000D6
S3150800C2100000000000000000000000000000000010
S3150800C2200000000000000000000000000000000000
S3150800C23000000000000000000000000000000000F0
S3150800C24000000000000000000000000000000000E0
S3150800C25000000000000000000000000000000000D0
S3150800C26000000000BEF79EF79EF79EF79EF79EF722
S3150800C2709EF79EF79EF79EF79EF79EF79EF79EF708
S3150800C2809EF79EF79EF79EF79EF79EF79EF79EF7F8
S3150800C2909EF79EF79EF79EF79EF79EF79EF79EF7E8
S3150800C2A09EF79EF79EF79EF79EF79EF79EF79EF7D8
S3150800C2B09EF79EF79EF79EF79EF79EF79EF79EF7C8
S3150800C2C09EF79EF79EF79EF79EF79EF79EF79EF7B8
S3150800C2D09EF79EF79EF79EF79EF79EF79EF79EF7A8
S3150800C2E09EF79EF79EF79EF79EF79EF79EF79EF798
S3150800C2F09EF79EF79EF79EF79EF79EF79EF79EF788
S3150800C3009EF79EF79EF79EF79EF79EF79EF79EF777
S3150800C3109EF79EF79EF79EF79EF79EF79EF79EF767
S3150800C3209EF79EF79EF79EF79EF79EF79EF79EF757
S3150800C3309EF79EF79EF79EF79EF79EF79EF79EF747
S3150800C3409EF79EF79EF79EF79EF79EF79EF79EF737
S3150800C3509EF79EF79EF79EF79EF79EF79EF79EF727
S3150800C3609EF79EF79EF79EF79EF79EF79EF79EF717
S3150800C3709EF79EF79EF79EF79EF79EF79EF79EF707
S3150800C3809EF79EF79EF79EF79EF79EF79EF79EF7F7
S3150800C3909EF79EF79EF79EF79EF79EF79EF79EF7E7
S3150800C3A09EF79EF79EF79EF79EF79EF79EF79EF7D7
S3150800C3B09EF79EF79EF79EF79EF79EF79EF79EF7C7
S3150800C3C09EF79EF79EF79EF79EF79EF79EF79EF7B7
S3150800C3D09EF79EF79EF79EF79EF79EF79EF79EF7A7
S3150800C3E09EF79EF7FFFF0000000000000000000017
S3150800C3F0000000000000000000000000000000002F
S3150800C400000000000000000000000000000000001E
S3150800C410000000000000000000000000000000000E
S3150800C42000000000000000000000000000000000FE
S3150800C43000000000000000000000000000000000EE
S3150800C4400000BEF79EF79EF79EF79EF79EF79EF7AB
S3150800C4509EF79EF79EF79EF79EF79EF79EF79EF726
S3150800C4609EF79EF79EF79EF79EF79EF79EF79EF716
S3150800C4709EF79EF79EF79EF79EF79EF79EF79EF706
S3150800C4809EF79EF79EF79EF79EF79EF79EF79EF7F6
S3150800C4909EF79EF79EF79EF79EF79EF79EF79EF7E6
S3150800C4A09EF79EF79EF79EF79EF79EF79EF79EF7D6
S3150800C4B09EF79EF79EF79EF79EF79EF79EF79EF7C6
S3150800C4C09EF79EF79EF79EF79EF79EF79EF79EF7B6
S3150800C4D09EF79EF79EF79EF79EF79EF79EF79EF7A6
S3150800C4E09EF79EF79EF79EF79EF79EF79EF79EF796
S3150800C4F09EF79EF79EF79EF79EF79EF79EF79EF786
S3150800C5009EF79EF79EF79EF79EF79EF79EF79EF775
S3150800C5109EF79EF79EF79EF79EF79EF79EF79EF765
S3150800C5209EF79EF79EF79EF79EF79EF79EF79EF755
S3150800C5309EF79EF79EF79EF79EF79EF79EF79EF745
S3150800C5409EF79EF79EF79EF79EF79EF79EF79EF735
S3150800C5509EF79EF79EF79EF79EF79EF79EF79EF725
S3150800C5609EF79EF79EF79EF79EF79EF79EF79EF715
S3150800C5709EF79EF79EF79EF79EF79EF79EF79EF705
S3150800C5809EF79EF79EF79EF79EF79EF79EF79EF7F5
S3150800C5909EF79EF79EF79EF79EF79EF79EF79EF7E5
S3150800C5A09EF79EF79EF79EF79EF79EF79EF79EF7D5
S3150800C5B09EF79EF79EF79EF79EF79EF79EF79EF7C5
S3150800C5C09EF79EF7BEF7000000000000000000007E
S3150800C5D0000000000000000000000000000000004D
S3150800C5E0000000000000000000000000000000003D
S3150800C5F0000000000000000000000000000000002D
S3150800C600000000000000000000000000000000001C
S3150800C610000000000000000000000000000000000C
S3150800C620FFFFBEF79EF79EF79EF79EF79EF79EF7CB
S3150800C6309EF79EF79EF79EF79EF79EF79EF79EF744
S3150800C6409EF79EF79EF79EF79EF79EF79EF79EF734
S3150800C6509EF79EF79EF79EF79EF79EF79EF79EF724
S3150800C6609EF79EF79EF79EF79EF79EF79EF79EF714
S3150800C6709EF79EF79EF79EF79EF79EF79EF79EF704
S3150800C6809EF79EF79EF79EF79EF79EF79EF79EF7F4
S3150800C6909EF79EF79EF79EF79EF79EF79EF79EF7E4
S3150800C6A09EF79EF79EF79EF79EF79EF79EF79EF7D4
S3150800C6B09EF79EF79EF79EF79EF79EF79EF79EF7C4
S3150800C6C09EF79EF79EF79EF79EF79EF79EF79EF7B4
S3150800C6D09EF79EF79EF79EF79EF79EF79EF79EF7A4
S3150800C6E09EF79EF79EF79EF79EF79EF79EF79EF794
S3150800C6F09EF79EF79EF79EF79EF79EF79EF79EF784
S3150800C7009EF79EF79EF79EF79EF79EF79EF79EF773
S3150800C7109EF79EF79EF79EF79EF79EF79EF79EF763
S3150800C7209EF79EF79EF79EF79EF79EF79EF79EF753
S3150800C7309EF79EF79EF79EF79EF79EF79EF79EF743
S3150800C7409EF79EF79EF79EF79EF79EF79EF79EF733
S3150800C7509EF79EF79EF79EF79EF79EF79EF79EF723
S3150800C7609EF79EF79EF79EF79EF79EF79EF79EF713
S3150800C7709EF79EF79EF79EF79EF79EF79EF79EF703
S3150800C7809EF79EF79EF79EF79EF79EF79EF79EF7F3
S3150800C7909EF79EF79EF79EF79EF79EF79EF79EF7E3
S3150800C7A09EF79EF7BEF7BEF70000000000000000E7
S3150800C7B0000000000000000000000000000000006B
S3150800C7C0000000000000000000000000000000005B
S3150800C7D0000000000000000000000000000000004B
S3150800C7E0000000000000000000000000000000003B
S3150800C7F0000000000000000000000000000000002B
S3150800C800BEF79EF79EF79EF79EF79EF79EF79EF752
S3150800C8109EF79EF79EF79EF79EF79EF79EF79EF762
S3150800C8209EF79EF79EF79EF79EF79EF79EF79EF752
S3150800C8309EF79EF79EF79EF79EF79EF79EF79EF742
S3150800C8409EF79EF79EF79EF79EF79EF79EF79EF732
S3150800C8509EF79EF79EF79EF79EF79EF79EF79EF722
S3150800C8609EF79EF79EF79EF79EF79EF79EF79EF712
S3150800C8709EF79EF79EF79EF79EF79EF79EF79EF702
S3150800C8809EF79EF79EF79EF79EF79EF79EF79EF7F2
S3150800C8909EF79EF79EF79EF79EF79EF79EF79EF7E2
S3150800C8A09EF79EF79EF79EF79EF79EF79EF79EF7D2
S3150800C8B09EF79EF79EF79EF79EF79EF79EF79EF7C2
S3150800C8C09EF79EF79EF79EF79EF79EF79EF79EF7B2
S3150800C8D09EF79EF79EF79EF79EF79EF79EF79EF7A2
S3150800C8E09EF79EF79EF79EF79EF79EF79EF79EF792
S3150800C8F09EF79EF79EF79EF79EF79EF79EF79EF782
S3150800C9009EF79EF79EF79EF79EF79EF79EF79EF771
S3150800C9109EF79EF79EF79EF79EF79EF79EF79EF761
S3150800C9209EF79EF79EF79EF79EF79EF79EF79EF751
S3150800C9309EF79EF79EF79EF79EF79EF79EF79EF741
S3150800C9409EF79EF79EF79EF79EF79EF79EF79EF731
S3150800C9509EF79EF79EF79EF79EF79EF79EF79EF721
S3150800C9609EF79EF79EF79EF79EF79EF79EF79EF711
S3150800C9709EF79EF79EF79EF79EF79EF79EF79EF701
S3150800C9809EF79EF79EF79EF7FFFF00000000000047
S3150800C9900000000000000000000000000000000089
S3150800C9A00000000000000000000000000000000079
S3150800C9B00000000000000000000000000000000069
S3150800C9C00000000000000000000000000000000059
S3150800C9D00000000000000000000000000000FFFF4B
S3150800C9E09EF79EF79EF79EF79EF79EF79EF79EF791
S3150800C9F09EF79EF79EF79EF79EF79EF79EF79EF781
S3150800CA009EF79EF79EF79EF79EF79EF79EF79EF770
S3150800CA109EF79EF79EF79EF79EF79EF79EF79EF760
S3150800CA209EF79EF79EF79EF79EF79EF79EF79EF750
S3150800CA309EF79EF79EF79EF79EF79EF79EF79EF740
S3150800CA409EF79EF79EF79EF79EF79EF79EF79EF730
S3150800CA509EF79EF79EF79EF79EF79EF79EF79EF720
S3150800CA609EF79EF79EF79EF79EF79EF79EF79EF710
S3150800CA709EF79EF79EF79EF79EF79EF79EF79EF700
S3150800CA809EF79EF79EF79EF79EF79EF79EF79EF7F0
S3150800CA909EF79EF79EF79EF79EF79EF79EF79EF7E0
S3150800CAA09EF79EF79EF79EF79EF79EF79EF79EF7D0
S3150800CAB09EF79EF79EF79EF79EF79EF79EF79EF7C0
S3150800CAC09EF79EF79EF79EF79EF79EF79EF79EF7B0
S3150800CAD09EF79EF79EF79EF79EF79EF79EF79EF7A0
S3150800CAE09EF79EF79EF79EF79EF79EF79EF79EF790
S3150800CAF09EF79EF79EF79EF79EF79EF79EF79EF780
S3150800CB009EF79EF79EF79EF79EF79EF79EF79EF76F
S3150800CB109EF79EF79EF79EF79EF79EF79EF79EF75F
S3150800CB209EF79EF79EF79EF79EF79EF79EF79EF74F
S3150800CB309EF79EF79EF79EF79EF79EF79EF79EF73F
S3150800CB409EF79EF79EF79EF79EF79EF79EF79EF72F
S3150800CB509EF79EF79EF79EF79EF79EF79EF79EF71F
S3150800CB609EF79EF79EF79EF7BEF7000000000000AE
S3150800CB7000000000000000000000000000000000A7
S3150800CB800000000000000000000000000000000097
S3150800CB900000000000000000000000000000000087
S3150800CBA00000000000000000000000000000000077
S3150800CBB00000000000000000000000000000BEF7B2
S3150800CBC09EF79EF79EF79EF79EF79EF79EF79EF7AF
S3150800CBD09EF79EF79EF79EF79EF79EF79EF79EF79F
S3150800CBE09EF79EF79EF79EF79EF79EF79EF79EF78F
S3150800CBF09EF79EF79EF79EF79EF79EF79EF79EF77F
S3150800CC009EF79EF79EF79EF79EF79EF79EF79EF76E
S3150800CC109EF79EF79EF79EF79EF79EF79EF79EF75E
S3150800CC209EF79EF79EF79EF79EF79EF79EF79EF74E
S3150800CC309EF79EF79EF79EF79EF79EF79EF79EF73E
S3150800CC409EF79EF79EF79EF79EF79EF79EF79EF72E
S3150800CC509EF79EF79EF79EF79EF79EF79EF79EF71E
S3150800CC609EF79EF79EF79EF79EF79EF79EF79EF70E
S3150800CC709EF79EF79EF79EF79EF79EF79EF79EF7FE
S3150800CC809EF79EF79EF79EF79EF79EF79EF79EF7EE
S3150800CC909EF79EF79EF79EF79EF79EF79EF79EF7DE
S3150800CCA09EF79EF79EF79EF79EF79EF79EF79EF7CE
S3150800CCB09EF79EF79EF79EF79EF79EF79EF79EF7BE
S3150800CCC09EF79EF79EF79EF79EF79EF79EF79EF7AE
S3150800CCD09EF79EF79EF79EF79EF79EF79EF79EF79E
S3150800CCE09EF79EF79EF79EF79EF79EF79EF79EF78E
S3150800CCF09EF79EF79EF79EF79EF79EF79EF79EF77E
S3150800CD009EF79EF79EF79EF79EF79EF79EF79EF76D
S3150800CD109EF79EF79EF79EF79EF79EF79EF79EF75D
S3150800CD209EF79EF79EF79EF79EF79EF79EF79EF74D
S3150800CD309EF79EF79EF79EF79EF79EF79EF79EF73D
S3150800CD409EF79EF79EF79EF79EF7FFFF00000000EE
S3150800CD5000000000000000000000000000000000C5
S3150800CD6000000000000000000000000000000000B5
S3150800CD7000000000000000000000000000000000A5
S3150800CD800000000000000000000000000000000095
S3150800CD90000000000000000000000000FFFF9EF7F2
S3150800CDA09EF79EF79EF79EF79EF79EF79EF79EF7CD
S3150800CDB09EF79EF79EF79EF79EF79EF79EF79EF7BD
S3150800CDC09EF79EF79EF79EF79EF79EF79EF79EF7AD
S3150800CDD09EF79EF79EF79EF79EF79EF79EF79EF79D
S3150800CDE09EF79EF79EF79EF79EF79EF79EF79EF78D
S3150800CDF09EF79EF79EF79EF79EF79EF79EF79EF77D
S3150800CE009EF79EF79EF79EF79EF79EF79EF79EF76C
S3150800CE109EF79EF79EF79EF79EF79EF79EF79EF75C
S3150800CE209EF79EF79EF79EF79EF79EF79EF79EF74C
S3150800CE309EF79EF79EF79EF79EF79EF79EF79EF73C
S3150800CE409EF79EF79EF79EF79EF79EF79EF79EF72C
S3150800CE509EF79EF79EF79EF79EF79EF79EF79EF71C
S3150800CE609EF79EF79EF79EF79EF79EF79EF79EF70C
S3150800CE709EF79EF79EF79EF79EF79EF79EF79EF7FC
S3150800CE809EF79EF79EF79EF79EF79EF79EF79EF7EC
S3150800CE909EF79EF79EF79EF79EF79EF79EF79EF7DC
S3150800CEA09EF79EF79EF79EF79EF79EF79EF79EF7CC
S3150800CEB09EF79EF79EF79EF79EF79EF79EF79EF7BC
S3150800CEC09EF79EF79EF79EF79EF79EF79EF79EF7AC
S3150800CED09EF79EF79EF79EF79EF79EF79EF79EF79C
S3150800CEE09EF79EF79EF79EF79EF79EF79EF79EF78C
S3150800CEF09EF79EF79EF79EF79EF79EF79EF79EF77C
S3150800CF009EF79EF79EF79EF79EF79EF79EF79EF76B
S3150800CF109EF79EF79EF79EF79EF79EF79EF79EF75B
S3150800CF209EF79EF79EF79EF79EF7BEF70000000055
S3150800CF3000000000000000000000000000000000E3
S3150800CF4000000000000000000000000000000000D3
S3150800CF5000000000000000000000000000000000C3
S3150800CF6000000000000000000000000000000000B3
S3150800CF70000000000000000000000000BEF79EF759
S3150800CF809EF79EF79EF79EF79EF79EF79EF79EF7EB
S3150800CF909EF79EF79EF79EF79EF79EF79EF79EF7DB
S3150800CFA09EF79EF79EF79EF79EF79EF79EF79EF7CB
S3150800CFB09EF79EF79EF79EF79EF79EF79EF79EF7BB
S3150800CFC09EF79EF79EF79EF79EF79EF79EF79EF7AB
S3150800CFD09EF79EF79EF79EF79EF79EF79EF79EF79B
S3150800CFE09EF79EF79EF79EF79EF79EF79EF79EF78B
S3150800CFF09EF79EF79EF79EF79EF79EF79EF79EF77B
S3150800D0009EF79EF79EF79EF79EF79EF79EF79EF76A
S3150800D0109EF79EF79EF79EF79EF79EF79EF79EF75A
S3150800D0209EF79EF79EF79EF79EF79EF79EF79EF74A
S3150800D0309EF79EF79EF79EF79EF79EF79EF79EF73A
S3150800D0409EF79EF79EF79EF79EF79EF79EF79EF72A
S3150800D0509EF79EF79EF79EF79EF79EF79EF79EF71A
S3150800D0609EF79EF79EF79EF79EF79EF79EF79EF70A
S3150800D0709EF79EF79EF79EF79EF79EF79EF79EF7FA
S3150800D0809EF79EF79EF79EF79EF79EF79EF79EF7EA
S3150800D0909EF79EF79EF79EF79EF79EF79EF79EF7DA
S3150800D0A09EF79EF79EF79EF79EF79EF79EF79EF7CA
S3150800D0B09EF79EF79EF79EF79EF79EF79EF79EF7BA
S3150800D0C09EF79EF79EF79EF79EF79EF79EF79EF7AA
S3150800D0D09EF79EF79EF79EF79EF79EF79EF79EF79A
S3150800D0E09EF79EF79EF79EF79EF79EF79EF79EF78A
S3150800D0F09EF79EF79EF79EF79EF79EF79EF79EF77A
S3150800D1009EF79EF79EF79EF79EF79EF7FFFF000095
S3150800D1100000000000000000000000000000000001
S3150800D12000000000000000000000000000000000F1
S3150800D13000000000000000000000000000000000E1
S3150800D14000000000000000000000000000000000D1
S3150800D15000000000000000000000FFFF9EF79EF799
S3150800D1609EF79EF79EF79EF79EF79EF79EF79EF709
S3150800D1709EF79EF79EF79EF79EF79EF79EF79EF7F9
S3150800D1809EF79EF79EF79EF79EF79EF79EF79EF7E9
S3150800D1909EF79EF79EF79EF79EF79EF79EF79EF7D9
S3150800D1A09EF79EF79EF79EF79EF79EF79EF79EF7C9
S3150800D1B09EF79EF79EF79EF79EF79EF79EF79EF7B9
S3150800D1C09EF79EF79EF79EF79EF79EF79EF79EF7A9
S3150800D1D09EF79EF79EF79EF79EF79EF79EF79EF799
S3150800D1E09EF79EF79EF79EF79EF79EF79EF79EF789
S3150800D1F09EF79EF79EF79EF79EF79EF79EF79EF779
S3150800D2009EF79EF79EF79EF79EF79EF79EF79EF768
S3150800D2109EF79EF79EF79EF79EF79EF79EF79EF758
S3150800D2209EF79EF79EF79EF79EF79EF79EF79EF748
S3150800D2309EF79EF79EF79EF79EF79EF79EF79EF738
S3150800D2409EF79EF79EF79EF79EF79EF79EF79EF728
S3150800D2509EF79EF79EF79EF79EF79EF79EF79EF718
S3150800D2609EF79EF79EF79EF79EF79EF79EF79EF708
S3150800D2709EF79EF79EF79EF79EF79EF79EF79EF7F8
S3150800D2809EF79EF79EF79EF79EF79EF79EF79EF7E8
S3150800D2909EF79EF79EF79EF79EF79EF79EF79EF7D8
S3150800D2A09EF79EF79EF79EF79EF79EF79EF79EF7C8
S3150800D2B09EF79EF79EF79EF79EF79EF79EF79EF7B8
S3150800D2C09EF79EF79EF79EF79EF79EF79EF79EF7A8
S3150800D2D09EF79EF79EF79EF79EF79EF79EF79EF798
S3150800D2E09EF79EF79EF79EF79EF79EF7BEF70000FD
S3150800D2F00000000000000000000000000000000020
S3150800D300000000000000000000000000000000000F
S3150800D31000000000000000000000000000000000FF
S3150800D32000000000000000000000000000000000EF
S3150800D33000000000000000000000BEF79EF79EF700
S3150800D3409EF79EF79EF79EF79EF79EF79EF79EF727
S3150800D3509EF79EF79EF79EF79EF79EF79EF79EF717
S3150800D3609EF79EF79EF79EF79EF79EF79EF79EF707
S3150800D3709EF79EF79EF79EF79EF79EF79EF79EF7F7
S3150800D3809EF79EF79EF79EF79EF79EF79EF79EF7E7
S3150800D3909EF79EF79EF79EF79EF79EF79EF79EF7D7
S3150800D3A09EF79EF79EF79EF79EF79EF79EF79EF7C7
S3150800D3B09EF79EF79EF79EF79EF79EF79EF79EF7B7
S3150800D3C09EF79EF79EF79EF79EF79EF79EF79EF7A7
S3150800D3D09EF79EF79EF79EF79EF79EF79EF79EF797
S3150800D3E09EF79EF79EF79EF79EF79EF79EF79EF787
S3150800D3F09EF79EF79EF79EF79EF79EF79EF79EF777
S3150800D4009EF79EF79EF79EF79EF79EF79EF79EF766
S3150800D4109EF79EF79EF79EF79EF79EF79EF79EF756
S3150800D4209EF79EF79EF79EF79EF79EF79EF79EF746
S3150800D4309EF79EF79EF79EF79EF79EF79EF79EF736
S3150800D4409EF79EF79EF79EF79EF79EF79EF79EF726
S3150800D4509EF79EF79EF79EF79EF79EF79EF79EF716
S3150800D4609EF79EF79EF79EF79EF79EF79EF79EF706
S3150800D4709EF79EF79EF79EF79EF79EF79EF79EF7F6
S3150800D4809EF79EF79EF79EF79EF79EF79EF79EF7E6
S3150800D4909EF79EF79EF79EF79EF79EF79EF79EF7D6
S3150800D4A09EF79EF79EF79EF79EF79EF79EF79EF7C6
S3150800D4B09EF79EF79EF79EF79EF79EF79EF79EF7B6
S3150800D4C09EF79EF79EF79EF79EF79EF79EF7FFFF3D
S3150800D4D0000000000000000000000000000000003E
S3150800D4E0000000000000000000000000000000002E
S3150800D4F0000000000000000000000000000000001E
S3150800D500000000000000000000000000000000000D
S3150800D5100000000000000000FFFF9EF79EF79EF740
S3150800D5209EF79EF79EF79EF79EF79EF79EF79EF745
S3150800D5309EF79EF79EF79EF79EF79EF79EF79EF735
S3150800D5409EF79EF79EF79EF79EF79EF79EF79EF725
S3150800D5509EF79EF79EF79EF79EF79EF79EF79EF715
S3150800D5609EF79EF79EF79EF79EF79EF79EF79EF705
S3150800D5709EF79EF79EF79EF79EF79EF79EF79EF7F5
S3150800D5809EF79EF79EF79EF79EF79EF79EF79EF7E5
S3150800D5909EF79EF79EF79EF79EF79EF79EF79EF7D5
S3150800D5A09EF79EF79EF79EF79EF79EF79EF79EF7C5
S3150800D5B09EF79EF79EF79EF79EF79EF79EF79EF7B5
S3150800D5C09EF79EF79EF79EF79EF79EF79EF79EF7A5
S3150800D5D09EF79EF79EF79EF79EF79EF79EF79EF795
S3150800D5E09EF79EF79EF79EF79EF79EF79EF79EF785
S3150800D5F09EF79EF79EF79EF79EF79EF79EF79EF775
S3150800D6009EF79EF79EF79EF79EF79EF79EF79EF764
S3150800D6109EF79EF79EF79EF79EF79EF79EF79EF754
S3150800D6209EF79EF79EF79EF79EF79EF79EF79EF744
S3150800D6309EF79EF79EF79EF79EF79EF79EF79EF734
S3150800D6409EF79EF79EF79EF79EF79EF79EF79EF724
S3150800D6509EF79EF79EF79EF79EF79EF79EF79EF714
S3150800D6609EF79EF79EF79EF79EF79EF79EF79EF704
S3150800D6709EF79EF79EF79EF79EF79EF79EF79EF7F4
S3150800D6809EF79EF79EF79EF79EF79EF79EF79EF7E4
S3150800D6909EF79EF79EF79EF79EF79EF79EF79EF7D4
S3150800D6A09EF79EF79EF79EF79EF79EF79EF7BFF7A3
S3150800D6B0000000000000000000000000000000005C
S3150800D6C0000000000000000000000000000000004C
S3150800D6D0000000000000000000000000000000003C
S3150800D6E0000000000000000000000000000000002C
S3150800D6F00000000000000000BEF79EF79EF79EF7A8
S3150800D7009EF79EF79EF79EF79EF79EF79EF79EF763
S3150800D7109EF79EF79EF79EF79EF79EF79EF79EF753
S3150800D7209EF79EF79EF79EF79EF79EF79EF79EF743
S3150800D7309EF79EF79EF79EF79EF79EF79EF79EF733
S3150800D7409EF79EF79EF79EF79EF79EF79EF79EF723
S3150800D7509EF79EF79EF79EF79EF79EF79EF79EF713
S3150800D7609EF79EF79EF79EF79EF79EF79EF79EF703
S3150800D7709EF79EF79EF79EF79EF79EF79EF79EF7F3
S3150800D7809EF79EF79EF79EF79EF79EF79EF79EF7E3
S3150800D7909EF79EF79EF79EF79EF79EF79EF79EF7D3
S3150800D7A09EF79EF79EF79EF79EF79EF79EF79EF7C3
S3150800D7B09EF79EF79EF79EF79EF79EF79EF79EF7B3
S3150800D7C09EF79EF79EF79EF79EF79EF79EF79EF7A3
S3150800D7D09EF79EF79EF79EF79EF79EF79EF79EF793
S3150800D7E09EF79EF79EF79EF79EF79EF79EF79EF783
S3150800D7F09EF79EF79EF79EF79EF79EF79EF79EF773
S3150800D8009EF79EF79EF79EF79EF79EF79EF79EF762
S3150800D8109EF79EF79EF79EF79EF79EF79EF79EF752
S3150800D8209EF79EF79EF79EF79EF79EF79EF79EF742
S3150800D8309EF79EF79EF79EF79EF79EF79EF79EF732
S3150800D8409EF79EF79EF79EF79EF79EF79EF79EF722
S3150800D8509EF79EF79EF79EF79EF79EF79EF79EF712
S3150800D8609EF79EF79EF79EF79EF79EF79EF79EF702
S3150800D8709EF79EF79EF79EF79EF79EF79EF79EF7F2
S3150800D8809EF79EF79EF79EF79EF79EF79EF7BEF7C2
S3150800D890FFFF00000000000000000000000000007C
S3150800D8A0000000000000000000000000000000006A
S3150800D8B0000000000000000000000000000000005A
S3150800D8C0000000000000000000000000000000004A
S3150800D8D0000000000000FFFF9EF79EF79EF79EF7E8
S3150800D8E09EF79EF79EF79EF79EF79EF79EF79EF782
S3150800D8F09EF79EF79EF79EF79EF79EF79EF79EF772
S3150800D9009EF79EF79EF79EF79EF79EF79EF79EF761
S3150800D9109EF79EF79EF79EF79EF79EF79EF79EF751
S3150800D9209EF79EF79EF79EF79EF79EF79EF79EF741
S3150800D9309EF79EF79EF79EF79EF79EF79EF79EF731
S3150800D9409EF79EF79EF79EF79EF79EF79EF79EF721
S3150800D9509EF79EF79EF79EF79EF79EF79EF79EF711
S3150800D9609EF79EF79EF79EF79EF79EF79EF79EF701
S3150800D9709EF79EF79EF79EF79EF79EF79EF79EF7F1
S3150800D9809EF79EF79EF79EF79EF79EF79EF79EF7E1
S3150800D9909EF79EF79EF79EF79EF79EF79EF79EF7D1
S3150800D9A09EF79EF79EF79EF79EF79EF79EF79EF7C1
S3150800D9B09EF79EF79EF79EF79EF79EF79EF79EF7B1
S3150800D9C09EF79EF79EF79EF79EF79EF79EF79EF7A1
S3150800D9D09EF79EF79EF79EF79EF79EF79EF79EF791
S3150800D9E09EF79EF79EF79EF79EF79EF79EF79EF781
S3150800D9F09EF79EF79EF79EF79EF79EF79EF79EF771
S3150800DA009EF79EF79EF79EF79EF79EF79EF79EF760
S3150800DA109EF79EF79EF79EF79EF79EF79EF79EF750
S3150800DA209EF79EF79EF79EF79EF79EF79EF79EF740
S3150800DA309EF79EF79EF79EF79EF79EF79EF79EF730
S3150800DA409EF79EF79EF79EF79EF79EF79EF79EF720
S3150800DA509EF79EF79EF79EF79EF79EF79EF79EF710
S3150800DA609EF79EF79EF79EF79EF79EF79EF79EF700
S3150800DA70BEF70000000000000000000000000000E3
S3150800DA800000000000000000000000000000000088
S3150800DA900000000000000000000000000000000078
S3150800DAA00000000000000000000000000000000068
S3150800DAB0000000000000BEF79EF79EF79EF79EF74F
S3150800DAC09EF79EF79EF79EF79EF79EF79EF79EF7A0
S3150800DAD09EF79EF79EF79EF79EF79EF79EF79EF790
S3150800DAE09EF79EF79EF79EF79EF79EF79EF79EF780
S3150800DAF09EF79EF79EF79EF79EF79EF79EF79EF770
S3150800DB009EF79EF79EF79EF79EF79EF79EF79EF75F
S3150800DB109EF79EF79EF79EF79EF79EF79EF79EF74F
S3150800DB209EF79EF79EF79EF79EF79EF79EF79EF73F
S3150800DB309EF79EF79EF79EF79EF79EF79EF79EF72F
S3150800DB409EF79EF79EF79EF79EF79EF79EF79EF71F
S3150800DB509EF79EF79EF79EF79EF79EF79EF79EF70F
S3150800DB609EF79EF79EF79EF79EF79EF79EF79EF7FF
S3150800DB709EF79EF79EF79EF79EF79EF79EF79EF7EF
S3150800DB809EF79EF79EF79EF79EF79EF79EF79EF7DF
S3150800DB909EF79EF79EF79EF79EF79EF79EF79EF7CF
S3150800DBA09EF79EF79EF79EF79EF79EF79EF79EF7BF
S3150800DBB09EF79EF79EF79EF79EF79EF79EF79EF7AF
S3150800DBC09EF79EF79EF79EF79EF79EF79EF79EF79F
S3150800DBD09EF79EF79EF79EF79EF79EF79EF79EF78F
S3150800DBE09EF79EF79EF79EF79EF79EF79EF79EF77F
S3150800DBF09EF79EF79EF79EF79EF79EF79EF79EF76F
S3150800DC009EF79EF79EF79EF79EF79EF79EF79EF75E
S3150800DC109EF79EF79EF79EF79EF79EF79EF79EF74E
S3150800DC209EF79EF79EF79EF79EF79EF79EF79EF73E
S3150800DC309EF79EF79EF79EF79EF79EF79EF79EF72E
S3150800DC409EF79EF79EF79EF79EF79EF79EF79EF71E
S3150800DC50BEF7FFFF00000000000000000000000003
S3150800DC6000000000000000000000000000000000A6
S3150800DC700000000000000000000000000000000096
S3150800DC800000000000000000000000000000000086
S3150800DC9000000000FFFF9EF79EF79EF79EF79EF78F
S3150800DCA09EF79EF79EF79EF79EF79EF79EF79EF7BE
S3150800DCB09EF79EF79EF79EF79EF79EF79EF79EF7AE
S3150800DCC09EF79EF79EF79EF79EF79EF79EF79EF79E
S3150800DCD09EF79EF79EF79EF79EF79EF79EF79EF78E
S3150800DCE09EF79EF79EF79EF79EF79EF79EF79EF77E
S3150800DCF09EF79EF79EF79EF79EF79EF79EF79EF76E
S3150800DD009EF79EF79EF79EF79EF79EF79EF79EF75D
S3150800DD109EF79EF79EF79EF79EF79EF79EF79EF74D
S3150800DD209EF79EF79EF79EF79EF79EF79EF79EF73D
S3150800DD309EF79EF79EF79EF79EF79EF79EF79EF72D
S3150800DD409EF79EF79EF79EF79EF79EF79EF79EF71D
S3150800DD509EF79EF79EF79EF79EF79EF79EF79EF70D
S3150800DD609EF79EF79EF79EF79EF79EF79EF79EF7FD
S3150800DD709EF79EF79EF79EF79EF79EF79EF79EF7ED
S3150800DD809EF79EF79EF79EF79EF79EF79EF79EF7DD
S3150800DD909EF79EF79EF79EF79EF79EF79EF79EF7CD
S3150800DDA09EF79EF79EF79EF79EF79EF79EF79EF7BD
S3150800DDB09EF79EF79EF79EF79EF79EF79EF79EF7AD
S3150800DDC09EF79EF79EF79EF79EF79EF79EF79EF79D
S3150800DDD09EF79EF79EF79EF79EF79EF79EF79EF78D
S3150800DDE09EF79EF79EF79EF79EF79EF79EF79EF77D
S3150800DDF09EF79EF79EF79EF79EF79EF79EF79EF76D
S3150800DE009EF79EF79EF79EF79EF79EF79EF79EF75C
S3150800DE109EF79EF79EF79EF79EF79EF79EF79EF74C
S3150800DE209EF79EF79EF79EF79EF79EF79EF79EF73C
S3150800DE309EF79FF7000000000000000000000000A9
S3150800DE4000000000000000000000000000000000C4
S3150800DE5000000000000000000000000000000000B4
S3150800DE6000000000000000000000000000000000A4
S3150800DE7000000000BEF79EF79EF79EF79EF79EF7F6
S3150800DE809EF79EF79EF79EF79EF79EF79EF79EF7DC
S3150800DE909EF79EF79EF79EF79EF79EF79EF79EF7CC
S3150800DEA09EF79EF79EF79EF79EF79EF79EF79EF7BC
S3150800DEB09EF79EF79EF79EF79EF79EF79EF79EF7AC
S3150800DEC09EF79EF79EF79EF79EF79EF79EF79EF79C
S3150800DED09EF79EF79EF79EF79EF79EF79EF79EF78C
S3150800DEE09EF79EF79EF79EF79EF79EF79EF79EF77C
S3150800DEF09EF79EF79EF79EF79EF79EF79EF79EF76C
S3150800DF009EF79EF79EF79EF79EF79EF79EF79EF75B
S3150800DF109EF79EF79EF79EF79EF79EF79EF79EF74B
S3150800DF209EF79EF79EF79EF79EF79EF79EF79EF73B
S3150800DF309EF79EF79EF79EF79EF79EF79EF79EF72B
S3150800DF409EF79EF79EF79EF79EF79EF79EF79EF71B
S3150800DF509EF79EF79EF79EF79EF79EF79EF79EF70B
S3150800DF609EF79EF79EF79EF79EF79EF79EF79EF7FB
S3150800DF709EF79EF79EF79EF79EF79EF79EF79EF7EB
S3150800DF809EF79EF79EF79EF79EF79EF79EF79EF7DB
S3150800DF909EF79EF79EF79EF79EF79EF79EF79EF7CB
S3150800DFA09EF79EF79EF79EF79EF79EF79EF79EF7BB
S3150800DFB09EF79EF79EF79EF79EF79EF79EF79EF7AB
S3150800DFC09EF79EF79EF79EF79EF79EF79EF79EF79B
S3150800DFD09EF79EF79EF79EF79EF79EF79EF79EF78B
S3150800DFE09EF79EF79EF79EF79EF79EF79EF79EF77B
S3150800DFF09EF79EF79EF79EF79EF79EF79EF79EF76B
S3150800E0009EF79EF79EF79EF79EF79EF79EF79EF75A
S3150800E0109EF7BEF7000000000000000000000000A8
S3150800E02000000000000000000000000000000000E2
S3150800E03000000000000000000000000000000000D2
S3150800E04000000000000000000000000000000000C2
S3150800E05000000000BEF79EF79EF79EF79EF79EF714
S3150800E0609EF79EF79EF79EF79EF79EF79EF79EF7FA
S3150800E0709EF79EF79EF79EF79EF79EF79EF79EF7EA
S3150800E0809EF79EF79EF79EF79EF79EF79EF79EF7DA
S3150800E0909EF79EF79EF79EF79EF79EF79EF79EF7CA
S3150800E0A09EF79EF79EF79EF79EF79EF79EF79EF7BA
S3150800E0B09EF79EF79EF79EF79EF79EF79EF79EF7AA
S3150800E0C09EF79EF79EF79EF79EF79EF79EF79EF79A
S3150800E0D09EF79EF79EF79EF79EF79EF79EF79EF78A
S3150800E0E09EF79EF79EF79EF79EF79EF79EF79EF77A
S3150800E0F09EF79EF79EF79EF79EF79EF79EF79EF76A
S3150800E1009EF79EF79EF79EF79EF79EF79EF79EF759
S3150800E1109EF79EF79EF79EF79EF79EF79EF79EF749
S3150800E1209EF79EF79EF79EF79EF79EF79EF79EF739
S3150800E1309EF79EF79EF79EF79EF79EF79EF79EF729
S3150800E1409EF79EF79EF79EF79EF79EF79EF79EF719
S3150800E1509EF79EF79EF79EF79EF79EF79EF79EF709
S3150800E1609EF79EF79EF79EF79EF79EF79EF79EF7F9
S3150800E1709EF79EF79EF79EF79EF79EF79EF79EF7E9
S3150800E1809EF79EF79EF79EF79EF79EF79EF79EF7D9
S3150800E1909EF79EF79EF79EF79EF79EF79EF79EF7C9
S3150800E1A09EF79EF79EF79EF79EF79EF79EF79EF7B9
S3150800E1B09EF79EF79EF79EF79EF79EF79EF79EF7A9
S3150800E1C09EF79EF79EF79EF79EF79EF79EF79EF799
S3150800E1D09EF79EF79EF79EF79EF79EF79EF79EF789
S3150800E1E09EF79EF79EF79EF79EF79EF79EF79EF779
S3150800E1F09EF79EF7FFFF00000000000000000000E9
S3150800E2000000000000000000000000000000000000
S3150800E21000000000000000000000000000000000F0
S3150800E22000000000000000000000000000000000E0
S3150800E2300000FFFF9EF79EF79EF79EF79EF79EF754
S3150800E2409EF79EF79EF79EF79EF79EF79EF79EF718
S3150800E2509EF79EF79EF79EF79EF79EF79EF79EF708
S3150800E2609EF79EF79EF79EF79EF79EF79EF79EF7F8
S3150800E2709EF79EF79EF79EF79EF79EF79EF79EF7E8
S3150800E2809EF79EF79EF79EF79EF79EF79EF79EF7D8
S3150800E2909EF79EF79EF79EF79EF79EF79EF79EF7C8
S3150800E2A09EF79EF79EF79EF79EF79EF79EF79EF7B8
S3150800E2B09EF79EF79EF79EF79EF79EF79EF79EF7A8
S3150800E2C09EF79EF79EF79EF79EF79EF79EF79EF798
S3150800E2D09EF79EF79EF79EF79EF79EF79EF79EF788
S3150800E2E09EF79EF79EF79EF79EF79EF79EF79EF778
S3150800E2F09EF79EF79EF79EF79EF79EF79EF79EF768
S3150800E3009EF79EF79EF79EF79EF79EF79EF79EF757
S3150800E3109EF79EF79EF79EF79EF79EF79EF79EF747
S3150800E3209EF79EF79EF79EF79EF79EF79EF79EF737
S3150800E3309EF79EF79EF79EF79EF79EF79EF79EF727
S3150800E3409EF79EF79EF79EF79EF79EF79EF79EF717
S3150800E3509EF79EF79EF79EF79EF79EF79EF79EF707
S3150800E3609EF79EF79EF79EF79EF79EF79EF79EF7F7
S3150800E3709EF79EF79EF79EF79EF79EF79EF79EF7E7
S3150800E3809EF79EF79EF79EF79EF79EF79EF79EF7D7
S3150800E3909EF79EF79EF79EF79EF79EF79EF79EF7C7
S3150800E3A09EF79EF79EF79EF79EF79EF79EF79EF7B7
S3150800E3B09EF79EF79EF79EF79EF79EF79EF79EF7A7
S3150800E3C09EF79EF79EF79EF79EF79EF79EF79EF797
S3150800E3D09EF79EF7BEF70000000000000000000050
S3150800E3E0000000000000000000000000000000001F
S3150800E3F0000000000000000000000000000000000F
S3150800E40000000000000000000000000000000000FE
S3150800E4100000BEF79EF79EF79EF79EF79EF79EF7BB
S3150800E4209EF79EF79EF79EF79EF79EF79EF79EF736
S3150800E4309EF79EF79EF79EF79EF79EF79EF79EF726
S3150800E4409EF79EF79EF79EF79EF79EF79EF79EF716
S3150800E4509EF79EF79EF79EF79EF79EF79EF79EF706
S3150800E4609EF79EF79EF79EF79EF79EF79EF79EF7F6
S3150800E4709EF79EF79EF79EF79EF79EF79EF79EF7E6
S3150800E4809EF79EF79EF79EF79EF79EF79EF79EF7D6
S3150800E4909EF79EF79EF79EF79EF79EF79EF79EF7C6
S3150800E4A09EF79EF79EF79EF79EF79EF79EF79EF7B6
S3150800E4B09EF79EF79EF79EF79EF79EF79EF79EF7A6
S3150800E4C09EF79EF79EF79EF79EF79EF79EF79EF796
S3150800E4D09EF79EF79EF79EF79EF79EF79EF79EF786
S3150800E4E09EF79EF79EF79EF79EF79EF79EF79EF776
S3150800E4F09EF79EF79EF79EF79EF79EF79EF79EF766
S3150800E5009EF79EF79EF79EF79EF79EF79EF79EF755
S3150800E5109EF79EF79EF79EF79EF79EF79EF79EF745
S3150800E5209EF79EF79EF79EF79EF79EF79EF79EF735
S3150800E5309EF79EF79EF79EF79EF79EF79EF79EF725
S3150800E5409EF79EF79EF79EF79EF79EF79EF79EF715
S3150800E5509EF79EF79EF79EF79EF79EF79EF79EF705
S3150800E5609EF79EF79EF79EF79EF79EF79EF79EF7F5
S3150800E5709EF79EF79EF79EF79EF79EF79EF79EF7E5
S3150800E5809EF79EF79EF79EF79EF79EF79EF79EF7D5
S3150800E5909EF79EF79EF79EF79EF79EF79EF79EF7C5
S3150800E5A09EF79EF79EF79EF79EF79EF79EF79EF7B5
S3150800E5B09EF79EF79EF7FFFF000000000000000090
S3150800E5C0000000000000000000000000000000003D
S3150800E5D0000000000000000000000000000000002D
S3150800E5E0000000000000000000000000000000001D
S3150800E5F000009EF79EF79EF79EF79EF79EF79EF7FA
S3150800E6009EF79EF79EF79EF79EF79EF79EF79EF754
S3150800E6109EF79EF79EF79EF79EF79EF79EF79EF744
S3150800E6209EF79EF79EF79EF79EF79EF79EF79EF734
S3150800E6309EF79EF79EF79EF79EF79EF79EF79EF724
S3150800E6409EF79EF79EF79EF79EF79EF79EF79EF714
S3150800E6509EF79EF79EF79EF79EF79EF79EF79EF704
S3150800E6609EF79EF79EF79EF79EF79EF79EF79EF7F4
S3150800E6709EF79EF79EF79EF79EF79EF79EF79EF7E4
S3150800E6809EF79EF79EF79EF79EF79EF79EF79EF7D4
S3150800E6909EF79EF79EF79EF79EF79EF79EF79EF7C4
S3150800E6A09EF79EF79EF79EF79EF79EF79EF79EF7B4
S3150800E6B09EF79EF79EF79EF79EF79EF79EF79EF7A4
S3150800E6C09EF79EF79EF79EF79EF79EF79EF79EF794
S3150800E6D09EF79EF79EF79EF79EF79EF79EF79EF784
S3150800E6E09EF79EF79EF79EF79EF79EF79EF79EF774
S3150800E6F09EF79EF79EF79EF79EF79EF79EF79EF764
S3150800E7009EF79EF79EF79EF79EF79EF79EF79EF753
S3150800E7109EF79EF79EF79EF79EF79EF79EF79EF743
S3150800E7209EF79EF79EF79EF79EF79EF79EF79EF733
S3150800E7309EF79EF79EF79EF79EF79EF79EF79EF723
S3150800E7409EF79EF79EF79EF79EF79EF79EF79EF713
S3150800E7509EF79EF79EF79EF79EF79EF79EF79EF703
S3150800E7609EF79EF79EF79EF79EF79EF79EF79EF7F3
S3150800E7709EF79EF79EF79EF79EF79EF79EF79EF7E3
S3150800E7809EF79EF79EF79EF79EF79EF79EF79EF7D3
S3150800E7909EF79EF79EF7BEF70000000000000000F7
S3150800E7A0000000000000000000000000000000005B
S3150800E7B0000000000000000000000000000000004B
S3150800E7C0000000000000000000000000000000003B
S3150800E7D0FFFF9EF79EF79EF79EF79EF79EF79EF71A
S3150800E7E09EF79EF79EF79EF79EF79EF79EF79EF773
S3150800E7F09EF79EF79EF79EF79EF79EF79EF79EF763
S3150800E8009EF79EF79EF79EF79EF79EF79EF79EF752
S3150800E8109EF79EF79EF79EF79EF79EF79EF79EF742
S3150800E8209EF79EF79EF79EF79EF79EF79EF79EF732
S3150800E8309EF79EF79EF79EF79EF79EF79EF79EF722
S3150800E8409EF79EF79EF79EF79EF79EF79EF79EF712
S3150800E8509EF79EF79EF79EF79EF79EF79EF79EF702
S3150800E8609EF79EF79EF79EF79EF79EF79EF79EF7F2
S3150800E8709EF79EF79EF79EF79EF79EF79EF79EF7E2
S3150800E8809EF79EF79EF79EF79EF79EF79EF79EF7D2
S3150800E8909EF79EF79EF79EF79EF79EF79EF79EF7C2
S3150800E8A09EF79EF79EF79EF79EF79EF79EF79EF7B2
S3150800E8B09EF79EF79EF79EF79EF79EF79EF79EF7A2
S3150800E8C09EF79EF79EF79EF79EF79EF79EF79EF792
S3150800E8D09EF79EF79EF79EF79EF79EF79EF79EF782
S3150800E8E09EF79EF79EF79EF79EF79EF79EF79EF772
S3150800E8F09EF79EF79EF79EF79EF79EF79EF79EF762
S3150800E9009EF79EF79EF79EF79EF79EF79EF79EF751
S3150800E9109EF79EF79EF79EF79EF79EF79EF79EF741
S3150800E9209EF79EF79EF79EF79EF79EF79EF79EF731
S3150800E9309EF79EF79EF79EF79EF79EF79EF79EF721
S3150800E9409EF79EF79EF79EF79EF79EF79EF79EF711
S3150800E9509EF79EF79EF79EF79EF79EF79EF79EF701
S3150800E9609EF79EF79EF79EF79EF79EF79EF79EF7F1
S3150800E9709EF79EF79EF79EF7000000000000000035
S3150800E9800000000000000000000000000000000079
S3150800E9900000000000000000000000000000000069
S3150800E9A00000000000000000000000000000000059
S3150800E9B09EF79EF79EF79EF79EF79EF79EF79EF7A1
S3150800E9C09EF79EF79EF79EF79EF79EF79EF79EF791
S3150800E9D09EF79EF79EF79EF79EF79EF79EF79EF781
S3150800E9E09EF79EF79EF79EF79EF79EF79EF79EF771
S3150800E9F09EF79EF79EF79EF79EF79EF79EF79EF761
S3150800EA009EF79EF79EF79EF79EF79EF79EF79EF750
S3150800EA109EF79EF79EF79EF79EF79EF79EF79EF740
S3150800EA209EF79EF79EF79EF79EF79EF79EF79EF730
S3150800EA309EF79EF79EF79EF79EF79EF79EF79EF720
S3150800EA409EF79EF79EF79EF79EF79EF79EF79EF710
S3150800EA509EF79EF79EF79EF79EF79EF79EF79EF700
S3150800EA609EF79EF79EF79EF79EF79EF79EF79EF7F0
S3150800EA709EF79EF79EF79EF79EF79EF79EF79EF7E0
S3150800EA809EF79EF79EF79EF79EF79EF79EF79EF7D0
S3150800EA909EF79EF79EF79EF79EF79EF79EF79EF7C0
S3150800EAA09EF79EF79EF79EF79EF79EF79EF79EF7B0
S3150800EAB09EF79EF79EF79EF79EF79EF79EF79EF7A0
S3150800EAC09EF79EF79EF79EF79EF79EF79EF79EF790
S3150800EAD09EF79EF79EF79EF79EF79EF79EF79EF780
S3150800EAE09EF79EF79EF79EF79EF79EF79EF79EF770
S3150800EAF09EF79EF79EF79EF79EF79EF79EF79EF760
S3150800EB009EF79EF79EF79EF79EF79EF79EF79EF74F
S3150800EB109EF79EF79EF79EF79EF79EF79EF79EF73F
S3150800EB209EF79EF79EF79EF79EF79EF79EF79EF72F
S3150800EB309EF79EF79EF79EF79EF79EF79EF79EF71F
S3150800EB409EF79EF79EF79EF79EF79EF79EF79EF70F
S3150800EB509EF79EF79EF79EF7FFFF00000000000055
S3150800EB600000000000000000000000000000000097
S3150800EB700000000000000000000000000000000087
S3150800EB800000000000000000000000000000000077
S3150800EB909EF79EF79EF79EF79EF79EF79EF79EF7BF
S3150800EBA09EF79EF79EF79EF79EF79EF79EF79EF7AF
S3150800EBB09EF79EF79EF79EF79EF79EF79EF79EF79F
S3150800EBC09EF79EF79EF79EF79EF79EF79EF79EF78F
S3150800EBD09EF79EF79EF79EF79EF79EF79EF79EF77F
S3150800EBE09EF79EF79EF79EF79EF79EF79EF79EF76F
S3150800EBF09EF79EF79EF79EF79EF79EF79EF79EF75F
S3150800EC009EF79EF79EF79EF79EF79EF79EF79EF74E
S3150800EC109EF79EF79EF79EF79EF79EF79EF79EF73E
S3150800EC209EF79EF79EF79EF79EF79EF79EF79EF72E
S3150800EC309EF79EF79EF79EF79EF79EF79EF79EF71E
S3150800EC409EF79EF79EF79EF79EF79EF79EF79EF70E
S3150800EC509EF79EF79EF79EF79EF79EF79EF79EF7FE
S3150800EC609EF79EF79EF79EF79EF79EF79EF79EF7EE
S3150800EC709EF79EF79EF79EF79EF79EF79EF79EF7DE
S3150800EC809EF79EF79EF79EF79EF79EF79EF79EF7CE
S3150800EC909EF79EF79EF79EF79EF79EF79EF79EF7BE
S3150800ECA09EF79EF79EF79EF79EF79EF79EF79EF7AE
S3150800ECB09EF79EF79EF79EF79EF79EF79EF79EF79E
S3150800ECC09EF79EF79EF79EF79EF79EF79EF79EF78E
S3150800ECD09EF79EF79EF79EF79EF79EF79EF79EF77E
S3150800ECE09EF79EF79EF79EF79EF79EF79EF79EF76E
S3150800ECF09EF79EF79EF79EF79EF79EF79EF79EF75E
S3150800ED009EF79EF79EF79EF79EF79EF79EF79EF74D
S3150800ED109EF79EF79EF79EF79EF79EF79EF79EF73D
S3150800ED209EF79EF79EF79EF79EF79EF79EF79EF72D
S3150800ED309EF79EF79EF79EF7BEF7000000000000BC
S3150800ED4000000000000000000000000000000000B5
S3150800ED5000000000000000000000000000000000A5
S3150800ED600000000000000000000000000000FFFF97
S3150800ED709EF79EF79EF79EF79EF79EF79EF79EF7DD
S3150800ED809EF79EF79EF79EF79EF79EF79EF79EF7CD
S3150800ED909EF79EF79EF79EF79EF79EF79EF79EF7BD
S3150800EDA09EF79EF79EF79EF79EF79EF79EF79EF7AD
S3150800EDB09EF79EF79EF79EF79EF79EF79EF79EF79D
S3150800EDC09EF79EF79EF79EF79EF79EF79EF79EF78D
S3150800EDD09EF79EF79EF79EF79EF79EF79EF79EF77D
S3150800EDE09EF79EF79EF79EF79EF79EF79EF79EF76D
S3150800EDF09EF79EF79EF79EF79EF79EF79EF79EF75D
S3150800EE009EF79EF79EF79EF79EF79EF79EF79EF74C
S3150800EE109EF79EF79EF79EF79EF79EF79EF79EF73C
S3150800EE209EF79EF79EF79EF79EF79EF79EF79EF72C
S3150800EE309EF79EF79EF79EF79EF79EF79EF79EF71C
S3150800EE409EF79EF79EF79EF79EF79EF79EF79EF70C
S3150800EE509EF79EF79EF79EF79EF79EF79EF79EF7FC
S3150800EE609EF79EF79EF79EF79EF79EF79EF79EF7EC
S3150800EE709EF79EF79EF79EF79EF79EF79EF79EF7DC
S3150800EE809EF79EF79EF79EF79EF79EF79EF79EF7CC
S3150800EE909EF79EF79EF79EF79EF79EF79EF79EF7BC
S3150800EEA09EF79EF79EF79EF79EF79EF79EF79EF7AC
S3150800EEB09EF79EF79EF79EF79EF79EF79EF79EF79C
S3150800EEC09EF79EF79EF79EF79EF79EF79EF79EF78C
S3150800EED09EF79EF79EF79EF79EF79EF79EF79EF77C
S3150800EEE09EF79EF79EF79EF79EF79EF79EF79EF76C
S3150800EEF09EF79EF79EF79EF79EF79EF79EF79EF75C
S3150800EF009EF79EF79EF79EF79EF79EF79EF79EF74B
S3150800EF109EF79EF79EF79EF79EF7000000000000FA
S3150800EF2000000000000000000000000000000000D3
S3150800EF3000000000000000000000000000000000C3
S3150800EF400000000000000000000000000000BEF7FE
S3150800EF509EF79EF79EF79EF79EF79EF79EF79EF7FB
S3150800EF609EF79EF79EF79EF79EF79EF79EF79EF7EB
S3150800EF709EF79EF79EF79EF79EF79EF79EF79EF7DB
S3150800EF809EF79EF79EF79EF79EF79EF79EF79EF7CB
S3150800EF909EF79EF79EF79EF79EF79EF79EF79EF7BB
S3150800EFA09EF79EF79EF79EF79EF79EF79EF79EF7AB
S3150800EFB09EF79EF79EF79EF79EF79EF79EF79EF79B
S3150800EFC09EF79EF79EF79EF79EF79EF79EF79EF78B
S3150800EFD09EF79EF79EF79EF79EF79EF79EF79EF77B
S3150800EFE09EF79EF79EF79EF79EF79EF79EF79EF76B
S3150800EFF09EF79EF79EF79EF79EF79EF79EF79EF75B
S3150800F0009EF79EF79EF79EF79EF79EF79EF79EF74A
S3150800F0109EF79EF79EF79EF79EF79EF79EF79EF73A
S3150800F0209EF79EF79EF79EF79EF79EF79EF79EF72A
S3150800F0309EF79EF79EF79EF79EF79EF79EF79EF71A
S3150800F0409EF79EF79EF79EF79EF79EF79EF79EF70A
S3150800F0509EF79EF79EF79EF79EF79EF79EF79EF7FA
S3150800F0609EF79EF79EF79EF79EF79EF79EF79EF7EA
S3150800F0709EF79EF79EF79EF79EF79EF79EF79EF7DA
S3150800F0809EF79EF79EF79EF79EF79EF79EF79EF7CA
S3150800F0909EF79EF79EF79EF79EF79EF79EF79EF7BA
S3150800F0A09EF79EF79EF79EF79EF79EF79EF79EF7AA
S3150800F0B09EF79EF79EF79EF79EF79EF79EF79EF79A
S3150800F0C09EF79EF79EF79EF79EF79EF79EF79EF78A
S3150800F0D09EF79EF79EF79EF79EF79EF79EF79EF77A
S3150800F0E09EF79EF79EF79EF79EF79EF79EF79EF76A
S3150800F0F09EF79EF79EF79EF79EF7FFFF000000001B
S3150800F10000000000000000000000000000000000F1
S3150800F11000000000000000000000000000000000E1
S3150800F12000000000000000000000000000009EF73C
S3150800F1309EF79EF79EF79EF79EF79EF79EF79EF719
S3150800F1409EF79EF79EF79EF79EF79EF79EF79EF709
S3150800F1509EF79EF79EF79EF79EF79EF79EF79EF7F9
S3150800F1609EF79EF79EF79EF79EF79EF79EF79EF7E9
S3150800F1709EF79EF79EF79EF79EF79EF79EF79EF7D9
S3150800F1809EF79EF79EF79EF79EF79EF79EF79EF7C9
S3150800F1909EF79EF79EF79EF79EF79EF79EF79EF7B9
S3150800F1A09EF79EF79EF79EF79EF79EF79EF79EF7A9
S3150800F1B09EF79EF79EF79EF79EF79EF79EF79EF799
S3150800F1C09EF79EF79EF79EF79EF79EF79EF79EF789
S3150800F1D09EF79EF79EF79EF79EF79EF79EF79EF779
S3150800F1E09EF79EF79EF79EF79EF79EF79EF79EF769
S3150800F1F09EF79EF79EF79EF79EF79EF79EF79EF759
S3150800F2009EF79EF79EF79EF79EF79EF79EF79EF748
S3150800F2109EF79EF79EF79EF79EF79EF79EF79EF738
S3150800F2209EF79EF79EF79EF79EF79EF79EF79EF728
S3150800F2309EF79EF79EF79EF79EF79EF79EF79EF718
S3150800F2409EF79EF79EF79EF79EF79EF79EF79EF708
S3150800F2509EF79EF79EF79EF79EF79EF79EF79EF7F8
S3150800F2609EF79EF79EF79EF79EF79EF79EF79EF7E8
S3150800F2709EF79EF79EF79EF79EF79EF79EF79EF7D8
S3150800F2809EF79EF79EF79EF79EF79EF79EF79EF7C8
S3150800F2909EF79EF79EF79EF79EF79EF79EF79EF7B8
S3150800F2A09EF79EF79EF79EF79EF79EF79EF79EF7A8
S3150800F2B09EF79EF79EF79EF79EF79EF79EF79EF798
S3150800F2C09EF79EF79EF79EF79EF79EF79EF79EF788
S3150800F2D09EF79EF79EF79EF79EF79FF700000000A1
S3150800F2E00000000000000000000000000000000010
S3150800F2F00000000000000000000000000000000000
S3150800F300000000000000000000000000FFFF9EF75C
S3150800F3109EF79EF79EF79EF79EF79EF79EF79EF737
S3150800F3209EF79EF79EF79EF79EF79EF79EF79EF727
S3150800F3309EF79EF79EF79EF79EF79EF79EF79EF717
S3150800F3409EF79EF79EF79EF79EF79EF79EF79EF707
S3150800F3509EF79EF79EF79EF79EF79EF79EF79EF7F7
S3150800F3609EF79EF79EF79EF79EF79EF79EF79EF7E7
S3150800F3709EF79EF79EF79EF79EF79EF79EF79EF7D7
S3150800F3809EF79EF79EF79EF79EF79EF79EF79EF7C7
S3150800F3909EF79EF79EF79EF79EF79EF79EF79EF7B7
S3150800F3A09EF79EF79EF79EF79EF79EF79EF79EF7A7
S3150800F3B09EF79EF79EF79EF79EF79EF79EF79EF797
S3150800F3C09EF79EF79EF79EF79EF79EF79EF79EF787
S3150800F3D09EF79EF79EF79EF79EF79EF79EF79EF777
S3150800F3E09EF79EF79EF79EF79EF79EF79EF79EF767
S3150800F3F09EF79EF79EF79EF79EF79EF79EF79EF757
S3150800F4009EF79EF79EF79EF79EF79EF79EF79EF746
S3150800F4109EF79EF79EF79EF79EF79EF79EF79EF736
S3150800F4209EF79EF79EF79EF79EF79EF79EF79EF726
S3150800F4309EF79EF79EF79EF79EF79EF79EF79EF716
S3150800F4409EF79EF79EF79EF79EF79EF79EF79EF706
S3150800F4509EF79EF79EF79EF79EF79EF79EF79EF7F6
S3150800F4609EF79EF79EF79EF79EF79EF79EF79EF7E6
S3150800F4709EF79EF79EF79EF79EF79EF79EF79EF7D6
S3150800F4809EF79EF79EF79EF79EF79EF79EF79EF7C6
S3150800F4909EF79EF79EF79EF79EF79EF79EF79EF7B6
S3150800F4A09EF79EF79EF79EF79EF79EF79EF79EF7A6
S3150800F4B09EF79EF79EF79EF79EF79EF700000000C0
S3150800F4C0000000000000000000000000000000002E
S3150800F4D0000000000000000000000000000000001E
S3150800F4E0000000000000000000000000BEF79EF7C4
S3150800F4F09EF79EF79EF79EF79EF79EF79EF79EF756
S3150800F5009EF79EF79EF79EF79EF79EF79EF79EF745
S3150800F5109EF79EF79EF79EF79EF79EF79EF79EF735
S3150800F5209EF79EF79EF79EF79EF79EF79EF79EF725
S3150800F5309EF79EF79EF79EF79EF79EF79EF79EF715
S3150800F5409EF79EF79EF79EF79EF79EF79EF79EF705
S3150800F5509EF79EF79EF79EF79EF79EF79EF79EF7F5
S3150800F5609EF79EF79EF79EF79EF79EF79EF79EF7E5
S3150800F5709EF79EF79EF79EF79EF79EF79EF79EF7D5
S3150800F5809EF79EF79EF79EF79EF79EF79EF79EF7C5
S3150800F5909EF79EF79EF79EF79EF79EF79EF79EF7B5
S3150800F5A09EF79EF79EF79EF79EF79EF79EF79EF7A5
S3150800F5B09EF79EF79EF79EF79EF79EF79EF79EF795
S3150800F5C09EF79EF79EF79EF79EF79EF79EF79EF785
S3150800F5D09EF79EF79EF79EF79EF79EF79EF79EF775
S3150800F5E09EF79EF79EF79EF79EF79EF79EF79EF765
S3150800F5F09EF79EF79EF79EF79EF79EF79EF79EF755
S3150800F6009EF79EF79EF79EF79EF79EF79EF79EF744
S3150800F6109EF79EF79EF79EF79EF79EF79EF79EF734
S3150800F6209EF79EF79EF79EF79EF79EF79EF79EF724
S3150800F6309EF79EF79EF79EF79EF79EF79EF79EF714
S3150800F6409EF79EF79EF79EF79EF79EF79EF79EF704
S3150800F6509EF79EF79EF79EF79EF79EF79EF79EF7F4
S3150800F6609EF79EF79EF79EF79EF79EF79EF79EF7E4
S3150800F6709EF79EF79EF79EF79EF79EF79EF79EF7D4
S3150800F6809EF79EF79EF79EF79EF79EF79EF79EF7C4
S3150800F6909EF79EF79EF79EF79EF7BEF700000000BE
S3150800F6A0000000000000000000000000000000004C
S3150800F6B0000000000000000000000000000000003C
S3150800F6C0000000000000000000000000BFF79EF7E1
S3150800F6D09EF79EF79EF79EF79EF79EF79EF79EF774
S3150800F6E09EF79EF79EF79EF79EF79EF79EF79EF764
S3150800F6F09EF79EF79EF79EF79EF79EF79EF79EF754
S3150800F7009EF79EF79EF79EF79EF79EF79EF79EF743
S3150800F7109EF79EF79EF79EF79EF79EF79EF79EF733
S3150800F7209EF79EF79EF79EF79EF79EF79EF79EF723
S3150800F7309EF79EF79EF79EF79EF79EF79EF79EF713
S3150800F7409EF79EF79EF79EF79EF79EF79EF79EF703
S3150800F7509EF79EF79EF79EF79EF79EF79EF79EF7F3
S3150800F7609EF79EF79EF79EF79EF79EF79EF79EF7E3
S3150800F7709EF79EF79EF79EF79EF79EF79EF79EF7D3
S3150800F7809EF79EF79EF79EF79EF79EF79EF79EF7C3
S3150800F7909EF79EF79EF79EF79EF79EF79EF79EF7B3
S3150800F7A09EF79EF79EF79EF79EF79EF79EF79EF7A3
S3150800F7B09EF79EF79EF79EF79EF79EF79EF79EF793
S3150800F7C09EF79EF79EF79EF79EF79EF79EF79EF783
S3150800F7D09EF79EF79EF79EF79EF79EF79EF79EF773
S3150800F7E09EF79EF79EF79EF79EF79EF79EF79EF763
S3150800F7F09EF79EF79EF79EF79EF79EF79EF79EF753
S3150800F8009EF79EF79EF79EF79EF79EF79EF79EF742
S3150800F8109EF79EF79EF79EF79EF79EF79EF79EF732
S3150800F8209EF79EF79EF79EF79EF79EF79EF79EF722
S3150800F8309EF79EF79EF79EF79EF79EF79EF79EF712
S3150800F8409EF79EF79EF79EF79EF79EF79EF79EF702
S3150800F8509EF79EF79EF79EF79EF79EF79EF79EF7F2
S3150800F8609EF79EF79EF79EF79EF79EF79EF79EF7E2
S3150800F8709EF79EF79EF79EF79EF79EF7FFFF0000FE
S3150800F880000000000000000000000000000000006A
S3150800F890000000000000000000000000000000005A
S3150800F8A0000000000000000000000000BEF79EF700
S3150800F8B09EF79EF79EF79EF79EF79EF79EF79EF792
S3150800F8C09EF79EF79EF79EF79EF79EF79EF79EF782
S3150800F8D09EF79EF79EF79EF79EF79EF79EF79EF772
S3150800F8E09EF79EF79EF79EF79EF79EF79EF79EF762
S3150800F8F09EF79EF79EF79EF79EF79EF79EF79EF752
S3150800F9009EF79EF79EF79EF79EF79EF79EF79EF741
S3150800F9109EF79EF79EF79EF79EF79EF79EF79EF731
S3150800F9209EF79EF79EF79EF79EF79EF79EF79EF721
S3150800F9309EF79EF79EF79EF79EF79EF79EF79EF711
S3150800F9409EF79EF79EF79EF79EF79EF79EF79EF701
S3150800F9509EF79EF79EF79EF79EF79EF79EF79EF7F1
S3150800F9609EF79EF79EF79EF79EF79EF79EF79EF7E1
S3150800F9709EF79EF79EF79EF79EF79EF79EF79EF7D1
S3150800F9809EF79EF79EF79EF79EF79EF79EF79EF7C1
S3150800F9909EF79EF79EF79EF79EF79EF79EF79EF7B1
S3150800F9A09EF79EF79EF79EF79EF79EF79EF79EF7A1
S3150800F9B09EF79EF79EF79EF79EF79EF79EF79EF791
S3150800F9C09EF79EF79EF79EF79EF79EF79EF79EF781
S3150800F9D09EF79EF79EF79EF79EF79EF79EF79EF771
S3150800F9E09EF79EF79EF79EF79EF79EF79EF79EF761
S3150800F9F09EF79EF79EF79EF79EF79EF79EF79EF751
S3150800FA009EF79EF79EF79EF79EF79EF79EF79EF740
S3150800FA109EF79EF79EF79EF79EF79EF79EF79EF730
S3150800FA209EF79EF79EF79EF79EF79EF79EF79EF720
S3150800FA309EF79EF79EF79EF79EF79EF79EF79EF710
S3150800FA409EF79EF79EF79EF79EF79EF79EF79EF700
S3150800FA509EF79EF79EF79EF79EF79EF7BEF7000065
S3150800FA600000000000000000000000000000000088
S3150800FA700000000000000000000000000000000078
S3150800FA8000000000000000000000FFFF9EF79EF740
S3150800FA909EF79EF79EF79EF79EF79EF79EF79EF7B0
S3150800FAA09EF79EF79EF79EF79EF79EF79EF79EF7A0
S3150800FAB09EF79EF79EF79EF79EF79EF79EF79EF790
S3150800FAC09EF79EF79EF79EF79EF79EF79EF79EF780
S3150800FAD09EF79EF79EF79EF79EF79EF79EF79EF770
S3150800FAE09EF79EF79EF79EF79EF79EF79EF79EF760
S3150800FAF09EF79EF79EF79EF79EF79EF79EF79EF750
S3150800FB009EF79EF79EF79EF79EF79EF79EF79EF73F
S3150800FB109EF79EF79EF79EF79EF79EF79EF79EF72F
S3150800FB209EF79EF79EF79EF79EF79EF79EF79EF71F
S3150800FB309EF79EF79EF79EF79EF79EF79EF79EF70F
S3150800FB409EF79EF79EF79EF79EF79EF79EF79EF7FF
S3150800FB509EF79EF79EF79EF79EF79EF79EF79EF7EF
S3150800FB609EF79EF79EF79EF79EF79EF79EF79EF7DF
S3150800FB709EF79EF79EF79EF79EF79EF79EF79EF7CF
S3150800FB809EF79EF79EF79EF79EF79EF79EF79EF7BF
S3150800FB909EF79EF79EF79EF79EF79EF79EF79EF7AF
S3150800FBA09EF79EF79EF79EF79EF79EF79EF79EF79F
S3150800FBB09EF79EF79EF79EF79EF79EF79EF79EF78F
S3150800FBC09EF79EF79EF79EF79EF79EF79EF79EF77F
S3150800FBD09EF79EF79EF79EF79EF79EF79EF79EF76F
S3150800FBE09EF79EF79EF79EF79EF79EF79EF79EF75F
S3150800FBF09EF79EF79EF79EF79EF79EF79EF79EF74F
S3150800FC009EF79EF79EF79EF79EF79EF79EF79EF73E
S3150800FC109EF79EF79EF79EF79EF79EF79EF79EF72E
S3150800FC209EF79EF79EF79EF79EF79EF79EF79EF71E
S3150800FC309EF79EF79EF79EF79EF79EF79EF70000A3
S3150800FC4000000000000000000000000000000000A6
S3150800FC500000000000000000000000000000000096
S3150800FC6000000000000000000000BEF79EF79EF7A7
S3150800FC709EF79EF79EF79EF79EF79EF79EF79EF7CE
S3150800FC807EEF7EEF7EEF7EEF7EEF7EEF7EEF7EEFFE
S3150800FC907EEF7EEF7EEF7EEF7EEF7EEF7EEF7EEFEE
S3150800FCA07EEF7EEF7EEF7EEF7EEF7EEF7EEF7EEFDE
S3150800FCB07EEF7EEF7EEF7EEF7EEF7EEF9EF7BEF75E
S3150800FCC09EF79EF79EF79EF79EEF9EEF9EEF9EEF9E
S3150800FCD09EEF9EEF9EEF9EEF9EEF9EEF9EEF9EF7A6
S3150800FCE09EF79EF79EF79EF79EF79EF79EF79EF75E
S3150800FCF09EF79EF79EF79EEF9EEF9EEF9EEF9EEF76
S3150800FD009EEF9EEF9EEF9EEF9EEF9EF79EF79EF765
S3150800FD109EF79EF79EEF9EEF9EEF9EEF9EEF9EEF5D
S3150800FD209EEF9EEF9EEF9EEF9EF79EF79EF79EF73D
S3150800FD309EF79EF79EF79EF79EF79EF79EF79EF70D
S3150800FD40BEF79EF79EEF9EEF9EEF9EEF9EEF9EEF0D
S3150800FD509EEF9EEF9EEF9EEF9EEF9EEF9EEF9EEF2D
S3150800FD609EEF9EEF9EEF9EEF9EEF9EEF9EEF9EEF1D
S3150800FD709EEF9EEF9EEF9EEF9EEF9EEF9EEF9EEF0D
S3150800FD809EEF9EEF9EEF9EEF9EEF9EEF9EEF9EEFFD
S3150800FD909EF79EF79EF79EF79EEF9EEF9EEF9EEFCD
S3150800FDA09EEF9EEF9EEF9EEF9EEF9EEF9EEF9EEFDD
S3150800FDB09EEF9EEF9EEF9EEF9EEF9EEF9EEF9EEFCD
S3150800FDC09EEF9EEF9EEF9EF79EF79EF79EF7BEF775
S3150800FDD0BEF79EF79EEF9EEF9EEF9EEF9EEF9EEF7D
S3150800FDE09EEF9EEF9EEF9EEF9EEF9EEF9EEF9EEF9D
S3150800FDF09EEF9EEF9EEF9EEF9EEF9EEF9EEF9EEF8D
S3150800FE009EEF9EEF9EEF9EEF9EF7BEF7BEF79EF71C
S3150800FE109EF79EF79EF79EF79EF79EF79EF70000C1
S3150800FE2000000000000000000000000000000000C4
S3150800FE3000000000000000000000000000000000B4
S3150800FE4000000000000000000000BEF79EF79EF7C5
S3150800FE509EF79EF79EF79EF79EF79EF79EF7D7BDED
S3150800FE609294B294B294B294B294B294B294B29474
S3150800FE70B294B294B294B294B294B294B294B29444
S3150800FE80B294B294B294B294B294B294B294B29434
S3150800FE90B294B294B294B294B294B294F39CF7BD6D
S3150800FEA07DEF9EF7D7BD929414A514A514A514A5A5
S3150800FEB014A514A514A514A514A514A5F39C55A555
S3150800FEC07EEF9EF79EF79EF79EF79EF79EF79EF7A4
S3150800FED0BEF718C6B29414A514A514A514A514A59E
S3150800FEE014A514A514A514A514A5F39CB7B5BEF7B7
S3150800FEF07ACE929414A514A514A514A514A514A530
S3150800FF0014A514A514A514A5F39CB6B59EF79EF7DB
S3150800FF109EF79EF79EF79EF79EF79EF79EF7BEF70B
S3150800FF203DE734A514A514A514A514A514A514A570
S3150800FF3014A514A514A514A514A514A514A514A5EB
S3150800FF4014A514A514A514A514A514A514A514A5DB
S3150800FF5014A514A514A514A514A514A514A514A5CB
S3150800FF6014A514A514A514A514A514A514A514A5BB
S3150800FF70D39C9ACE7DEF14A5F49C14A514A514A5BC
S3150800FF8014A514A514A514A514A514A514A514A59B
S3150800FF9014A514A514A514A514A514A514A514A58B
S3150800FFA014A514A514A5F39C34A57EEFBEF7DBDED5
S3150800FFB055AD14A514A514A514A514A514A514A522
S3150800FFC014A514A514A514A514A514A514A514A55B
S3150800FFD014A514A514A514A514A514A514A514A54B
S3150800FFE014A514A514A514A514A555ADDBD6BEF7FE
S3150800FFF09EF79EF79EF79EF79EF79EF79EF7FFFFE2
S3150801000000000000000000000000000000000000E1
S3150801001000000000000000000000000000000000D1
S3150801002000000000000000000000BEF79EF79EF7E2
S315080100309EF79EF79EF79EF79EF79EF79EEFD39C37
S3150801004079CE5DEF5DEF5DEF5DEF5DEF5DEF5DEF46
S315080100505DEF5DEF5DEF5DEF5DEF5DEF5DEF5DEF31
S315080100605DEF5DEF5DEF5DEF5DEF5DEF5DEF5DEF21
S315080100705DEF5DEF5DEF5DEF5DEF5DEFFBDE34A5F7
S3150801008096B5BFF775ADD39C3CE73CE73CE73CE743
S315080100903CE73CE73CE73CE73CE73CE7DBDED39C57
S315080100A05DEF9EF79EF79EF79EF79EF79EF79EF7E2
S315080100B0BFF714A555AD3CE73CE73CE73CE73CE711
S315080100C03CE73CE73CE73CE73CE79AD635A59EF793
S315080100D09AD610849AD63CE73CE73CE73CE73CE7EE
S315080100E03CE73CE73CE73CE71CE7D39C18C6BEF770
S315080100F09EF79EF79EF79EF79EF79EF79EF79EEF51
S3150801010034A596B53CE73CE73CE73CE73CE73CE7EA
S315080101103CE73CE73CE73CE73CE73CE73CE73CE7B8
S315080101203CE73CE73CE73CE73CE73CE73CE73CE7A8
S315080101303CE73CE73CE73CE73CE73CE73CE73CE798
S315080101403CE73CE73CE73CE73CE73CE73CE73CE788
S3150801015096B5F7BD3DE7518CFBDE3CE73CE73CE74E
S315080101603CE73CE73CE73CE73CE73CE73CE73CE768
S315080101703CE73CE73CE73CE73CE73CE73CE73CE758
S315080101803CE73CE73CE79AD610847DEFBAD69294D1
S3150801019018C61CE73CE73CE73CE73CE73CE73CE79D
S315080101A03CE73CE73CE73CE73CE73CE73CE73CE728
S315080101B03CE73CE73CE73CE73CE73CE73CE73CE718
S315080101C03CE73CE73CE73CE71CE738C6929459CE46
S315080101D0BEF79EF79EF79EF79EF79EF79EF7FFFFDF
S315080101E00000000000000000000000000000000000
S315080101F000000000000000000000000000000000F0
S3150801020000000000000000000000BEF79EF79EF700
S315080102109EF79EF79EF79EF79EF79EF79EEFF39C35
S31508010220FBDEDFFFDFFFDFFFDFFFDFFFDFFFDFFFD4
S31508010230DFFFDFFFDFFFDFFFDFFFDFFFDFFFDFFFBF
S31508010240DFFFDFFFDFFFDFFFDFFFDFFFDFFFDFFFAF
S31508010250FFFFDFFFDFFFDFFFDFFFDFFFDFFF7DEFF1
S31508010260718C3DE796B555ADFFFFDFFFDFFFDFFF79
S31508010270DFFFDFFFDFFFDFFFDFFFDFFF7DEFF49C3F
S315080102805DEF9EF79EF79EF79EF79EF79EF79EF700
S31508010290BFF714A5D7BDFFFFDFFFDFFFDFFFDFFFD6
S315080102A0DFFFDFFFDFFFDFFFDFFF3CE775AD9EEF17
S315080102B0BEF7D7BD14A5BEF7DFFFDFFFDFFFDFFF00
S315080102C0DFFFDFFFDFFFDFFFDFFFFBDE9294FBDEF1
S315080102D0BEF79EF79EF79EF79EF79EF7BEF7D7BD28
S315080102E0F39CBEF7DFFFDFFFDFFFDFFFDFFFDFFF87
S315080102F0DFFFDFFFDFFFDFFFDFFFDFFFDFFFDFFFFF
S31508010300DFFFDFFFDFFFDFFFDFFFDFFFDFFFDFFFEE
S31508010310DFFFDFFFDFFFDFFFDFFFDFFFDFFFDFFFDE
S31508010320DFFFDFFFDFFFDFFFDFFFDFFFDFFFFFFFAE
S3150801033018C6F7BD3DE79294BEF7DFFFDFFFDFFF83
S31508010340DFFFDFFFDFFFDFFFDFFFDFFFDFFFDFFFAE
S31508010350DFFFDFFFDFFFDFFFDFFFDFFFDFFFDFFF9E
S31508010360DFFFDFFFDFFF1CE730845DEFF39C59CE2B
S31508010370FFFFDFFFDFFFDFFFDFFFDFFFDFFFDFFF5E
S31508010380DFFFDFFFDFFFDFFFDFFFDFFFDFFFDFFF6E
S31508010390DFFFDFFFDFFFDFFFDFFFDFFFDFFFDFFF5E
S315080103A0DFFFDFFFDFFFDFFFDFFFDFFFDBDE92942B
S315080103B05DEFBEF79EF79EF79EF79EF79EF7DFFF66
S315080103C0000000000000000000000000000000001E
S315080103D0000000000000000000000000000000000E
S315080103E00000000000000000FFFF9EF79EF79EF741
S315080103F09EF79EF79EF79EF79EF79EF79EEFF39C54
S31508010400DBDEBEF7BEF7BEF7BEF7BEF7BEF7BEF731
S31508010410BEF7BEF7BEF7DBDED39CD39CD39CD39C39
S31508010420D39CD39CD39CD39CD39CD39CD39CD39C45
S3150801043096B53CE7BEF7BEF7BEF7BEF7BEF79EF721
S31508010440518CFBDE96B534A5BEF7BEF7BEF7BEF7EF
S31508010450BEF7BEF7BEF7BEF7BEF7BEF75DEFF39C74
S315080104605DEF9EF79EF79EF79EF79EF79EF79EF71E
S31508010470BFF714A5B6B5BEF7BEF7BEF7BEF7BEF70A
S31508010480BEF7BEF7BEF7BEF7BEF71CE775AD9EEF22
S315080104909EF77EEFF39CD7BDBEF7BEF7BEF7BEF754
S315080104A0BEF7BEF7BEF7BEF7BEF7BEF7F7BDD394E4
S315080104B07EEFBEF79EF79EF79EF7BEF79AD6929401
S315080104C01CE7BEF7BEF7BEF7BEF7BEF7BEF7BEF727
S315080104D0BEF7BEF7BEF79EF79EF79EF79EF79EF705
S315080104E09EF79EF7BEF7BEF7BEF7BEF7BEF7BEF795
S315080104F0BEF7BEF7BEF7BEF7BEF7BEF7BEF79EF765
S315080105009EF79EF79EF79EF79EF79EF79EF7BEF714
S31508010510F7BDF7BD3DE7718C7DEFBEF7BEF7BEF7B8
S31508010520BEF7BEF7BEF7BEF7BEF7BEF7BEF7BEF714
S315080105309EF79EF79EF79EF79EF79EF79EF79EF704
S315080105409EF79EF79EF7FBDE10841CDFF39C5DEF9A
S31508010550BEF7BEF7BEF7BEF7BEF7BEF7BEF7BEF7E4
S31508010560BEF7BEF7BEF7BEF79EF79EF79EF79EF754
S315080105709EF79EF79EF79EF7BEF7BEF7BEF7BEF744
S31508010580BEF7BEF7BEF7BEF7BEF7BEF7BEF714A5B0
S315080105909AD6BEF79EF79EF79EF79EF79EF7BEF789
S315080105A0000000000000000000000000000000003C
S315080105B0000000000000000000000000000000002C
S315080105C000000000000000009FF79EF79EF79EF7C7
S315080105D09EF79EF79EF79EF79EF79EF79EEFF39C72
S315080105E0BAD69EF79EF79EF79EF79EF79EF79EF759
S315080105F09EF79EF7BEF7F7BD928C39C638C638C640
S3150801060038C638C638C638C638C638C638C638C6EB
S3150801061034A555AD9EF79EF79EF79EF79EF77DEF9B
S31508010620518CFBDE96B514A59EF79EF79EF79EF7AD
S315080106309EF79EF79EF79EF79EF79EF73CE7F39C7B
S315080106405DEF9EF79EF79EF79EF79EF79EF79EF73C
S31508010650BFF714A5B6B5BEF79EF79EF79EF79EF7A8
S315080106609EF79EF79EF79EF79EF7FBDE55AD9EEF2A
S315080106709EF7BEF71CE792949AD69EF79EF79EF7C9
S315080106809EF79EF79EF79EF79EF79EF77DEF14A5B8
S31508010690B6B5BEF79EF79EF7BEF73CE7718C79CEE5
S315080106A09EF79EF79EF79EF79EF79EF79EF79EF793
S315080106B09EF79EF738C6718C718C718C718C718C12
S315080106C0718C518C96B59EF79EF79EF79EF79EF70D
S315080106D09EF79EF79EF79EF79EF79EF7B6B5518C45
S315080106E0718C718C718C718C718C718C718C718C13
S315080106F0CF7BF8BD3DE7718C7DEF9EF79EF79EF7A0
S315080107009EF79EF79EF79EF79EF79EF79EF7D7BD33
S31508010710518C718C718C718C718C718C718C718C02
S31508010720718C718C718C1084F07B1CDFF49C3CE716
S315080107309EF79EF79EF79EF79EF79EF79EF79EF702
S315080107409EF79EF75DEFB6B59294718C718C718C9C
S31508010750718C718C718C718C55AD1CE79EF79EF767
S315080107609EF79EF79EF79EF79EF79EF79EF7D39CF8
S3150801077018C6BFF79EF79EF79EF79EF79EF7BEF738
S31508010780000000000000000000000000000000005A
S31508010790000000000000000000000000000000004A
S315080107A000000000000000009FF79EF79EF79EF7E5
S315080107B09EF79EF79EF79EF79EF79EF79EEFF39C90
S315080107C09AD67DEF7DEF7DEF7DEF7DEF7DEF7DEFB6
S315080107D07DEF7DEF9EF7D7BD76ADBFF7BFF7BFF7C4
S315080107E0BFF7BFF7BFF7BFF7BFF7BFF7BFF7DFF72A
S315080107F09AD614A57DEF7DEF7DEF7DEF7DEF5DEF59
S315080108003084FBDE96B514A59EF77DEF7DEF7DEF6F
S315080108107DEF7DEF7DEF7DEF7DEF7DEF1CE7D39CCF
S315080108205DEF9EF79EF79EF79EF79EF79EF79EF75A
S31508010830BFF714A596B59EF77DEF7DEF7DEF7DEFAA
S315080108407DEF7DEF7DEF7DEF7DEFDBDE55AD9EEF35
S315080108509EF79EF7BEF779CE92941CE77DEF7DEF62
S315080108607DEF7DEF7DEF7DEF7DEF7DEF7DEFFBDEAC
S31508010870718C9AD6BEF79EF79EEF149D96B57DEFBD
S315080108807DEF7DEF7DEF7DEF7DEF7DEF7DEF7DEFF9
S315080108907DEF9AD6718C38C69ACE9ACE9ACE9ACED2
S315080108A09AD696B592947DEF7DEF7DEF7DEF7DEF3C
S315080108B07DEF7DEF7DEF7DEF7DEF7DEFD39CD7B5A6
S315080108C09AD69ACE9ACE9ACE9ACE9ACE9ACE7ACEF1
S315080108D09AD65DEF3CE7718C5DEF7DEF7DEF7DEF9D
S315080108E07DEF7DEF7DEF7DEF7DEF7DEF7DEFB294BF
S315080108F055AD9AD69ACE9ACE9ACE9ACE9ACE9ACE07
S315080109009ACE9ACE9ACE7ACEFBDE3CE7F39C3CE7AA
S315080109107DEF7DEF7DEF7DEF7DEF7DEF7DEF7DEF68
S315080109207DEF7DEFB6B5D39C7ACE9ACE9ACE9ACE86
S315080109309ACE9ACE9ACE9ACE55ADF39C7DEF7DEF9F
S315080109407DEF7DEF7DEF7DEF7DEF7DEF7DEFB2945E
S3150801095018BEBFF79EF79EF79EF79EF79EF79EF77E
S315080109600000000000000000000000000000000078
S315080109700000000000000000000000000000000068
S3150801098000000000000000009EF79EF79EF79EF704
S315080109909EF79EF79EF79EF79EF79EF79EEFD39CCE
S315080109A079CE5DEF5DEF5DEF5DEF5DEF5DEF5DEFDD
S315080109B05DEF5DEF7DEFB6B575ADBEF79EF79EF7B8
S315080109C09EF79EF79EF79EF79EF79EF79EF7BEF750
S315080109D09AD6F49C5DEF5DEF5DEF5DEF5DEF3CE769
S315080109E03084FBDE96B5F39C7DEF5DEF5DEF5DEF41
S315080109F05DEF5DEF5DEF5DEF5DEF5DEFFBDED39CD8
S31508010A005DEF9EF79EF79EF79EF79EF79EF79EF778
S31508010A10BFF714A575AD7DEF5DEF5DEF5DEF5DEF9A
S31508010A205DEF5DEF5DEF5DEF5DEFBAD655AD9EEF1C
S31508010A309EF79EF79EF7BEF7B6B5F39C3CE75DEFCA
S31508010A405DEF5DEF5DEF5DEF5DEF5DEF5DEF5DEF37
S31508010A5038C692943DE7BEF7B6B5D39C3CE75DEF41
S31508010A605DEF5DEF5DEF5DEF5DEF5DEF5DEF5DEF17
S31508010A70FBDE929459CEBFF7BEF7BEF7BEF7BEF7B7
S31508010A80BFF7BAD6B2945DEF5DEF5DEF5DEF5DEF4F
S31508010A905DEF5DEF5DEF5DEF5DEF5DEF14A5DBDE0D
S31508010AA0BFF7BEF7BEF7BEF7BEF7BEF7BEF7BEF78E
S31508010AB0BEF7BEF71CE7518C3CE75DEF5DEF5DEFD6
S31508010AC05DEF5DEF5DEF5DEF5DEF5DEF5DEFD39C94
S31508010AD059CEBFF7BEF7BEF7BEF7BEF7BEF7BEF7EC
S31508010AE0BEF7BEF7BEF7BEF7BEF73DE7F39C1CE7B8
S31508010AF05DEF5DEF5DEF5DEF5DEF5DEF5DEF5DEF87
S31508010B005DEF7DEFF39C18BEDFF7BEF7BEF7BEF7C4
S31508010B10BEF7BEF7BEF7BFF7DBD692943CE75DEFAB
S31508010B205DEF5DEF5DEF5DEF5DEF5DEF5DEFB2945C
S31508010B3018BEBFF79EF79EF79EF79EF79EF79EF79C
S31508010B40FFFF000000000000000000000000000098
S31508010B500000000000000000000000000000000086
S31508010B6000000000000000009EF79EF79EF79EF722
S31508010B709EF79EF79EF79EF79EF79EF79EEFD39CEC
S31508010B8079CE3CE73CE73CE73CE73CE73CE73CE71A
S31508010B903CE73CE75DEFB6B575ADBEF79EF79EF748
S31508010BA09EF79EF79EF79EF79EF79EF79EF7BEF76E
S31508010BB09AD6F39C3CE73CE73CE73CE73CE71CE775
S31508010BC03084FBDE96B5F39C5DEF3CE73CE73CE7FA
S31508010BD03CE73CE73CE73CE73CE73CE7DBDED39C0C
S31508010BE05DEF9EF79EF79EF79EF79EF79EF79EF797
S31508010BF0BFF714A575AD5DEF3CE73CE73CE73CE77D
S31508010C003CE73CE73CE73CE73CE79AD655AD9EEF27
S31508010C109EF79EF79EF7BEF77EEFD39CB6B53CE7E7
S31508010C203CE73CE73CE73CE73CE73CE73CE73CE79D
S31508010C303CE734A555A579CE718CBADE3CE73CE78D
S31508010C403CE73CE73CE73CE73CE73CE73CE73CE77D
S31508010C50F39C75AD9EF79EF79EF79EF79EF79EF756
S31508010C60BEF79AD692943CE73CE73CE73CE73CE77B
S31508010C703CE73CE73CE73CE73CE73CE7F39CDBD653
S31508010C80BEF79EF79EF79EF79EF79EF79EF79EF78D
S31508010C909EF7BEF71CE7518C1CE73CE73CE73CE7AF
S31508010CA03CE73CE73CE73CE73CE73CE73CE7B294FA
S31508010CB039C6BEF79EF79EF79EF79EF79EF79EF7F3
S31508010CC09EF79EF79EF79EF7BEF73DE7D39CFBDEA0
S31508010CD03CE73CE73CE73CE73CE73CE73CE73CE7ED
S31508010CE03CE75DEFD39CF8BDBFF79EF79EF79EF7ED
S31508010CF09EF79EF79EF7BEF7BBD692941CE73CE794
S31508010D003CE73CE73CE73CE73CE73CE73CEF9294B1
S31508010D1018BEBFF79EF79EF79EF79EF79EF7BEF79A
S31508010D20FFFF0000000000000000000000000000B6
S31508010D3000000000000000000000000000000000A4
S31508010D400000000000000000BEF79EF79EF79EF720
S31508010D509EF79EF79EF79EF79EF79EF79EEFD39C0A
S31508010D6059CE3CE71CE71CE71CE71CE71CE71CE718
S31508010D701CE71CE73CE796B575ADBEF79EF79EF7EF
S31508010D809EF79EF79EF79EF79EF79EF79EF7BEF78C
S31508010D909AD6F39C1CE71CE71CE71CE71CE7FBDE5D
S31508010DA01084FBDE96B5D39C3CE71CE71CE71CE7E1
S31508010DB01CE71CE71CE71CE71CE71CE7BAD6D39C13
S31508010DC05DEF9EF79EF79EF79EF79EF79EF79EF7B5
S31508010DD0BFF714A555AD3CE71CE71CE71CE71CE764
S31508010DE01CE71CE71CE71CE71CE779CE55A59EEF17
S31508010DF09EF79EF79EF79EF7BEF71CDF518C38C605
S31508010E003CE71CE71CE71CE71CE71CE71CE71CE79B
S31508010E101CE7FBDE518CAE7338C63CE71CE71CE7C2
S31508010E201CE71CE71CE71CE71CE71CE73CE796B533
S31508010E30D39C7DEFBEF79EF79EF79EF79EF79EF72A
S31508010E40BEF79AD692941CE71CE71CE71CE71CE739
S31508010E501CE71CE71CE71CE71CE71CE7F39CDBD631
S31508010E60BEF79EF79EF79EF79EF79EF79EF79EF7AB
S31508010E709EF7BEF71CE7518CFBDE1CE71CE71CE757
S31508010E801CE71CE71CE71CE71CE71CE73CE7B294D8
S31508010E9039C6BEF79EF79EF79EF79EF79EF79EF711
S31508010EA09EF79EF79EF79EF7BEF73DE7D39CDBDEDE
S31508010EB01CE71CE71CE71CE71CE71CE71CE71CE70B
S31508010EC01CE73CE7D39CF8BDBFF79EF79EF79EF754
S31508010ED09EF79EF79EF7BEF7BBD6718CFBDE1CE725
S31508010EE01CE71CE71CE71CE71CE71CE73CE7929498
S31508010EF018BEBFF79EF79EF79EF79EF79EF7BEF7B9
S31508010F00BEF700000000000000000000000000001D
S31508010F1000000000000000000000000000000000C2
S31508010F200000000000000000BEF79EF79EF79EF73E
S31508010F309EF79EF79EF79EF79EF79EF79EEFD39C28
S31508010F4038C61CE7FBDEFBDEFBDEFBDEFBDEFBDE7B
S31508010F50FBDEFBDE1CE775AD75ADBEF79EF79EF7AA
S31508010F609EF79EF79EF79EF79EF79EF79EF7BEF7AA
S31508010F709AD6D39CFBDEFBDEFBDEFBDEFBDEDBDE8D
S31508010F801084FBDE96B5B2941CE7FBDEFBDEFBDEC6
S31508010F90FBDEFBDEFBDEFBDEFBDEFBDE9AD6B39475
S31508010FA05DEF9EF79EF79EF79EF79EF79EF79EF7D3
S31508010FB0BFF714A534A51CE7FBDEFBDEFBDEFBDE73
S31508010FC0FBDEFBDEFBDEFBDE1CE759CE35A59EEF1D
S31508010FD09EF79EF79EF79EF79EF7BEF759CE718C40
S31508010FE0BAD6FBDEFBDEFBDEFBDEFBDEFBDEFBDE73
S31508010FF0FBDE1CE759CEB6B5FBDEFBDEFBDEFBDE10
S31508011000FBDEFBDEFBDEFBDEFBDE1CE738C6518CB6
S31508011010FCDEBEF79EF79EF79EF79EF79EF79EF7B4
S31508011020BEF79AD69294FBDEFBDEFBDEFBDEFBDE29
S31508011030FBDEFBDEFBDEFBDEFBDEFBDED39CDBD66B
S31508011040BEF79EF79EF79EF79EF79EF79EF79EF7C9
S315080110509EF7BEF71CE7518CDBDEFBDEFBDEFBDE13
S31508011060FBDEFBDEFBDEFBDEFBDEFBDE1CE7929432
S3150801107039C6BEF79EF79EF79EF79EF79EF79EF72F
S315080110809EF79EF79EF79EF7BEF73DE7D39CBAD625
S31508011090FBDEFBDEFBDEFBDEFBDEFBDEFBDEFBDE79
S315080110A0FBDE1CE7B294F8BDBFF79EF79EF79EF7E5
S315080110B09EF79EF79EF7BEF7BBD6718CFBDE1CE743
S315080110C01CE71CE71CE71CE71CE71CE71CE7718CFF
S315080110D018BEBFF79EF79EF79EF79EF79EF79EF7F7
S315080110E0DFF700000000000000000000000000001B
S315080110F000000000000000000000000000000000E1
S31508011100000000000000FFFF9EF79EF79EF79EF77E
S315080111109EF79EF79EF79EF79EF79EF79EEFD39C46
S3150801112018C6FBDEDBDEDBDEDBDEDBDEDBDEDBDEA3
S31508011130DBDEDBDEFBDE75AD75ADBEF79EF79EF732
S315080111409EF79EF79EF79EF79EF79EF79EF7BEF7C8
S315080111509AD6D39CDBDEDBDEDBDEDBDEDBDEBAD674
S315080111601084FBDE96B5B294FBDEDBDEDBDEDBDE6E
S31508011170DBDEDBDEDBDEDBDEDBDEDBDE9AD6B29454
S315080111805DEF9EF79EF79EF79EF79EF79EF79EF7F1
S31508011190BFF714A534A5FBDEDBDEDBDEDBDEDBDE3B
S315080111A0DBDEDBDEDBDEDBDEFBDE59CE34A59EEFE6
S315080111B09EF79EF79EF79EF79EF79EF79EF775ADEB
S315080111C0B294DBDEDBDEDBDEDBDEDBDEDBDEDBDEBB
S315080111D0DBDEDBDEFBDEFBDEDBDEDBDEDBDEDBDEF8
S315080111E0DBDEDBDEDBDEDBDEFBDE9AD6518C59CEBF
S315080111F0BEF79EF79EF79EF79EF79EF79EF79EF718
S31508011200BEF79AD6718CDBDEDBDEDBDEDBDEDBDE10
S31508011210DBDEDBDEDBDEDBDEDBDEDBDED39CDBD649
S31508011220BEF79EF79EF79EF79EF79EF79EF79EF7E7
S315080112309EF7BEF73CE73084BAD6DBDEDBDEDBDEC3
S31508011240DBDEDBDEDBDEDBDEDBDEDBDEFBDE92943A
S3150801125039C6BEF79EF79EF79EF79EF79EF79EF74D
S315080112609EF79EF79EF79EF7BEF73DE7B2949AD68C
S31508011270DBDEDBDEDBDEDBDEDBDEDBDEDBDEDBDE97
S31508011280DBDEFBDEB294F8BDBFF79EF79EF79EF74D
S315080112909EF79EF79EF7BEF7DBD6EF7BD7BDF7BD68
S315080112A0F7BDF7BDF7BDF7BDF7BDF7BD18C6EF7BAF
S315080112B018BEBFF79EF79EF79EF79EF79EF79EF715
S315080112C0BEF700000000000000000000000000005A
S315080112D000000000000000000000000000000000FF
S315080112E0000000000000FFFF9EF79EF79EF79EF79D
S315080112F09EF79EF79EF79EF79EF79EF79EEFD39C65
S31508011300F7BDDBDEBAD6BAD6BAD6BAD6BAD6BAD601
S31508011310BAD6BAD6DBDE55AD75ADBEF79EF79EF7E2
S315080113209EF79EF79EF79EF79EF79EF79EF7BEF7E6
S315080113309AD6B294BAD6BAD6BAD6BAD6BADE9AD6A0
S31508011340EF7BFBDE96B59294DBDEBAD6BAD6BAD671
S31508011350BAD6BAD6BAD6BAD6BAD6DBDE79CEB29468
S315080113605DEF9EF79EF79EF79EF79EF79EF79EF70F
S31508011370BFF714A514A5DBDEBAD6BAD6BAD6BAD63D
S31508011380BAD6BAD6BAD6BAD6DBDE38C634A59EEFF1
S315080113909EF79EF79EF79EF79EF79EF7BEF77DEF9F
S315080113A0B29475ADDBDEBAD6BAD6BAD6BAD6BAD63D
S315080113B0BAD6BAD6BAD6BAD6BAD6BAD6BAD6BAD69E
S315080113C0BAD6BAD6BAD6BADEBAD6B29476AD9EF738
S315080113D09EF79EF79EF79EF79EF79EF79EF79EF756
S315080113E0BEF79AD6718CBAD6BADEBAD6BAD6BAD6F4
S315080113F0BAD6BAD6BAD6BAD6BADEBAD6B294DBD67F
S31508011400BEF79EF79EF79EF79EF79EF79EF79EF705
S315080114109EF7BEF73CE730849AD6BAD6BAD6BAD67C
S31508011420BAD6BAD6BAD6BAD6BAD6BAD6DBDE718C97
S3150801143039C6BEF79EF79EF79EF79EF79EF79EF76B
S315080114409EF79EF79EF79EF7BEF73DE7B29479CED3
S31508011450DBDEBAD6BAD6BAD6BAD6BAD6BAD6BAD6D4
S31508011460BAD6DBDE9294F8BDBFF79EF79EF79EF7D4
S315080114709EF79EF79EF7BEF73DE734A534A534A53A
S3150801148034A534A534A534A534A534A534A5F49CCE
S31508011490FBDEBEF79EF79EF79EF79EF79EF79EF731
S315080114A0BFF7000000000000000000000000000077
S315080114B0000000000000000000000000000000001D
S315080114C0000000000000FFFF9EF79EF79EF79EF7BB
S315080114D09EF79EF79EF79EF79EF79EF79EF7B394A3
S315080114E0D7BDBAD69AD69AD69AD69AD69AD69AD629
S315080114F09AD69AD6BAD634A575ADBEF79EF79EF793
S315080115009EF79EF79EF79EF79EF79EF79EF7BEF704
S315080115109AD6B2949AD69AD69AD69AD6BAD69AD646
S31508011520EF7BFBDE96B59294BAD69AD69AD69AD618
S315080115309AD69AD69AD69AD69AD6BAD659CEB2946F
S315080115405DEF9EF79EF79EF79EF79EF79EF79EF72D
S31508011550BFF714A5F39CBAD69AD69AD69AD69AD62E
S315080115609AD69AD69AD69AD6BAD618C634A59EEFD8
S315080115709EF79EF79EF79EF79EF79EF79EF7BEF794
S31508011580FBDE3084F7BDBAD69AD69AD69AD69AD6BB
S315080115909AD69AD69AD69AD69AD69AD69AD69AD6BC
S315080115A09AD69AD69AD6BAD634A5D3947EEFBEF7EA
S315080115B09EF79EF79EF79EF79EF79EF79EF79EF774
S315080115C0BEF79AD6518C9AD6BAD69AD69AD69AD6BA
S315080115D09AD69AD69AD69AD6BAD69AD6B294DBD645
S315080115E0BEF79EF79EF79EF79EF79EF79EF79EF724
S315080115F09EF7BEF73CE7308479CE9AD69AD69AD624
S315080116009AD69AD69AD69AD69AD69AD6BAD6718C9E
S3150801161059C6BFF7BEF7BEF7BEF7BEF7BEF7BEF7A8
S31508011620BEF7BEF7BEF7BEF7BEF73DE7B29459CE91
S31508011630BAD69AD69AD69AD69AD69AD69AD69AD6FB
S315080116409AD6BAD69294F8BDBFF79EF79EF79EF73B
S315080116509EF79EF79EF79EF79EF7BEF7BEF7BEF773
S31508011660BEF7BEF7BEF7BEF7BEF7BEF7BEF7BEF7C3
S31508011670BEF79EF79EF79EF79EF79EF79EF79EF793
S315080116809EF70000000000000000000000000000B6
S31508011690000000000000000000000000000000003B
S315080116A0000000000000BEF7BEF79EF79EF79EF702
S315080116B09EF79EF79EF79EF79EF79EF79EF7B394C1
S315080116C0D7BD9AD69AD69AD69AD69AD69AD69AD667
S315080116D09AD69AD69AD614A555ADBEF79EF79EF711
S315080116E09EF79EF79EF79EF79EF79EF79EF7BEF723
S315080116F09AD6929479CE9AD69AD69AD69AD679CEF7
S31508011700EF7BFBDE96B5718C9AD69AD69AD69AD67F
S315080117109AD69AD69AD69AD69AD69AD638C69294F6
S315080117205DEFBEF79EF79EF79EF79EF79EF79EF72B
S31508011730BFF714A5F39C9AD69AD69AD69AD69AD66C
S315080117409AD69AD69AD69AD69AD6F7BD34A59EEF40
S315080117509EF79EF79EF79EF79EF79EF79EF79EF7D2
S31508011760BEF738C6308459CE9AD69AD69AD69AD61C
S315080117709AD69AD69AD69AD69AD69AD69AD69AD6DA
S315080117809AD69AD69AD6B6B530841CDFBEF79EF796
S315080117909EF79EF79EF79EF79EF79EF79EF79EF792
S315080117A0BEF79AD6518C79CE9AD69AD69AD69AD621
S315080117B09AD69AD69AD69AD69AD679CEB294DBD6AC
S315080117C0BEF79EF79EF79EF79EF79EF79EF79EF742
S315080117D09EF7BEF73CE7108459CE9AD69AD69AD682
S315080117E09AD69AD69AD69AD69AD69AD69AD6518CFD
S315080117F0D7B51CE71CE71CE71CE71CE71CE71CE739
S315080118001CE71CE71CE71CE75DE73DE7929438C631
S315080118109AD69AD69AD69AD69AD69AD69AD69AD639
S315080118209AD69AD6718CF8BDBFF79EF79EF79EF7A2
S315080118309EF79EF79EF79EF79EF79EF79EF79EF7F1
S315080118409EF79EF79EF79EF79EF79EF79EF79EF7E1
S315080118509EF79EF79EF79EF79EF79EF79EF79EF7D1
S315080118609EF70000000000000000000000000000D4
S315080118700000000000000000000000000000000059
S31508011880000000000000BEF79EF79EF79EF79EF740
S315080118909EF79EF79EF79EF79EF79EF79EF7B294E0
S315080118A0B6B579CE79CE79CE79CE79CE79CE79CECD
S315080118B079CE79CE79CE14A555ADBFF79EF79EF7A9
S315080118C09EF79EF79EF79EF79EF79EF79EF7BFF740
S315080118D09AD6929479CE79CE79CE79CE79CE59CED9
S315080118E0CF7BFBDE96B5518C79CE79CE79CE79CE82
S315080118F079CE79CE79CE79CE79CE79CE18C6718C54
S315080119001CE75DEF5DEF5DEF5DEF5DEF5DEF5DEFB1
S315080119107EEFF39CD39C79CE79CE79CE79CE79CEEA
S3150801192079CE79CE79CE79CE79CED7BD14A59EEF6B
S315080119309EF79EF79EF79EF79EF79EF79EF79EF7F0
S315080119409EF79EF755A5B29479CE79CE79CE79CE02
S3150801195079CE79CE79CE79CE79CE79CE79CE79CE40
S3150801196079CE79CE18C6108459CEBEF79EF79EF762
S315080119709EF79EF79EF79EF79EF79EF79EF79EF7B0
S31508011980BEF79AD6308459CE79CE79CE79CE79CE2C
S3150801199079CE79CE79CE79CE79CE59CE9294DBD6D7
S315080119A0BEF79EF79EF79EF79EF79EF79EF79EF760
S315080119B09EF7BEF73CE7108438CE79CE79CE79CE3C
S315080119C079CE79CE79CE79CE79CE79CE79CEB294D1
S315080119D0EF7B518C518C518C518C518C518C518C83
S315080119E0518C518C518C1084718C1CE7929418C6B9
S315080119F079CE79CE79CE79CE79CE79CE79CE79CEA0
S31508011A0079CE79CE518CF8BDBFF79EF79EF79EF732
S31508011A109EF79EF79EF79EF79EF79EF79EF79EF70F
S31508011A209EF79EF79EF79EF79EF79EF79EF79EF7FF
S31508011A309EF79EF79EF79EF79EF79EF79EF79EF7EF
S31508011A40BEF70000000000000000000000000000D2
S31508011A500000000000000000000000000000000077
S31508011A60000000000000DFF79EF79EF79EF79EF73D
S31508011A709EF79EF79EF79EF79EF79EF79EF7B294FE
S31508011A8096B559CE59CE59CE59CE59CE59CE59CEEB
S31508011A9059CE59CE59CEF39C14A55DEF5DE75DE7A6
S31508011AA05DE75DE75DE75DE75DE75DE75DE73DE727
S31508011AB075AD929459CE59CE59CE59CE59CE38C60E
S31508011AC0CF7BFBDE96B5518C59CE59CE59CE59CE20
S31508011AD059CE59CE59CE59CE59CE59CE18C6CF7BE5
S31508011AE0EF7B108410841084108410841084108471
S31508011AF010844D6B14A559CE59CE59CE59CE59CE0F
S31508011B0059CE59CE59CE59CE59CEB6BD14A59EEF4A
S31508011B109EF79EF79EF79EF79EF79EF79EF79EF70E
S31508011B209EF7BEF75DEF718C34A559CE59CE59CEC5
S31508011B3059CE59CE59CE59CE59CE59CE59CE59CE5E
S31508011B4059CE38C6718C96ADBEF79EF79EF79EF7AD
S31508011B509EF79EF79EF79EF79EF79EF79EF79EF7CE
S31508011B60BEF79AD6308438C659CE59CE59CE59CEF3
S31508011B7059CE59CE59CE59CE59CE38C69294DBD6BE
S31508011B80BEF79EF79EF79EF79EF79EF79EF79EF77E
S31508011B909EF7BEF73CE7108438C659CE59CE59CEC2
S31508011BA059CE59CE59CE59CE59CE59CE59CE38C617
S31508011BB018C618C618C618C618C618C618C618C626
S31508011BC018C618C618C696B5CF7BFCDE929418C6F9
S31508011BD059CE59CE59CE59CE59CE59CE59CE59CEBE
S31508011BE059CE59CE518CF8BDBFF79EF79EF79EF791
S31508011BF09EF79EF79EF79EF79EF79EF79EF79EF72E
S31508011C009EF79EF79EF79EF79EF79EF79EF79EF71D
S31508011C109EF79EF79EF79EF79EF79EF79EF79EF70D
S31508011C209EF7000000000000000000000000000010
S31508011C300000000000000000000000000000000095
S31508011C400000000000009FF7BEF79EF79EF79EF77B
S31508011C509EF79EF79EF79EF79EF79EF79EF7B2941C
S31508011C6075AD38C638C638C638C638C638C638C651
S31508011C7038C638C638C634A56D6BEF7BEF7BEF7B6C
S31508011C80EF7BEF7BEF7BEF7BEF7BEF7BEF7BCF7B15
S31508011C903084B6BD38C638C638C638C638C618C63A
S31508011CA0CF7BFBDE96B5308438C638C638C638C60B
S31508011CB038C638C638C638C638C638C638C6F7BD6F
S31508011CC0D7BDD7BDD7BDD7BDD7BDD7BDD7BDD7BD65
S31508011CD0D7BDD7BD18C638C638C638C638C638C6F9
S31508011CE038C638C638C638C638C6B6B514A59EF736
S31508011CF09EF79EF79EF79EF79EF79EF79EF79EF72D
S31508011D009EF79EF7BEF7DBDE1084B6B538C638C631
S31508011D1038C638C638C638C638C638C638C638C6C4
S31508011D2038C6D39CB2947EEFBEF79EF79EF79EF710
S31508011D309EF79EF79EF79EF79EF79EF79EF79EF7EC
S31508011D40BEF79AD6108418C638C638C638C638C6F5
S31508011D5038C638C638C638C638C618C6718CDBD6F2
S31508011D60BEF79EF79EF79EF79EF79EF79EF79EF79C
S31508011D709EF7BEF73CE7108418C638C638C638C67B
S31508011D8038C638C638C638C638C638C638C638C654
S31508011D9038C638C638C638C638C638C638C638C644
S31508011DA038C638C638C696B5EF7BFCDE9294F7BDC1
S31508011DB038C638C638C638C638C638C638C638C624
S31508011DC038C638C63084F8BDBFF79EF79EF79EF72A
S31508011DD09EF79EF79EF79EF79EF79EF79EF79EF74C
S31508011DE09EF79EF79EF79EF79EF79EF79EF79EF73C
S31508011DF09EF79EF79EF79EF79EF79EF79EF79EF72C
S31508011E00BEF700000000000000000000000000000E
S31508011E1000000000000000000000000000000000B3
S31508011E20000000000000BFF79EF79EF79EF79EF799
S31508011E309EF79EF79EF79EF79EF79EF79EF7B2943A
S31508011E4055AD18C618C618C618C618C618C618C66F
S31508011E5018C618C618C6F7C5D7BDD7BDD7BDD7BDCD
S31508011E60D7BDD7BDD7BDD7BDD7BDD7BDD7BDD7BDC3
S31508011E7018C618C618C618C618C618C618C6D7BDAD
S31508011E80CF7B3CE796B5308418C618C618C618C65F
S31508011E9018C618C618C618C618C618C618C618C643
S31508011EA018C618C618C618C618C618C618C618C633
S31508011EB018C618C618C618C618C618C618C618C623
S31508011EC018C618C618C618C618C696B514A59EF714
S31508011ED09EF79EF79EF79EF79EF79EF79EF79EF74B
S31508011EE09EF79EF79EF7BEF755ADD39C18C618C642
S31508011EF018C618C618C618C618C618C618C618C6E3
S31508011F00B6B5EF7BFCDEBEF79EF79EF79EF79EF70A
S31508011F109EF79EF79EF79EF79EF79EF79EF79EF70A
S31508011F20BEF79AD61084F7C518C618C618C618C6B5
S31508011F3018C618C618C618C618C6F7C5718CDBD6D2
S31508011F40BEF79EF79EF79EF79EF79EF79EF79EF7BA
S31508011F509EF7BEF73CE7EF7BF7BD18C618C618C64D
S31508011F6018C618C618C618C618C618C618C6F7C594
S31508011F70F7BDD7BDD7BDD7BDD7BDD7BDD7BDD7BD92
S31508011F80D7BDD7BDF7BD55ADCF7BFCDE718CD7BDAF
S31508011F9018C618C618C618C618C618C618C618C642
S31508011FA018C618C63084F8BDBFF79EF79EF79EF788
S31508011FB09EF79EF79EF79EF79EF79EF79EF79EF76A
S31508011FC09EF79EF79EF79EF79EF79EF79EF79EF75A
S31508011FD09EF79EF79EF79EF79EF79EF79EF79EF74A
S31508011FE09EF700000000000000000000000000004D
S31508011FF000000000000000000000000000000000D2
S31508012000000000000000BFF79EF79EF79EF79EF7B7
S315080120109EF79EF79EF79EF79EF79EF79EF7929478
S3150801202034ADF7BDF7BDF7BDF7BDF7BDF7BDF7BDD4
S31508012030F7BDF7BDF7BDF7BDD7BDD7BDD7BDD7BD71
S31508012040D7BDD7BDD7BDD7BDD7BDD7BDD7BDD7BDE1
S31508012050D7BDD7BDD7BDD7BDD7BDD7BD75AD108443
S3150801206035A5BFF796AD1084F7C5F7BDF7BDF7BD22
S31508012070F7BDF7BDF7BDF7BDF7BDF7BDF7BDF7BDB1
S31508012080F7BDF7BDF7BDF7BDF7BDF7BDF7BDF7BDA1
S31508012090F7BDF7BDF7BDF7BDF7BDF7BDF7BDF7BD91
S315080120A0F7BDF7BDF7BDF7BDF7BD75ADF49C9EF756
S315080120B09EF79EF79EF79EF79EF79EF79EF79EF769
S315080120C09EF79EF79EF7BEF7B6B5929418C6F7BD6A
S315080120D0F7BDF7BDF7BDF7BDF7BDF7BDF7BDF7BD51
S315080120E055AD10847EEF9EF79EF79EF79EF79EF7F5
S315080120F09EF79EF79EF79EF79EF79EF79EF79EF729
S31508012100BEF79AD61084F7BDF7BDF7BDF7BDF7BD83
S31508012110F7BDF7BDF7BDF7BDF7BDF7BD518CDBD6EA
S31508012120BEF79EF79EF79EF79EF79EF79EF79EF7D8
S315080121309EF7BEF73CE7EF7BD7BDF7BDF7BDF7BD09
S31508012140F7BDF7BDF7BDF7BDF7BDF7BDF7BD91946F
S3150801215030849294929492949294929492949294B2
S31508012160929492949294518C92941CE7718CB6B580
S31508012170F7BDF7BDF7BDF7BDF7BDF7BDF7BDF7BDB0
S31508012180F7BDF7C51084F8BDBFF79EF79EF79EF712
S315080121909EF79EF79EF79EF79EF79EF79EF79EF788
S315080121A09EF79EF79EF79EF79EF79EF79EF79EF778
S315080121B09EF79EF79EF79EF79EF79EF79EF79EF768
S315080121C09EF700000000000000000000000000006B
S315080121D000000000000000000000000000000000F0
S315080121E0000000000000BEF79EF79EF79EF79EF7D7
S315080121F09EF79EF79EF79EF79EF79EF79EF7929497
S3150801220034A5D7BDD7BDD7BDD7BDD7BDD7BDD7BDDA
S31508012210D7BDD7BDD7BD14A5AE731084108410845D
S3150801222010841084108410841084108410841084FF
S31508012230108410841084108410843084518C96B5CF
S315080122407DEFBFF796ADEF7BF7BDD7BDD7BDD7BD40
S31508012250D7BDD7BDD7BDD7BDD7BDD7BDB6B51084F8
S31508012260AE73AE73AE73AE73AE73AE73AE73AE7357
S31508012270AE738E7314A5D7BDD7BDD7BDD7BDD7BD90
S31508012280D7BDD7BDD7BDD7BDD7BD55ADF39C9EF735
S315080122909EF79EF79EF79EF79EF79EF79EF79EF787
S315080122A09EF79EF79EF7BEF7B6B59294F7BDD7BDD2
S315080122B0D7BDD7BDD7BDD7BDD7BDD7BDD7BDD7BD6F
S315080122C055AD10847EEF9EF79EF79EF79EF79EF713
S315080122D09EF79EF79EF79EF79EF79EF79EF79EF747
S315080122E0BEF79AD6EF7BD7BDD7BDD7BDD7BDD7BD6C
S315080122F0D7BDD7BDD7BDD7BDD7BDD7BD518CDBDEC1
S31508012300BEF79EF79EF79EF79EF79EF79EF79EF7F6
S315080123109EF7BEF73CE7EF7BB6B5D7BDD7BDD7BDB0
S31508012320D7BDD7BDD7BDD7BDD7BDD7BDD7BDEF7B28
S31508012330D7BD3DE73CE73CE73CE73CE73CE73CE704
S315080123403CE73CE73CE73CE75DEF3DE7718C96B53A
S31508012350D7BDD7BDD7BDD7BDD7BDD7BDD7BDD7BDCE
S31508012360D7BDD7BD1084F8BDBFF79EF79EF79EF778
S315080123709EF79EF79EF79EF79EF79EF79EF79EF7A6
S315080123809EF79EF79EF79EF79EF79EF79EF79EF796
S315080123909EF79EF79EF79EF79EF79EF79EF79EF786
S315080123A09EF7000000000000000000000000000089
S315080123B0000000000000000000000000000000000E
S315080123C0000000000000BEF79EF79EF79EF79EF7F5
S315080123D09EF79EF79EF79EF79EF79EF79EF79294B5
S315080123E014A5B6BDB6B5B6B5B6B5B6B5B6B5B6B530
S315080123F0B6B5B6B5D7BD718CD39CFCDEFBDEFBDE6C
S31508012400FBDEFBDEFBDEFBDEFBDEFBDEFBDEFBDEF5
S31508012410FBDEFBDEFBDEFBDEFBDE1CE77DEFBEF74C
S31508012420BEF7BFF776ADEF7BD7BDB6B5B6B5B6B5D0
S31508012430B6B5B6B5B6B5B6B5B6B5B6B575ADEF7B7F
S3150801244079CE9AD69AD69AD69AD69AD69AD69AD626
S31508012450BAD6718C518CD7BDB6B5B6B5B6B5B6B5C3
S31508012460B6B5B6B5B6B5B6B5B6BD34A5F39C9EF741
S315080124709EF79EF79EF79EF79EF79EF79EF79EF7A5
S315080124809EF79EF79EF7BEF7B6B5718CD7BDB6B562
S31508012490B6B5B6B5B6B5B6B5B6B5B6B5B6B5B6BDCD
S315080124A034A510847EEF9EF79EF79EF79EF79EF75A
S315080124B09EF79EF79EF79EF79EF79EF79EF79EF765
S315080124C0BEF79AD6EF7BB6B5B6B5B6B5B6B5B6B557
S315080124D0B6B5B6B5B6B5B6B5B6B5B6B53084DBDEFE
S315080124E0BEF79EF79EF79EF79EF79EF79EF79EF715
S315080124F09EF7BEF73CE7CF7B96B5B6B5B6B5B6B58A
S31508012500B6B5B6B5B6B5B6B5B6B5B6B5B6BDEF7B5D
S3150801251059C6BFF7BEF7BEF7BEF7BEF7BEF7BEF799
S31508012520BEF7BEF7BEF7BEF7BEF73DE7518C75ADF0
S31508012530B6B5B6B5B6B5B6B5B6B5B6B5B6B5B6B534
S31508012540B6B5D7BDEF7BF8BDBFF79EF79EF79EF7E9
S315080125509EF79EF79EF79EF79EF7BEF7BEF7BEF764
S31508012560BEF7BEF7BEF7BEF7BEF7BEF7BEF7BEF7B4
S31508012570BEF79EF79EF79EF79EF79EF79EF79EF784
S315080125809EF70000000000000000000000000000A7
S31508012590000000000000000000000000000000002C
S315080125A0000000000000BEF79EF79EF79EF79EF713
S315080125B09EF79EF79EF79EF79EF79EF79EF79294D3
S315080125C0F39CB6B596B596B596B596B596B596B540
S315080125D096B596B5B6B5718C55ADBFF7BEF7BEF7CC
S315080125E0BEF7BEF7BEF7BEF7BEF7BEF7BEF7BEF734
S315080125F0BEF7BEF7BEF7BEF7BEF7BEF7BEF79EF744
S315080126009EF7BFF776ADCF7BB6B596B596B596B5B7
S3150801261096B596B596B596B596B596B555AD518C0A
S315080126207DEFBEF7BEF7BEF7BEF7BEF7BEF7BEF73C
S31508012630DFF714A53084B6B596B596B596B596B5B1
S3150801264096B596B596B596B596B514A5F39C9EF727
S315080126509EF79EF79EF79EF79EF79EF79EF79EF7C3
S315080126609EF79EF79EF7BEF7B6B5718CB6B596B5C9
S3150801267096B596B596B596B596B596B596B596B5F3
S3150801268014A5107C7EEF9EF79EF79EF79EF79EF7A0
S315080126909EF79EF79EF79EF79EF79EF79EF79EF783
S315080126A0BEF79AD6CF7B96B596B596B596B596B535
S315080126B096B596B596B596B596B596B53084DBDEDC
S315080126C0BEF79EF79EF79EF79EF79EF79EF79EF733
S315080126D09EF7BEF73CE7CF7B75AD96B596B596B531
S315080126E096B596B596B596B596B596B596B5EF7B64
S315080126F039C6BEF79EF79EF79EF79EF79EF79EF799
S315080127009EF79EF79EF79EF7BEF73DE7518C55ADAE
S3150801271096B596B596B596B596B596B596B596B552
S3150801272096B5B6B5EF7BF8BDBFF79EF79EF79EF750
S315080127309EF79EF79EF7BEF73CE7718C10841084CE
S315080127401084108410841084108410841084EF7B04
S31508012750BAD6BEF79EF79EF79EF79EF79EF79EF7A7
S315080127609EF70000000000000000000000000000C5
S31508012770000000000000000000000000000000004A
S31508012780000000000000BFF79EF79EF79EF79EF730
S315080127909EF79EF79EF79EF79EF79EF79EF79294F1
S315080127A0D39C96B575B575B575B575B575B575B564
S315080127B075B575B596B5518C55ADBEF79EF79EF7AD
S315080127C09EF79EF79EF79EF79EF79EF79EF79EF752
S315080127D09EF79EF79EF79EF79EF79EF79EF79EF742
S315080127E09EF7BFF776ADCF7B96B575B575B575B559
S315080127F075B575B575B575B575B575B534A5518C18
S315080128005DEF9EF79EF79EF79EF79EF79EF79EF75A
S31508012810BFF714A5308496B575B575B575B575B593
S3150801282075B575B575B575B596B5F3A4F39C9EF7EB
S315080128309EF79EF79EF79EF79EF79EF79EF79EF7E1
S315080128409EF79EF79EF7BEF7B6B5518C96B575B548
S3150801285075B575B575B575B575B575B575B596B5F8
S31508012860F39CEF7B7EEF9EF79EF79EF79EF79EF70A
S315080128709EF79EF79EF79EF79EF79EF79EF79EF7A1
S31508012880BEF79AD6CF7B75AD75B575B575B575B500
S3150801289075B575B575B575B575B575AD1084DBDEE8
S315080128A0BEF79EF79EF79EF79EF79EF79EF79EF751
S315080128B09EF7BEF73CE7CF7B55AD75B575B575B5D2
S315080128C075B575B575B575B575B575B596B5CF7B68
S315080128D039C6BEF79EF79EF79EF79EF79EF79EF7B7
S315080128E09EF79EF79EF79EF7BEF73DE7518C34ADEE
S315080128F075B575B575B575B575B575B575B575B579
S3150801290075B596B5CF7BF8BDBFF79EF79EF79EF7CF
S315080129109EF79EF79EF7BEF7DBD64D6B71949294A0
S3150801292092949294929492949294929492940C631F
S31508012930F8BDBFF79EF79EF79EF79EF79EF79EF79F
S315080129409EF70000000000000000000000000000E3
S315080129500000000000000000000000000000000068
S315080129600000000000009FF7BEF79EF79EF79EF74E
S315080129709EF79EF79EF79EF79EF79EF79EF792940F
S31508012980B29C75AD55AD55AD55AD55AD55AD55ADBC
S3150801299055AD55AD75AD308455ADBEF79EF79EF76D
S315080129A09EF79EF79EF79EF79EF79EF79EF79EF770
S315080129B09EF79EF79EF79EF79EF79EF79EF79EF760
S315080129C09EF7BFF776ADAE7375AD55AD55AD55AD41
S315080129D055AD55AD55AD55AD55AD75AD14A530844F
S315080129E05DEF9EF79EF79EF79EF79EF79EF79EF779
S315080129F0BFF714A5108475AD55AD55AD55AD55AD9B
S31508012A0055AD55AD55AD55AD75ADF39CD39C9EF7FA
S31508012A109EF79EF79EF79EF79EF79EF79EF79EF7FF
S31508012A209EF79EF79EF7BEF7B6B5308475AD55ADE0
S31508012A3055AD55AD55AD55AD55AD55AD55AD75AD57
S31508012A40D39CEF7B7EEF9EF79EF79EF79EF79EF748
S31508012A509EF79EF79EF79EF79EF79EF79EF79EF7BF
S31508012A60BEF79AD6AE7355AD55AD55AD55AD55AD07
S31508012A7055AD55AD55AD55AD55AD55AD1084DBDEEE
S31508012A80BEF79EF79EF79EF79EF79EF79EF79EF76F
S31508012A909EF7BEF73CE7CF7B34A555AD55AD55AD91
S31508012AA055AD55AD55AD55AD55AD55AD75ADCF7B9F
S31508012AB039C6BEF79EF79EF79EF79EF79EF79EF7D5
S31508012AC09EF79EF79EF79EF7BEF73DE7308414A55D
S31508012AD075AD55AD55AD55AD55AD55AD55AD55ADB7
S31508012AE055AD75ADCF7BF8BDBFF79EF79EF79EF73F
S31508012AF09EF79EF79EF7BEF7DBDECF7B55AD75AD2C
S31508012B0075AD75AD75AD75AD75AD75AD75AD8E73C7
S31508012B1018BEBFF79EF79EF79EF79EF79EF79EF79C
S31508012B20BEF70000000000000000000000000000E1
S31508012B300000000000000000000000000000000086
S31508012B40000000000000DFF79EF79EF79EF79EF74C
S31508012B509EF79EF79EF79EF79EF79EF79EF7728C55
S31508012B60B29455AD34AD34AD34AD34AD34AD34ADC8
S31508012B7034AD34AD55AD308455ADBEF79EF79EF7ED
S31508012B809EF79EF79EF79EF79EF79EF79EF79EF78E
S31508012B909EF79EF79EF79EF79EF79EF79EF79EF77E
S31508012BA09EF7BFF776AD8E7355AD34AD34AD34AD02
S31508012BB034AD34AD34AD34AD34AD55ADF39C30845C
S31508012BC05DEF9EF79EF79EF79EF79EF79EF79EF797
S31508012BD0BFF714A5EF8355AD34AD34AD34AD34AD7F
S31508012BE034AD34AD34AD34AD55ADD39CD39C9EF7DD
S31508012BF09EF79EF79EF79EF79EF79EF79EF79EF71E
S31508012C009EF79EF79EF7BEF7B6B5308455AD34AD3F
S31508012C1034AD34AD34AD34AD34AD34AD34AD55AD7C
S31508012C20B29CEF7B7EEF9EF79EF79EF79EF79EF787
S31508012C309EF79EF79EF79EF79EF79EF79EF79EF7DD
S31508012C40BEF79AD6AE7334A555AD34AD34AD34ADB1
S31508012C5034AD34AD34AD34AD55AD34A51084DBDEB9
S31508012C60BEF79EF79EF79EF79EF79EF79EF79EF78D
S31508012C709EF7BEF73CE7AE7314A555AD34AD34AD3A
S31508012C8034AD34AD34AD34AD34AD34AD55ADAE73CC
S31508012C9039C6BEF79EF79EF79EF79EF79EF79EF7F3
S31508012CA09EF79EF79EF79EF7BEF73DE7308414A57B
S31508012CB055AD34AD34AD34AD34AD34AD34AD34ADDC
S31508012CC055AD55ADAE73F8BDBFF79EF79EF79EF7A6
S31508012CD09EF79EF79EF7BEF7DBDEAE7334A555ADBC
S31508012CE034AD34AD34AD34AD34AD34AD55AD6D6BB5
S31508012CF018BEBFF79EF79EF79EF79EF79EF79EF7BB
S31508012D009EF700000000000000000000000000001F
S31508012D1000000000000000000000000000000000A4
S31508012D20000000000000BEF79EF79EF79EF79EF78B
S31508012D309EF79EF79EF79EF79EF79EF79EF7728C73
S31508012D40929434A534A534A534A534A534A534A55F
S31508012D5034A534A534A5108455ADBEF79EF79EF764
S31508012D609EF79EF79EF79EF79EF79EF79EF79EF7AC
S31508012D709EF79EF79EF79EF79EF79EF79EF79EF79C
S31508012D809EF7BFF776AD8E7334A534A534A534A561
S31508012D9034A534A534A534A534A534A5D39C3084EB
S31508012DA05DEF9EF79EF79EF79EF79EF79EF79EF7B5
S31508012DB0BFF714A5EF7B34A534A534A534A534A5EE
S31508012DC034A534A534A534A534A5B294D39C9EF76D
S31508012DD09EF79EF79EF79EF79EF79EF79EF79EF73C
S31508012DE09EF79EF79EF7BEF7B6B5108434A534A5AF
S31508012DF034A534A534A534A534A534A534A534A5FC
S31508012E00B294EF7B7EEF9EF79EF79EF79EF79EF7AD
S31508012E109EF79EF79EF79EF79EF79EF79EF79EF7FB
S31508012E20BEF79AD68E7314A534A534A534A534A550
S31508012E3034A534A534A534A534A514A5EF7BDBDE6A
S31508012E40BEF79EF79EF79EF79EF79EF79EF79EF7AB
S31508012E509EF7BEF73CE7AE73F3A434A534A534A5B3
S31508012E6034A534A534A534A534A534A534A5AE7343
S31508012E7039C6BEF79EF79EF79EF79EF79EF79EF711
S31508012E809EF79EF79EF79EF7BEF73DE73084F39CC3
S31508012E9034A534A534A534A534A534A534A534A55B
S31508012EA034A534A5AE7318BEBFF79EF79EF79EF7F5
S31508012EB09EF79EF79EF7BEF7DBDEAE7314A534A523
S31508012EC034A534A534A534A534A534A534A56D6B2C
S31508012ED018BEBFF79EF79EF79EF79EF79EF79EF7D9
S31508012EE0BEF700000000000000000000000000001E
S31508012EF000000000000000000000000000000000C3
S31508012F00000000000000BEF7BEF79EF79EF79EF789
S31508012F109EF79EF79EF79EF79EF79EF79EF7718C92
S31508012F20718C14A514A514A514A514A514A514A586
S31508012F3014A514A514A5EF7B55ADBEF79EF79EF70C
S31508012F409EF79EF79EF79EF79EF79EF79EF79EF7CA
S31508012F509EF79EF79EF79EF79EF79EF79EF79EF7BA
S31508012F609EF7BFF776AD6D6B14A514A514A514A528
S31508012F7014A514A514A514A514A514A5D29C1084EA
S31508012F807DEF9EF79EF79EF79EF79EF79EF79EF7B3
S31508012F90BFF714A5CF7B14A514A514A514A514A5CC
S31508012FA014A514A514A514A514A59294D39C9EF74B
S31508012FB09EF79EF79EF79EF79EF79EF79EF79EF75A
S31508012FC09EF79EF79EF7BEF7B6B5EF7B14A514A537
S31508012FD014A514A514A514A514A514A514A514A51A
S31508012FE09294EF7B7EEF9EF79EF79EF79EF79EF7EC
S31508012FF09EF79EF79EF79EF79EF79EF79EF79EF71A
S31508013000BEF79AD68E73F39C14A514A514A514A518
S3150801301014A514A514A514A514A5F39CEF7BDBDE52
S31508013020BEF79EF79EF79EF79EF79EF79EF79EF7C9
S315080130309EF7BEF73CE7AE73F39C14A514A514A539
S3150801304014A514A514A514A514A514A514A58E7361
S3150801305059CEBFF7BEF7BEF7BEF7BEF7BEF7BEF746
S31508013060BEF7BEF7BEF7BEF7BFF73DE71084D39CA0
S3150801307014A514A514A514A514A514A514A514A579
S3150801308014A514A58E73F7BDDFF7BEF7BEF7BEF715
S31508013090BEF7BEF7BEF7BFF7DBDE8E73F39C14A54A
S315080130A014A514A514A514A514A514A514A54D6B4A
S315080130B018BEBFF79EF79EF79EF79EF79EF79EF7F7
S315080130C0BEF700000000000000000000000000003C
S315080130D000000000000000000000000000000000E1
S315080130E0000000000000FFF79EF79EF79EF79EF787
S315080130F09EF79EF79EF79EF79EF79EF79EF7718CB1
S31508013100518CF39CF39CF39CF39CF39CF39CF39CEA
S31508013110F39CF39CF39CEF7B55ADBEF79EF79EF7A8
S315080131209EF79EF79EF79EF79EF79EF79EF79EF7E8
S315080131309EF79EF79EF79EF79EF79EF79EF79EF7D8
S315080131409EF7BFF776AD6D6BF39CF39CF39CF39CEE
S31508013150F39CF39CF39CF39CF39CF39CB29410842C
S315080131607DEF9EF79EF79EF79EF79EF79EF79EF7D1
S31508013170BFF714A5AE73F39CF39CF39CF39CF39CE5
S31508013180F39CF39CF39CF39CF39C718CD39C9EF764
S315080131909EF79EF79EF79EF79EF79EF79EF79EF778
S315080131A09EF79EF79EF7BFF7B6B5EF7BF39CF39CA8
S315080131B0F39CF39CF39CF39CF39CF39CF39CF39C88
S315080131C0718CEF7B7EEF9EF79EF79EF79EF79EF733
S315080131D09EF79EF79EF79EF79EF79EF79EF79EF738
S315080131E0BEF79AD68E73D39CF39CF39CF39CF39CFF
S315080131F0F39CF39CF39CF39CF39CD39CCF7BDBDE83
S31508013200BEF79EF79EF79EF79EF79EF79EF79EF7E7
S315080132109EF7BEF73CE78E73D39CF39CF39CF39C15
S31508013220F39CF39CF39CF39CF39CF39CF39C6D6BCE
S31508013230518C34A534A534A534A534A534A534A5B3
S3150801324034A534A534A514A5D7BD3CE71084B2949A
S31508013250F39CF39CF39CF39CF39CF39CF39CF39CE7
S31508013260F39CF39C1084EF7B34A534A534A534A5CF
S3150801327034A534A534A534A5718C8E73F39CF39CBF
S31508013280F39CF39CF39CF39CF39CF39CF39C4D6B8E
S3150801329018BEBFF79EF79EF79EF79EF79EF79EF715
S315080132A09EF700000000000000000000000000007A
S315080132B000000000000000000000000000000000FF
S315080132C0000000000000FFFF9EF79EF79EF79EF79D
S315080132D09EF79EF79EF79EF79EF79EF79EF7718CCF
S315080132E03084D39CD39CD39CD39CD39CD39CD39C12
S315080132F0D39CD39CD39CCF7B55A5BEF79EF79EF74F
S315080133009EF79EF79EF79EF79EF79EF79EF79EF706
S315080133109EF79EF79EF79EF79EF79EF79EF79EF7F6
S315080133209EF7BFF776AD4D6BD39CD39CD39CD39CAC
S31508013330D39CD39CD39CD39CD39CD39C929410842A
S315080133407DEF9EF79EF79EF79EF79EF79EF79EF7EF
S31508013350BFF714A5AE73D39CD39CD39CD39CD39CA3
S31508013360D39CD39CD39CD39CD39C518CB3949EF76A
S315080133709EF79EF79EF79EF79EF79EF79EF79EF796
S315080133809EF79EF79EF7BFF7B6B5CF7BD39CD39C26
S31508013390D39CD39CD39CD39CD39CD39CD39CD39CA6
S315080133A0518CEF7B7EEF9EF79EF79EF79EF79EF771
S315080133B09EF79EF79EF79EF79EF79EF79EF79EF756
S315080133C0BEF79AD66D6BB29CD39CD39CD39CD39CE7
S315080133D0D39CD39CD39CD39CD39CB29CCF7BDBDE62
S315080133E0BEF79EF79EF79EF79EF79EF79EF79EF706
S315080133F09EF7BEF73CE78E73B294D39CD39CD39CBD
S31508013400D39CD39CD39CD39CD39CD39CD39C718CA7
S3150801341010841084108410841084108410841084FD
S31508013420108410841084AE73AE731CDF10849294DA
S31508013430D39CD39CD39CD39CD39CD39CD39CD39C05
S31508013440D39CD39CB29C308410841084108410843D
S3150801345010841084108410841084B294D39CD39C55
S31508013460D39CD39CD39CD39CD39CD39CD39C4D6B8C
S3150801347018C6BFF79EF79EF79EF79EF79EF79EF72B
S31508013480BFF7000000000000000000000000000077
S31508013490000000000000000000000000000000001D
S315080134A0000000000000FFFF9EF79EF79EF79EF7BB
S315080134B09EF79EF79EF79EF79EF79EF79EF7718CED
S315080134C01084B294B294B294B294B294B294B2946F
S315080134D0B294B294B29CAE7355A5BEF79EF79EF709
S315080134E09EF79EF79EF79EF79EF79EF79EF79EF725
S315080134F09EF79EF79EF79EF79EF79EF79EF79EF715
S315080135009EF7BFF776AD2C6BB29CB294B294B29487
S31508013510B294B294B294B294B294B294718C108467
S315080135207DEF9EF79EF79EF79EF79EF79EF79EF70D
S31508013530BFF714A58E73B29CB294B294B294B294A6
S31508013540B294B294B294B294B294518CB2949EF756
S315080135509EF79EF79EF79EF79EF79EF79EF79EF7B4
S315080135609EF79EF79EF7BFF7B6B5AE73B29CB294B7
S31508013570B294B294B294B294B294B294B294B2940C
S315080135803084CF7B7EEF9EF79EF79EF79EF79EF7D8
S315080135909EF79EF79EF79EF79EF79EF79EF79EF774
S315080135A0BEF79AD66D6B9294B294B294B294B294D1
S315080135B0B294B294B294B294B2949294AE73DBDE9E
S315080135C0BEF79EF79EF79EF79EF79EF79EF79EF724
S315080135D09EF7BEF73CE78E739294B294B294B29476
S315080135E0B294B294B294B294B294B294B294B2949C
S315080135F0B294B294B294B294B294B294B294B2948C
S31508013600B294B294B29C518CAE731CE71084718C3F
S31508013610B294B294B294B294B294B294B294B2946B
S31508013620B294B294B294B294B294B294B294B2945B
S31508013630B294B294B294B294B294B294B294B2944B
S31508013640B294B294B294B294B294B294B2948E7380
S315080136509AD6BEF79EF79EF79EF79EF79EF79EF7B8
S31508013660BEF7000000000000000000000000000096
S31508013670000000000000000000000000000000003B
S315080136800000000000000000BEF79EF79EF79EF7B7
S315080136909EF79EF79EF79EF79EF79EF79EF7718C0B
S315080136A0108492949294929492949294929492946D
S315080136B092949294B294AE7355A5BEF79EF79EF76F
S315080136C09EF79EF79EF79EF79EF79EF79EF79EF743
S315080136D09EF79EF79EF79EF79EF79EF79EF79EF733
S315080136E09EF7BFF776AD2C63B29492949294929416
S315080136F0929492949294929492949294518CF07B8F
S315080137007DEF9EF79EF79EF79EF79EF79EF79EF72B
S31508013710BFF714A56D73B29492949294929492946D
S31508013720929492949294929492943084B2949EF73D
S315080137309EF79EF79EF79EF79EF79EF79EF79EF7D2
S315080137409EF79EF79EF7BFF796B5AE73B29492941D
S31508013750929492949294929492949294929492942A
S315080137603084CF7B7EEF9EF79EF79EF79EF79EF7F6
S315080137709EF79EF79EF79EF79EF79EF79EF79EF792
S31508013780BEF79AD64D6B929492949294929492948F
S31508013790929492949294929492949294AE73DBDE5C
S315080137A0BEF79EF79EF79EF79EF79EF79EF79EF742
S315080137B09EF7BEF73CE78E73718C9294929492941D
S315080137C092949294929492949294929492949294BA
S315080137D092949294929492949294929492949294AA
S315080137E09294929492943084AE735DEFD3948E73CF
S315080137F0929492949294929492949294929492948A
S315080138009294929492949294929492949294929479
S315080138109294929492949294929492949294929469
S31508013820929492949294929492949294AE7B3084C8
S315080138307DEF9EF79EF79EF79EF79EF79EF79EF7FA
S31508013840DFF7000000000000000000000000000093
S315080138500000000000000000000000000000000059
S315080138600000000000000000BEF79EF79EF79EF7D5
S315080138709EF79EF79EF79EF79EF79EF79EF7518C49
S315080138806D6BEF7BEF7BEF7BEF7BEF7BEF7BEF7B6B
S31508013890EF7BEF7BEF7B2C6335A5BEF79EF79EF793
S315080138A09EF79EF79EF79EF79EF79EF79EF79EF761
S315080138B09EF79EF79EF79EF79EF79EF79EF79EF751
S315080138C09EF7BFF775ADAA5AEF7BEF7BEF7BEF7BD0
S315080138D0EF7BEF7BEF7BEF7BEF7BEF7BAE73CF7BF2
S315080138E07DEF9EF79EF79EF79EF79EF79EF79EF74A
S315080138F0BFF7F49CEB62EF7BEF7BEF7BEF7BEF7B14
S31508013900EF7BEF7BEF7BEF7BEF7B8E7392949EF7DA
S315080139109EF79EF79EF79EF79EF79EF79EF79EF7F0
S315080139209EF79EF79EF7BFF796B52C63EF7BEF7B65
S31508013930EF7BEF7BEF7BEF7BEF7BEF7BEF7BEF7B28
S315080139408E73AE737EEF9EF79EF79EF79EF79EF7F0
S315080139509EF79EF79EF79EF79EF79EF79EF79EF7B0
S31508013960BEF79AD60C63CF7BEF7BEF7BEF7BEF7BC2
S31508013970EF7BEF7BEF7BEF7BEF7BCF7B4D6BDBDE6B
S31508013980BEF79EF79EF79EF79EF79EF79EF79EF760
S315080139909EF7BEF73CE74D6BCF7BEF7BEF7BEF7B6B
S315080139A0EF7BEF7BEF7BEF7BEF7BEF7BEF7BEF7BB8
S315080139B0EF7BEF7BEF7BEF7BEF7BEF7BEF7BEF7BA8
S315080139C0EF7BEF7BEF7B8E738E737DEF1CE7518464
S315080139D04D6BAE73EF7BEF7BEF7BEF7BEF7BEF7B83
S315080139E0EF7BEF7BEF7BEF7BEF7BEF7BEF7BEF7B78
S315080139F0EF7BEF7BEF7BEF7BEF7BEF7BEF7BEF7B68
S31508013A00EF7BEF7BEF7BEF7BCF7B4D6BEF7BDBD6E2
S31508013A10BEF79EF79EF79EF79EF79EF79EF7BEF7AF
S31508013A20BEF70000000000000000000000000000D2
S31508013A300000000000000000000000000000000077
S31508013A4000000000000000009EF79EF79EF79EF713
S31508013A509EF79EF79EF79EF79EF79EF79EF7F8BD8F
S31508013A60F49C14A5F49CF39CD39CD39CD394D39433
S31508013A70B294B294B294D39C9AD6BEF79EF79EF7A7
S31508013A809EF79EF79EF79EF79EF79EF79EF79EF77F
S31508013A909EF79EF79EF79EF79EF79EF79EF79EF76F
S31508013AA09EF7BEF779CE3184718C718C718C718CCD
S31508013AB0718C718C718C718C718C718C518C14A573
S31508013AC07EEF9EF79EF79EF79EF79EF79EF79EF767
S31508013AD0BEF738C6518C718C718C718C718C718C56
S31508013AE0718C718C718C718C718C518CB6B59EF7F9
S31508013AF09EF79EF79EF79EF79EF79EF79EF79EF70F
S31508013B009EF79EF79EF7BEF779CE518C718C718C14
S31508013B10718C718C718C718C718C718C718C718CAE
S31508013B20518C55AD9EEF9EF79EF79EF79EF79EF731
S31508013B309EF79EF79EF79EF79EF79EF79EF79EF7CE
S31508013B40BEF71CE79294718C718C718C718C718C97
S31508013B50718C718C718C718C718C718CB2943CE7FF
S31508013B60BEF79EF79EF79EF79EF79EF79EF79EF77E
S31508013B709EF79EF75DEFF39C718C718C718C718C3D
S31508013B80718C718C718C718C718C718C718C718C3E
S31508013B90718C718C718C718C718C718C718C718C2E
S31508013BA0718C718C718C518C34A57EEFBEF77DEFCB
S31508013BB018C614A59294718C718C718C718C718C48
S31508013BC0718C718C718C718C718C718C718C718CFE
S31508013BD0718C718C718C718C718C718C718C718CEE
S31508013BE0718C718C718C728CF39CD7BD5DE7BEF7B5
S31508013BF09EF79EF79EF79EF79EF79EF79EF7BEF7EE
S31508013C00FFFF0000000000000000000000000000A7
S31508013C100000000000000000000000000000000095
S31508013C2000000000000000009EF79EF79EF79EF731
S31508013C309EF79EF79EF79EF79EF79EF79EF7BEF7AD
S31508013C40BEF7BEF7BEF7BEF7BEF7BEF7BEF7BEF7BD
S31508013C50BEF7BEF7BEF7BEF7BEF79EF79EF79EF70D
S31508013C609EF79EF79EF79EF79EF79EF79EF79EF79D
S31508013C709EF79EF79EF79EF79EF79EF79EF79EF78D
S31508013C809EF79EF7BEF7BEF7BEF7BEF7BEF7BEF7BD
S31508013C90BEF7BEF7BEF7BEF7BEF7BEF7BEF7BEF76D
S31508013CA09EF79EF79EF79EF79EF79EF79EF79EF75D
S31508013CB09EF7BEF7BEF7BEF7BEF7BEF7BEF7BEF76D
S31508013CC0BEF7BEF7BEF7BEF7BEF7BEF7BEF79EF75D
S31508013CD09EF79EF79EF79EF79EF79EF79EF79EF72D
S31508013CE09EF79EF79EF79EF79EF7BEF7BEF7BEF7BD
S31508013CF0BEF7BEF7BEF7BEF7BEF7BEF7BEF7BEF70D
S31508013D00BEF7BEF79EF79EF79EF79EF79EF79EF7BC
S31508013D109EF79EF79EF79EF79EF79EF79EF79EF7EC
S31508013D209EF79EF7BEF7BEF7BEF7BEF7BEF7BEF71C
S31508013D30BEF7BEF7BEF7BEF7BEF7BEF7BEF79EF7EC
S31508013D409EF79EF79EF79EF79EF79EF79EF79EF7BC
S31508013D509EF79EF79EF7BEF7BEF7BEF7BEF7BEF70C
S31508013D60BEF7BEF7BEF7BEF7BEF7BEF7BEF7BEF79C
S31508013D70BEF7BEF7BEF7BEF7BEF7BEF7BEF7BEF78C
S31508013D80BEF7BEF7BEF7BEF7BEF79EF79EF79EF7DC
S31508013D90BEF7BEF7BEF7BEF7BEF7BEF7BEF7BEF76C
S31508013DA0BEF7BEF7BEF7BEF7BEF7BEF7BEF7BEF75C
S31508013DB0BEF7BEF7BEF7BEF7BEF7BEF7BEF7BEF74C
S31508013DC0BEF7BEF7BEF7BEF7BEF7BFF7BEF79EF75B
S31508013DD09EF79EF79EF79EF79EF79EF79EF7BEF70C
S31508013DE0FFFF0000000000000000000000000000C6
S31508013DF000000000000000000000000000000000B4
S31508013E0000000000000000009FF79EF79EF79EF74E
S31508013E109EF79EF79EF79EF79EF79EF79EF79EF7EB
S31508013E209EF79EF79EF79EF79EF79EF79EF79EF7DB
S31508013E309EF79EF79EF79EF79EF79EF79EF79EF7CB
S31508013E409EF79EF79EF79EF79EF79EF79EF79EF7BB
S31508013E509EF79EF79EF79EF79EF79EF79EF79EF7AB
S31508013E609EF79EF79EF79EF79EF79EF79EF79EF79B
S31508013E709EF79EF79EF79EF79EF79EF79EF79EF78B
S31508013E809EF79EF79EF79EF79EF79EF79EF79EF77B
S31508013E909EF79EF79EF79EF79EF79EF79EF79EF76B
S31508013EA09EF79EF79EF79EF79EF79EF79EF79EF75B
S31508013EB09EF79EF79EF79EF79EF79EF79EF79EF74B
S31508013EC09EF79EF79EF79EF79EF79EF79EF79EF73B
S31508013ED09EF79EF79EF79EF79EF79EF79EF79EF72B
S31508013EE09EF79EF79EF79EF79EF79EF79EF79EF71B
S31508013EF09EF79EF79EF79EF79EF79EF79EF79EF70B
S31508013F009EF79EF79EF79EF79EF79EF79EF79EF7FA
S31508013F109EF79EF79EF79EF79EF79EF79EF79EF7EA
S31508013F209EF79EF79EF79EF79EF79EF79EF79EF7DA
S31508013F309EF79EF79EF79EF79EF79EF79EF79EF7CA
S31508013F409EF79EF79EF79EF79EF79EF79EF79EF7BA
S31508013F509EF79EF79EF79EF79EF79EF79EF79EF7AA
S31508013F609EF79EF79EF79EF79EF79EF79EF79EF79A
S31508013F709EF79EF79EF79EF79EF79EF79EF79EF78A
S31508013F809EF79EF79EF79EF79EF79EF79EF79EF77A
S31508013F909EF79EF79EF79EF79EF79EF79EF79EF76A
S31508013FA09EF79EF79EF79EF79EF79EF79EF79EF75A
S31508013FB09EF79EF79EF79EF79EF79EF79EF79EF74A
S31508013FC000000000000000000000000000000000E2
S31508013FD000000000000000000000000000000000D2
S31508013FE000000000000000009FF79EF79EF79EF76D
S31508013FF09EF79EF79EF79EF79EF79EF79EF79EF70A
S315080140009EF79EF79EF79EF79EF79EF79EF79EF7F9
S315080140109EF79EF79EF79EF79EF79EF79EF79EF7E9
S315080140209EF79EF79EF79EF79EF79EF79EF79EF7D9
S315080140309EF79EF79EF79EF79EF79EF79EF79EF7C9
S315080140409EF79EF79EF79EF79EF79EF79EF79EF7B9
S315080140509EF79EF79EF79EF79EF79EF79EF79EF7A9
S315080140609EF79EF79EF79EF79EF79EF79EF79EF799
S315080140709EF79EF79EF79EF79EF79EF79EF79EF789
S315080140809EF79EF79EF79EF79EF79EF79EF79EF779
S315080140909EF79EF79EF79EF79EF79EF79EF79EF769
S315080140A09EF79EF79EF79EF79EF79EF79EF79EF759
S315080140B09EF79EF79EF79EF79EF79EF79EF79EF749
S315080140C09EF79EF79EF79EF79EF79EF79EF79EF739
S315080140D09EF79EF79EF79EF79EF79EF79EF79EF729
S315080140E09EF79EF79EF79EF79EF79EF79EF79EF719
S315080140F09EF79EF79EF79EF79EF79EF79EF79EF709
S315080141009EF79EF79EF79EF79EF79EF79EF79EF7F8
S315080141109EF79EF79EF79EF79EF79EF79EF79EF7E8
S315080141209EF79EF79EF79EF79EF79EF79EF79EF7D8
S315080141309EF79EF79EF79EF79EF79EF79EF79EF7C8
S315080141409EF79EF79EF79EF79EF79EF79EF79EF7B8
S315080141509EF79EF79EF79EF79EF79EF79EF79EF7A8
S315080141609EF79EF79EF79EF79EF79EF79EF79EF798
S315080141709EF79EF79EF79EF79EF79EF79EF79EF788
S315080141809EF79EF79EF79EF79EF79EF79EF79EF778
S315080141909EF79EF79EF79EF79EF79EF79EF7BEF748
S315080141A00000000000000000000000000000000000
S315080141B000000000000000000000000000000000F0
S315080141C00000000000000000FFFF9EF79EF79EF723
S315080141D09EF79EF79EF79EF79EF79EF79EF79EF728
S315080141E09EF79EF79EF79EF79EF79EF79EF79EF718
S315080141F09EF79EF79EF79EF79EF79EF79EF79EF708
S315080142009EF79EF79EF79EF79EF79EF79EF79EF7F7
S315080142109EF79EF79EF79EF79EF79EF79EF79EF7E7
S315080142209EF79EF79EF79EF79EF79EF79EF79EF7D7
S315080142309EF79EF79EF79EF79EF79EF79EF79EF7C7
S315080142409EF79EF79EF79EF79EF79EF79EF79EF7B7
S315080142509EF79EF79EF79EF79EF79EF79EF79EF7A7
S315080142609EF79EF79EF79EF79EF79EF79EF79EF797
S315080142709EF79EF79EF79EF79EF79EF79EF79EF787
S315080142809EF79EF79EF79EF79EF79EF79EF79EF777
S315080142909EF79EF79EF79EF79EF79EF79EF79EF767
S315080142A09EF79EF79EF79EF79EF79EF79EF79EF757
S315080142B09EF79EF79EF79EF79EF79EF79EF79EF747
S315080142C09EF79EF79EF79EF79EF79EF79EF79EF737
S315080142D09EF79EF79EF79EF79EF79EF79EF79EF727
S315080142E09EF79EF79EF79EF79EF79EF79EF79EF717
S315080142F09EF79EF79EF79EF79EF79EF79EF79EF707
S315080143009EF79EF79EF79EF79EF79EF79EF79EF7F6
S315080143109EF79EF79EF79EF79EF79EF79EF79EF7E6
S315080143209EF79EF79EF79EF79EF79EF79EF79EF7D6
S315080143309EF79EF79EF79EF79EF79EF79EF79EF7C6
S315080143409EF79EF79EF79EF79EF79EF79EF79EF7B6
S315080143509EF79EF79EF79EF79EF79EF79EF79EF7A6
S315080143609EF79EF79EF79EF79EF79EF79EF79EF796
S315080143709EF79EF79EF79EF79EF79EF79EF79EF786
S31508014380000000000000000000000000000000001E
S31508014390000000000000000000000000000000000E
S315080143A000000000000000000000BEF79EF79EF71F
S315080143B09EF79EF79EF79EF79EF79EF79EF79EF746
S315080143C09EF79EF79EF79EF79EF79EF79EF79EF736
S315080143D09EF79EF79EF79EF79EF79EF79EF79EF726
S315080143E09EF79EF79EF79EF79EF79EF79EF79EF716
S315080143F09EF79EF79EF79EF79EF79EF79EF79EF706
S315080144009EF79EF79EF79EF79EF79EF79EF79EF7F5
S315080144109EF79EF79EF79EF79EF79EF79EF79EF7E5
S315080144209EF79EF79EF79EF79EF79EF79EF79EF7D5
S315080144309EF79EF79EF79EF79EF79EF79EF79EF7C5
S315080144409EF79EF79EF79EF79EF79EF79EF79EF7B5
S315080144509EF79EF79EF79EF79EF79EF79EF79EF7A5
S315080144609EF79EF79EF79EF79EF79EF79EF79EF795
S315080144709EF79EF79EF79EF79EF79EF79EF79EF785
S315080144809EF79EF79EF79EF79EF79EF79EF79EF775
S315080144909EF79EF79EF79EF79EF79EF79EF79EF765
S315080144A09EF79EF79EF79EF79EF79EF79EF79EF755
S315080144B09EF79EF79EF79EF79EF79EF79EF79EF745
S315080144C09EF79EF79EF79EF79EF79EF79EF79EF735
S315080144D09EF79EF79EF79EF79EF79EF79EF79EF725
S315080144E09EF79EF79EF79EF79EF79EF79EF79EF715
S315080144F09EF79EF79EF79EF79EF79EF79EF79EF705
S315080145009EF79EF79EF79EF79EF79EF79EF79EF7F4
S315080145109EF79EF79EF79EF79EF79EF79EF79EF7E4
S315080145209EF79EF79EF79EF79EF79EF79EF79EF7D4
S315080145309EF79EF79EF79EF79EF79EF79EF79EF7C4
S315080145409EF79EF79EF79EF79EF79EF79EF79EF7B4
S315080145509EF79EF79EF79EF79EF79EF79EF7DFFF5B
S31508014560000000000000000000000000000000003C
S31508014570000000000000000000000000000000002C
S3150801458000000000000000000000BEF79EF79EF73D
S315080145909EF79EF79EF79EF79EF79EF79EF79EF764
S315080145A09EF79EF79EF79EF79EF79EF79EF79EF754
S315080145B09EF79EF79EF79EF79EF79EF79EF79EF744
S315080145C09EF79EF79EF79EF79EF79EF79EF79EF734
S315080145D09EF79EF79EF79EF79EF79EF79EF79EF724
S315080145E09EF79EF79EF79EF79EF79EF79EF79EF714
S315080145F09EF79EF79EF79EF79EF79EF79EF79EF704
S315080146009EF79EF79EF79EF79EF79EF79EF79EF7F3
S315080146109EF79EF79EF79EF79EF79EF79EF79EF7E3
S315080146209EF79EF79EF79EF79EF79EF79EF79EF7D3
S315080146309EF79EF79EF79EF79EF79EF79EF79EF7C3
S315080146409EF79EF79EF79EF79EF79EF79EF79EF7B3
S315080146509EF79EF79EF79EF79EF79EF79EF79EF7A3
S315080146609EF79EF79EF79EF79EF79EF79EF79EF793
S315080146709EF79EF79EF79EF79EF79EF79EF79EF783
S315080146809EF79EF79EF79EF79EF79EF79EF79EF773
S315080146909EF79EF79EF79EF79EF79EF79EF79EF763
S315080146A09EF79EF79EF79EF79EF79EF79EF79EF753
S315080146B09EF79EF79EF79EF79EF79EF79EF79EF743
S315080146C09EF79EF79EF79EF79EF79EF79EF79EF733
S315080146D09EF79EF79EF79EF79EF79EF79EF79EF723
S315080146E09EF79EF79EF79EF79EF79EF79EF79EF713
S315080146F09EF79EF79EF79EF79EF79EF79EF79EF703
S315080147009EF79EF79EF79EF79EF79EF79EF79EF7F2
S315080147109EF79EF79EF79EF79EF79EF79EF79EF7E2
S315080147209EF79EF79EF79EF79EF79EF79EF79EF7D2
S315080147309EF79EF79EF79EF79EF79EF79EF7FFFF59
S31508014740000000000000000000000000000000005A
S31508014750000000000000000000000000000000004A
S31508014760000000000000000000009EF79EF79EF77B
S315080147709EF79EF79EF79EF79EF79EF79EF79EF782
S315080147809EF79EF79EF79EF79EF79EF79EF79EF772
S315080147909EF79EF79EF79EF79EF79EF79EF79EF762
S315080147A09EF79EF79EF79EF79EF79EF79EF79EF752
S315080147B09EF79EF79EF79EF79EF79EF79EF79EF742
S315080147C09EF79EF79EF79EF79EF79EF79EF79EF732
S315080147D09EF79EF79EF79EF79EF79EF79EF79EF722
S315080147E09EF79EF79EF79EF79EF79EF79EF79EF712
S315080147F09EF79EF79EF79EF79EF79EF79EF79EF702
S315080148009EF79EF79EF79EF79EF79EF79EF79EF7F1
S315080148109EF79EF79EF79EF79EF79EF79EF79EF7E1
S315080148209EF79EF79EF79EF79EF79EF79EF79EF7D1
S315080148309EF79EF79EF79EF79EF79EF79EF79EF7C1
S315080148409EF79EF79EF79EF79EF79EF79EF79EF7B1
S315080148509EF79EF79EF79EF79EF79EF79EF79EF7A1
S315080148609EF79EF79EF79EF79EF79EF79EF79EF791
S315080148709EF79EF79EF79EF79EF79EF79EF79EF781
S315080148809EF79EF79EF79EF79EF79EF79EF79EF771
S315080148909EF79EF79EF79EF79EF79EF79EF79EF761
S315080148A09EF79EF79EF79EF79EF79EF79EF79EF751
S315080148B09EF79EF79EF79EF79EF79EF79EF79EF741
S315080148C09EF79EF79EF79EF79EF79EF79EF79EF731
S315080148D09EF79EF79EF79EF79EF79EF79EF79EF721
S315080148E09EF79EF79EF79EF79EF79EF79EF79EF711
S315080148F09EF79EF79EF79EF79EF79EF79EF79EF701
S315080149009EF79EF79EF79EF79EF79EF79EF79EF7F0
S315080149109EF79EF79EF79EF79EF79EF79EF7FFFF77
S315080149200000000000000000000000000000000078
S315080149300000000000000000000000000000000068
S3150801494000000000000000000000BEF79EF79EF779
S315080149509EF79EF79EF79EF79EF79EF79EF79EF7A0
S315080149609EF79EF79EF79EF79EF79EF79EF79EF790
S315080149709EF79EF79EF79EF79EF79EF79EF79EF780
S315080149809EF79EF79EF79EF79EF79EF79EF79EF770
S315080149909EF79EF79EF79EF79EF79EF79EF79EF760
S315080149A09EF79EF79EF79EF79EF79EF79EF79EF750
S315080149B09EF79EF79EF79EF79EF79EF79EF79EF740
S315080149C09EF79EF79EF79EF79EF79EF79EF79EF730
S315080149D09EF79EF79EF79EF79EF79EF79EF79EF720
S315080149E09EF79EF79EF79EF79EF79EF79EF79EF710
S315080149F09EF79EF79EF79EF79EF79EF79EF79EF700
S31508014A009EF79EF79EF79EF79EF79EF79EF79EF7EF
S31508014A109EF79EF79EF79EF79EF79EF79EF79EF7DF
S31508014A209EF79EF79EF79EF79EF79EF79EF79EF7CF
S31508014A309EF79EF79EF79EF79EF79EF79EF79EF7BF
S31508014A409EF79EF79EF79EF79EF79EF79EF79EF7AF
S31508014A509EF79EF79EF79EF79EF79EF79EF79EF79F
S31508014A609EF79EF79EF79EF79EF79EF79EF79EF78F
S31508014A709EF79EF79EF79EF79EF79EF79EF79EF77F
S31508014A809EF79EF79EF79EF79EF79EF79EF79EF76F
S31508014A909EF79EF79EF79EF79EF79EF79EF79EF75F
S31508014AA09EF79EF79EF79EF79EF79EF79EF79EF74F
S31508014AB09EF79EF79EF79EF79EF79EF79EF79EF73F
S31508014AC09EF79EF79EF79EF79EF79EF79EF79EF72F
S31508014AD09EF79EF79EF79EF79EF79EF79EF79EF71F
S31508014AE09EF79EF79EF79EF79EF79EF79EF79EF70F
S31508014AF09EF79EF79EF79EF79EF79EF79EF7000094
S31508014B000000000000000000000000000000000096
S31508014B100000000000000000000000000000000086
S31508014B2000000000000000000000FFFF9EF79EF74E
S31508014B309EF79EF79EF79EF79EF79EF79EF79EF7BE
S31508014B409EF79EF79EF79EF79EF79EF79EF79EF7AE
S31508014B509EF79EF79EF79EF79EF79EF79EF79EF79E
S31508014B609EF79EF79EF79EF79EF79EF79EF79EF78E
S31508014B709EF79EF79EF79EF79EF79EF79EF79EF77E
S31508014B809EF79EF79EF79EF79EF79EF79EF79EF76E
S31508014B909EF79EF79EF79EF79EF79EF79EF79EF75E
S31508014BA09EF79EF79EF79EF79EF79EF79EF79EF74E
S31508014BB09EF79EF79EF79EF79EF79EF79EF79EF73E
S31508014BC09EF79EF79EF79EF79EF79EF79EF79EF72E
S31508014BD09EF79EF79EF79EF79EF79EF79EF79EF71E
S31508014BE09EF79EF79EF79EF79EF79EF79EF79EF70E
S31508014BF09EF79EF79EF79EF79EF79EF79EF79EF7FE
S31508014C009EF79EF79EF79EF79EF79EF79EF79EF7ED
S31508014C109EF79EF79EF79EF79EF79EF79EF79EF7DD
S31508014C209EF79EF79EF79EF79EF79EF79EF79EF7CD
S31508014C309EF79EF79EF79EF79EF79EF79EF79EF7BD
S31508014C409EF79EF79EF79EF79EF79EF79EF79EF7AD
S31508014C509EF79EF79EF79EF79EF79EF79EF79EF79D
S31508014C609EF79EF79EF79EF79EF79EF79EF79EF78D
S31508014C709EF79EF79EF79EF79EF79EF79EF79EF77D
S31508014C809EF79EF79EF79EF79EF79EF79EF79EF76D
S31508014C909EF79EF79EF79EF79EF79EF79EF79EF75D
S31508014CA09EF79EF79EF79EF79EF79EF79EF79EF74D
S31508014CB09EF79EF79EF79EF79EF79EF79EF79EF73D
S31508014CC09EF79EF79EF79EF79EF79EF79EF79EF72D
S31508014CD09EF79EF79EF79EF79EF79EF79EF70000B2
S31508014CE000000000000000000000000000000000B5
S31508014CF000000000000000000000000000000000A5
S31508014D00000000000000000000000000BEF79EF74A
S31508014D109EF79EF79EF79EF79EF79EF79EF79EF7DC
S31508014D209EF79EF79EF79EF79EF79EF79EF79EF7CC
S31508014D309EF79EF79EF79EF79EF79EF79EF79EF7BC
S31508014D409EF79EF79EF79EF79EF79EF79EF79EF7AC
S31508014D509EF79EF79EF79EF79EF79EF79EF79EF79C
S31508014D609EF79EF79EF79EF79EF79EF79EF79EF78C
S31508014D709EF79EF79EF79EF79EF79EF79EF79EF77C
S31508014D809EF79EF79EF79EF79EF79EF79EF79EF76C
S31508014D909EF79EF79EF79EF79EF79EF79EF79EF75C
S31508014DA09EF79EF79EF79EF79EF79EF79EF79EF74C
S31508014DB09EF79EF79EF79EF79EF79EF79EF79EF73C
S31508014DC09EF79EF79EF79EF79EF79EF79EF79EF72C
S31508014DD09EF79EF79EF79EF79EF79EF79EF79EF71C
S31508014DE09EF79EF79EF79EF79EF79EF79EF79EF70C
S31508014DF09EF79EF79EF79EF79EF79EF79EF79EF7FC
S31508014E009EF79EF79EF79EF79EF79EF79EF79EF7EB
S31508014E109EF79EF79EF79EF79EF79EF79EF79EF7DB
S31508014E209EF79EF79EF79EF79EF79EF79EF79EF7CB
S31508014E309EF79EF79EF79EF79EF79EF79EF79EF7BB
S31508014E409EF79EF79EF79EF79EF79EF79EF79EF7AB
S31508014E509EF79EF79EF79EF79EF79EF79EF79EF79B
S31508014E609EF79EF79EF79EF79EF79EF79EF79EF78B
S31508014E709EF79EF79EF79EF79EF79EF79EF79EF77B
S31508014E809EF79EF79EF79EF79EF79EF79EF79EF76B
S31508014E909EF79EF79EF79EF79EF79EF79EF79EF75B
S31508014EA09EF79EF79EF79EF79EF79EF79EF79EF74B
S31508014EB09EF79EF79EF79EF79EF79EF7BEF70000B0
S31508014EC000000000000000000000000000000000D3
S31508014ED000000000000000000000000000000000C3
S31508014EE0000000000000000000000000BEF79EF769
S31508014EF09EF79EF79EF79EF79EF79EF79EF79EF7FB
S31508014F009EF79EF79EF79EF79EF79EF79EF79EF7EA
S31508014F109EF79EF79EF79EF79EF79EF79EF79EF7DA
S31508014F209EF79EF79EF79EF79EF79EF79EF79EF7CA
S31508014F309EF79EF79EF79EF79EF79EF79EF79EF7BA
S31508014F409EF79EF79EF79EF79EF79EF79EF79EF7AA
S31508014F509EF79EF79EF79EF79EF79EF79EF79EF79A
S31508014F609EF79EF79EF79EF79EF79EF79EF79EF78A
S31508014F709EF79EF79EF79EF79EF79EF79EF79EF77A
S31508014F809EF79EF79EF79EF79EF79EF79EF79EF76A
S31508014F909EF79EF79EF79EF79EF79EF79EF79EF75A
S31508014FA09EF79EF79EF79EF79EF79EF79EF79EF74A
S31508014FB09EF79EF79EF79EF79EF79EF79EF79EF73A
S31508014FC09EF79EF79EF79EF79EF79EF79EF79EF72A
S31508014FD09EF79EF79EF79EF79EF79EF79EF79EF71A
S31508014FE09EF79EF79EF79EF79EF79EF79EF79EF70A
S31508014FF09EF79EF79EF79EF79EF79EF79EF79EF7FA
S315080150009EF79EF79EF79EF79EF79EF79EF79EF7E9
S315080150109EF79EF79EF79EF79EF79EF79EF79EF7D9
S315080150209EF79EF79EF79EF79EF79EF79EF79EF7C9
S315080150309EF79EF79EF79EF79EF79EF79EF79EF7B9
S315080150409EF79EF79EF79EF79EF79EF79EF79EF7A9
S315080150509EF79EF79EF79EF79EF79EF79EF79EF799
S315080150609EF79EF79EF79EF79EF79EF79EF79EF789
S315080150709EF79EF79EF79EF79EF79EF79EF79EF779
S315080150809EF79EF79EF79EF79EF79EF79EF79EF769
S315080150909EF79EF79EF79EF79EF79EF7FFFF000085
S315080150A000000000000000000000000000000000F1
S315080150B000000000000000000000000000000000E1
S315080150C0000000000000000000000000BEF79EF787
S315080150D09EF79EF79EF79EF79EF79EF79EF79EF719
S315080150E09EF79EF79EF79EF79EF79EF79EF79EF709
S315080150F09EF79EF79EF79EF79EF79EF79EF79EF7F9
S315080151009EF79EF79EF79EF79EF79EF79EF79EF7E8
S315080151109EF79EF79EF79EF79EF79EF79EF79EF7D8
S315080151209EF79EF79EF79EF79EF79EF79EF79EF7C8
S315080151309EF79EF79EF79EF79EF79EF79EF79EF7B8
S315080151409EF79EF79EF79EF79EF79EF79EF79EF7A8
S315080151509EF79EF79EF79EF79EF79EF79EF79EF798
S315080151609EF79EF79EF79EF79EF79EF79EF79EF788
S315080151709EF79EF79EF79EF79EF79EF79EF79EF778
S315080151809EF79EF79EF79EF79EF79EF79EF79EF768
S315080151909EF79EF79EF79EF79EF79EF79EF79EF758
S315080151A09EF79EF79EF79EF79EF79EF79EF79EF748
S315080151B09EF79EF79EF79EF79EF79EF79EF79EF738
S315080151C09EF79EF79EF79EF79EF79EF79EF79EF728
S315080151D09EF79EF79EF79EF79EF79EF79EF79EF718
S315080151E09EF79EF79EF79EF79EF79EF79EF79EF708
S315080151F09EF79EF79EF79EF79EF79EF79EF79EF7F8
S315080152009EF79EF79EF79EF79EF79EF79EF79EF7E7
S315080152109EF79EF79EF79EF79EF79EF79EF79EF7D7
S315080152209EF79EF79EF79EF79EF79EF79EF79EF7C7
S315080152309EF79EF79EF79EF79EF79EF79EF79EF7B7
S315080152409EF79EF79EF79EF79EF79EF79EF79EF7A7
S315080152509EF79EF79EF79EF79EF79EF79EF79EF797
S315080152609EF79EF79EF79EF79EF79EF79EF79EF787
S315080152709EF79EF79EF79EF79EF7BEF70000000081
S31508015280000000000000000000000000000000000F
S3150801529000000000000000000000000000000000FF
S315080152A0000000000000000000000000FFFF9EF75C
S315080152B09EF79EF79EF79EF79EF79EF79EF79EF737
S315080152C09EF79EF79EF79EF79EF79EF79EF79EF727
S315080152D09EF79EF79EF79EF79EF79EF79EF79EF717
S315080152E09EF79EF79EF79EF79EF79EF79EF79EF707
S315080152F09EF79EF79EF79EF79EF79EF79EF79EF7F7
S315080153009EF79EF79EF79EF79EF79EF79EF79EF7E6
S315080153109EF79EF79EF79EF79EF79EF79EF79EF7D6
S315080153209EF79EF79EF79EF79EF79EF79EF79EF7C6
S315080153309EF79EF79EF79EF79EF79EF79EF79EF7B6
S315080153409EF79EF79EF79EF79EF79EF79EF79EF7A6
S315080153509EF79EF79EF79EF79EF79EF79EF79EF796
S315080153609EF79EF79EF79EF79EF79EF79EF79EF786
S315080153709EF79EF79EF79EF79EF79EF79EF79EF776
S315080153809EF79EF79EF79EF79EF79EF79EF79EF766
S315080153909EF79EF79EF79EF79EF79EF79EF79EF756
S315080153A09EF79EF79EF79EF79EF79EF79EF79EF746
S315080153B09EF79EF79EF79EF79EF79EF79EF79EF736
S315080153C09EF79EF79EF79EF79EF79EF79EF79EF726
S315080153D09EF79EF79EF79EF79EF79EF79EF79EF716
S315080153E09EF79EF79EF79EF79EF79EF79EF79EF706
S315080153F09EF79EF79EF79EF79EF79EF79EF79EF7F6
S315080154009EF79EF79EF79EF79EF79EF79EF79EF7E5
S315080154109EF79EF79EF79EF79EF79EF79EF79EF7D5
S315080154209EF79EF79EF79EF79EF79EF79EF79EF7C5
S315080154309EF79EF79EF79EF79EF79EF79EF79EF7B5
S315080154409EF79EF79EF79EF79EF79EF79EF79EF7A5
S315080154509EF79EF79EF79EF79EF79EF700000000BF
S31508015460000000000000000000000000000000002D
S31508015470000000000000000000000000000000001D
S3150801548000000000000000000000000000009EF778
S315080154909EF79EF79EF79EF79EF79EF79EF79EF755
S315080154A09EF79EF79EF79EF79EF79EF79EF79EF745
S315080154B09EF79EF79EF79EF79EF79EF79EF79EF735
S315080154C09EF79EF79EF79EF79EF79EF79EF79EF725
S315080154D09EF79EF79EF79EF79EF79EF79EF79EF715
S315080154E09EF79EF79EF79EF79EF79EF79EF79EF705
S315080154F09EF79EF79EF79EF79EF79EF79EF79EF7F5
S315080155009EF79EF79EF79EF79EF79EF79EF79EF7E4
S315080155109EF79EF79EF79EF79EF79EF79EF79EF7D4
S315080155209EF79EF79EF79EF79EF79EF79EF79EF7C4
S315080155309EF79EF79EF79EF79EF79EF79EF79EF7B4
S315080155409EF79EF79EF79EF79EF79EF79EF79EF7A4
S315080155509EF79EF79EF79EF79EF79EF79EF79EF794
S315080155609EF79EF79EF79EF79EF79EF79EF79EF784
S315080155709EF79EF79EF79EF79EF79EF79EF79EF774
S315080155809EF79EF79EF79EF79EF79EF79EF79EF764
S315080155909EF79EF79EF79EF79EF79EF79EF79EF754
S315080155A09EF79EF79EF79EF79EF79EF79EF79EF744
S315080155B09EF79EF79EF79EF79EF79EF79EF79EF734
S315080155C09EF79EF79EF79EF79EF79EF79EF79EF724
S315080155D09EF79EF79EF79EF79EF79EF79EF79EF714
S315080155E09EF79EF79EF79EF79EF79EF79EF79EF704
S315080155F09EF79EF79EF79EF79EF79EF79EF79EF7F4
S315080156009EF79EF79EF79EF79EF79EF79EF79EF7E3
S315080156109EF79EF79EF79EF79EF79EF79EF79EF7D3
S315080156209EF79EF79EF79EF79EF79EF79EF79EF7C3
S315080156309EF79EF79EF79EF79EF79FF700000000DC
S31508015640000000000000000000000000000000004B
S31508015650000000000000000000000000000000003B
S315080156600000000000000000000000000000BEF776
S315080156709EF79EF79EF79EF79EF79EF79EF79EF773
S315080156809EF79EF79EF79EF79EF79EF79EF79EF763
S315080156909EF79EF79EF79EF79EF79EF79EF79EF753
S315080156A09EF79EF79EF79EF79EF79EF79EF79EF743
S315080156B09EF79EF79EF79EF79EF79EF79EF79EF733
S315080156C09EF79EF79EF79EF79EF79EF79EF79EF723
S315080156D09EF79EF79EF79EF79EF79EF79EF79EF713
S315080156E09EF79EF79EF79EF79EF79EF79EF79EF703
S315080156F09EF79EF79EF79EF79EF79EF79EF79EF7F3
S315080157009EF79EF79EF79EF79EF79EF79EF79EF7E2
S315080157109EF79EF79EF79EF79EF79EF79EF79EF7D2
S315080157209EF79EF79EF79EF79EF79EF79EF79EF7C2
S315080157309EF79EF79EF79EF79EF79EF79EF79EF7B2
S315080157409EF79EF79EF79EF79EF79EF79EF79EF7A2
S315080157509EF79EF79EF79EF79EF79EF79EF79EF792
S315080157609EF79EF79EF79EF79EF79EF79EF79EF782
S315080157709EF79EF79EF79EF79EF79EF79EF79EF772
S315080157809EF79EF79EF79EF79EF79EF79EF79EF762
S315080157909EF79EF79EF79EF79EF79EF79EF79EF752
S315080157A09EF79EF79EF79EF79EF79EF79EF79EF742
S315080157B09EF79EF79EF79EF79EF79EF79EF79EF732
S315080157C09EF79EF79EF79EF79EF79EF79EF79EF722
S315080157D09EF79EF79EF79EF79EF79EF79EF79EF712
S315080157E09EF79EF79EF79EF79EF79EF79EF79EF702
S315080157F09EF79EF79EF79EF79EF79EF79EF79EF7F2
S315080158009EF79EF79EF79EF79EF79EF79EF79EF7E1
S315080158109EF79EF79EF79EF79EF7FFFF0000000092
S315080158200000000000000000000000000000000069
S315080158300000000000000000000000000000000059
S315080158400000000000000000000000000000FFFF4B
S315080158509EF79EF79EF79EF79EF79EF79EF79EF791
S315080158609EF79EF79EF79EF79EF79EF79EF79EF781
S315080158709EF79EF79EF79EF79EF79EF79EF79EF771
S315080158809EF79EF79EF79EF79EF79EF79EF79EF761
S315080158909EF79EF79EF79EF79EF79EF79EF79EF751
S315080158A09EF79EF79EF79EF79EF79EF79EF79EF741
S315080158B09EF79EF79EF79EF79EF79EF79EF79EF731
S315080158C09EF79EF79EF79EF79EF79EF79EF79EF721
S315080158D09EF79EF79EF79EF79EF79EF79EF79EF711
S315080158E09EF79EF79EF79EF79EF79EF79EF79EF701
S315080158F09EF79EF79EF79EF79EF79EF79EF79EF7F1
S315080159009EF79EF79EF79EF79EF79EF79EF79EF7E0
S315080159109EF79EF79EF79EF79EF79EF79EF79EF7D0
S315080159209EF79EF79EF79EF79EF79EF79EF79EF7C0
S315080159309EF79EF79EF79EF79EF79EF79EF79EF7B0
S315080159409EF79EF79EF79EF79EF79EF79EF79EF7A0
S315080159509EF79EF79EF79EF79EF79EF79EF79EF790
S315080159609EF79EF79EF79EF79EF79EF79EF79EF780
S315080159709EF79EF79EF79EF79EF79EF79EF79EF770
S315080159809EF79EF79EF79EF79EF79EF79EF79EF760
S315080159909EF79EF79EF79EF79EF79EF79EF79EF750
S315080159A09EF79EF79EF79EF79EF79EF79EF79EF740
S315080159B09EF79EF79EF79EF79EF79EF79EF79EF730
S315080159C09EF79EF79EF79EF79EF79EF79EF79EF720
S315080159D09EF79EF79EF79EF79EF79EF79EF79EF710
S315080159E09EF79EF79EF79EF79EF79EF79EF79EF700
S315080159F09EF79EF79EF79EF79EF7000000000000AF
S31508015A000000000000000000000000000000000087
S31508015A100000000000000000000000000000000077
S31508015A200000000000000000000000000000000067
S31508015A309EF79EF79EF79EF79EF79EF79EF79EF7AF
S31508015A409EF79EF79EF79EF79EF79EF79EF79EF79F
S31508015A509EF79EF79EF79EF79EF79EF79EF79EF78F
S31508015A609EF79EF79EF79EF79EF79EF79EF79EF77F
S31508015A709EF79EF79EF79EF79EF79EF79EF79EF76F
S31508015A809EF79EF79EF79EF79EF79EF79EF79EF75F
S31508015A909EF79EF79EF79EF79EF79EF79EF79EF74F
S31508015AA09EF79EF79EF79EF79EF79EF79EF79EF73F
S31508015AB09EF79EF79EF79EF79EF79EF79EF79EF72F
S31508015AC09EF79EF79EF79EF79EF79EF79EF79EF71F
S31508015AD09EF79EF79EF79EF79EF79EF79EF79EF70F
S31508015AE09EF79EF79EF79EF79EF79EF79EF79EF7FF
S31508015AF09EF79EF79EF79EF79EF79EF79EF79EF7EF
S31508015B009EF79EF79EF79EF79EF79EF79EF79EF7DE
S31508015B109EF79EF79EF79EF79EF79EF79EF79EF7CE
S31508015B209EF79EF79EF79EF79EF79EF79EF79EF7BE
S31508015B309EF79EF79EF79EF79EF79EF79EF79EF7AE
S31508015B409EF79EF79EF79EF79EF79EF79EF79EF79E
S31508015B509EF79EF79EF79EF79EF79EF79EF79EF78E
S31508015B609EF79EF79EF79EF79EF79EF79EF79EF77E
S31508015B709EF79EF79EF79EF79EF79EF79EF79EF76E
S31508015B809EF79EF79EF79EF79EF79EF79EF79EF75E
S31508015B909EF79EF79EF79EF79EF79EF79EF79EF74E
S31508015BA09EF79EF79EF79EF79EF79EF79EF79EF73E
S31508015BB09EF79EF79EF79EF79EF79EF79EF79EF72E
S31508015BC09EF79EF79EF79EF79EF79EF79EF79EF71E
S31508015BD09EF79EF79EF79EF7BEF7000000000000AD
S31508015BE000000000000000000000000000000000A6
S31508015BF00000000000000000000000000000000096
S31508015C000000000000000000000000000000000085
S31508015C109EF79EF79EF79EF79EF79EF79EF79EF7CD
S31508015C209EF79EF79EF79EF79EF79EF79EF79EF7BD
S31508015C309EF79EF79EF79EF79EF79EF79EF79EF7AD
S31508015C409EF79EF79EF79EF79EF79EF79EF79EF79D
S31508015C509EF79EF79EF79EF79EF79EF79EF79EF78D
S31508015C609EF79EF79EF79EF79EF79EF79EF79EF77D
S31508015C709EF79EF79EF79EF79EF79EF79EF79EF76D
S31508015C809EF79EF79EF79EF79EF79EF79EF79EF75D
S31508015C909EF79EF79EF79EF79EF79EF79EF79EF74D
S31508015CA09EF79EF79EF79EF79EF79EF79EF79EF73D
S31508015CB09EF79EF79EF79EF79EF79EF79EF79EF72D
S31508015CC09EF79EF79EF79EF79EF79EF79EF79EF71D
S31508015CD09EF79EF79EF79EF79EF79EF79EF79EF70D
S31508015CE09EF79EF79EF79EF79EF79EF79EF79EF7FD
S31508015CF09EF79EF79EF79EF79EF79EF79EF79EF7ED
S31508015D009EF79EF79EF79EF79EF79EF79EF79EF7DC
S31508015D109EF79EF79EF79EF79EF79EF79EF79EF7CC
S31508015D209EF79EF79EF79EF79EF79EF79EF79EF7BC
S31508015D309EF79EF79EF79EF79EF79EF79EF79EF7AC
S31508015D409EF79EF79EF79EF79EF79EF79EF79EF79C
S31508015D509EF79EF79EF79EF79EF79EF79EF79EF78C
S31508015D609EF79EF79EF79EF79EF79EF79EF79EF77C
S31508015D709EF79EF79EF79EF79EF79EF79EF79EF76C
S31508015D809EF79EF79EF79EF79EF79EF79EF79EF75C
S31508015D909EF79EF79EF79EF79EF79EF79EF79EF74C
S31508015DA09EF79EF79EF79EF79EF79EF79EF79EF73C
S31508015DB09EF79EF79EF79EF7FFFF00000000000082
S31508015DC000000000000000000000000000000000C4
S31508015DD000000000000000000000000000000000B4
S31508015DE000000000000000000000000000000000A4
S31508015DF0FFFF9EF79EF79EF79EF79EF79EF79EF783
S31508015E009EF79EF79EF79EF79EF79EF79EF79EF7DB
S31508015E109EF79EF79EF79EF79EF79EF79EF79EF7CB
S31508015E209EF79EF79EF79EF79EF79EF79EF79EF7BB
S31508015E309EF79EF79EF79EF79EF79EF79EF79EF7AB
S31508015E409EF79EF79EF79EF79EF79EF79EF79EF79B
S31508015E509EF79EF79EF79EF79EF79EF79EF79EF78B
S31508015E609EF79EF79EF79EF79EF79EF79EF79EF77B
S31508015E709EF79EF79EF79EF79EF79EF79EF79EF76B
S31508015E809EF79EF79EF79EF79EF79EF79EF79EF75B
S31508015E909EF79EF79EF79EF79EF79EF79EF79EF74B
S31508015EA09EF79EF79EF79EF79EF79EF79EF79EF73B
S31508015EB09EF79EF79EF79EF79EF79EF79EF79EF72B
S31508015EC09EF79EF79EF79EF79EF79EF79EF79EF71B
S31508015ED09EF79EF79EF79EF79EF79EF79EF79EF70B
S31508015EE09EF79EF79EF79EF79EF79EF79EF79EF7FB
S31508015EF09EF79EF79EF79EF79EF79EF79EF79EF7EB
S31508015F009EF79EF79EF79EF79EF79EF79EF79EF7DA
S31508015F109EF79EF79EF79EF79EF79EF79EF79EF7CA
S31508015F209EF79EF79EF79EF79EF79EF79EF79EF7BA
S31508015F309EF79EF79EF79EF79EF79EF79EF79EF7AA
S31508015F409EF79EF79EF79EF79EF79EF79EF79EF79A
S31508015F509EF79EF79EF79EF79EF79EF79EF79EF78A
S31508015F609EF79EF79EF79EF79EF79EF79EF79EF77A
S31508015F709EF79EF79EF79EF79EF79EF79EF79EF76A
S31508015F809EF79EF79EF79EF79EF79EF79EF79EF75A
S31508015F909EF79EF79EF79EF700000000000000009E
S31508015FA000000000000000000000000000000000E2
S31508015FB000000000000000000000000000000000D2
S31508015FC000000000000000000000000000000000C2
S31508015FD000009EF79EF79EF79EF79EF79EF79EF79F
S31508015FE09EF79EF79EF79EF79EF79EF79EF79EF7FA
S31508015FF09EF79EF79EF79EF79EF79EF79EF79EF7EA
S315080160009EF79EF79EF79EF79EF79EF79EF79EF7D9
S315080160109EF79EF79EF79EF79EF79EF79EF79EF7C9
S315080160209EF79EF79EF79EF79EF79EF79EF79EF7B9
S315080160309EF79EF79EF79EF79EF79EF79EF79EF7A9
S315080160409EF79EF79EF79EF79EF79EF79EF79EF799
S315080160509EF79EF79EF79EF79EF79EF79EF79EF789
S315080160609EF79EF79EF79EF79EF79EF79EF79EF779
S315080160709EF79EF79EF79EF79EF79EF79EF79EF769
S315080160809EF79EF79EF79EF79EF79EF79EF79EF759
S315080160909EF79EF79EF79EF79EF79EF79EF79EF749
S315080160A09EF79EF79EF79EF79EF79EF79EF79EF739
S315080160B09EF79EF79EF79EF79EF79EF79EF79EF729
S315080160C09EF79EF79EF79EF79EF79EF79EF79EF719
S315080160D09EF79EF79EF79EF79EF79EF79EF79EF709
S315080160E09EF79EF79EF79EF79EF79EF79EF79EF7F9
S315080160F09EF79EF79EF79EF79EF79EF79EF79EF7E9
S315080161009EF79EF79EF79EF79EF79EF79EF79EF7D8
S315080161109EF79EF79EF79EF79EF79EF79EF79EF7C8
S315080161209EF79EF79EF79EF79EF79EF79EF79EF7B8
S315080161309EF79EF79EF79EF79EF79EF79EF79EF7A8
S315080161409EF79EF79EF79EF79EF79EF79EF79EF798
S315080161509EF79EF79EF79EF79EF79EF79EF79EF788
S315080161609EF79EF79EF79EF79EF79EF79EF79EF778
S315080161709EF79EF79EF7BEF700000000000000009C
S315080161800000000000000000000000000000000000
S3150801619000000000000000000000000000000000F0
S315080161A000000000000000000000000000000000E0
S315080161B00000BEF79EF79EF79EF79EF79EF79EF79D
S315080161C09EF79EF79EF79EF79EF79EF79EF79EF718
S315080161D09EF79EF79EF79EF79EF79EF79EF79EF708
S315080161E09EF79EF79EF79EF79EF79EF79EF79EF7F8
S315080161F09EF79EF79EF79EF79EF79EF79EF79EF7E8
S315080162009EF79EF79EF79EF79EF79EF79EF79EF7D7
S315080162109EF79EF79EF79EF79EF79EF79EF79EF7C7
S315080162209EF79EF79EF79EF79EF79EF79EF79EF7B7
S315080162309EF79EF79EF79EF79EF79EF79EF79EF7A7
S315080162409EF79EF79EF79EF79EF79EF79EF79EF797
S315080162509EF79EF79EF79EF79EF79EF79EF79EF787
S315080162609EF79EF79EF79EF79EF79EF79EF79EF777
S315080162709EF79EF79EF79EF79EF79EF79EF79EF767
S315080162809EF79EF79EF79EF79EF79EF79EF79EF757
S315080162909EF79EF79EF79EF79EF79EF79EF79EF747
S315080162A09EF79EF79EF79EF79EF79EF79EF79EF737
S315080162B09EF79EF79EF79EF79EF79EF79EF79EF727
S315080162C09EF79EF79EF79EF79EF79EF79EF79EF717
S315080162D09EF79EF79EF79EF79EF79EF79EF79EF707
S315080162E09EF79EF79EF79EF79EF79EF79EF79EF7F7
S315080162F09EF79EF79EF79EF79EF79EF79EF79EF7E7
S315080163009EF79EF79EF79EF79EF79EF79EF79EF7D6
S315080163109EF79EF79EF79EF79EF79EF79EF79EF7C6
S315080163209EF79EF79EF79EF79EF79EF79EF79EF7B6
S315080163309EF79EF79EF79EF79EF79EF79EF79EF7A6
S315080163409EF79EF79EF79EF79EF79EF79EF79EF796
S315080163509EF79EF79EF7FFFF000000000000000071
S31508016360000000000000000000000000000000001E
S31508016370000000000000000000000000000000000E
S3150801638000000000000000000000000000000000FE
S315080163900000FFFF9EF79EF79EF79EF79EF79EF772
S315080163A09EF79EF79EF79EF79EF79EF79EF79EF736
S315080163B09EF79EF79EF79EF79EF79EF79EF79EF726
S315080163C09EF79EF79EF79EF79EF79EF79EF79EF716
S315080163D09EF79EF79EF79EF79EF79EF79EF79EF706
S315080163E09EF79EF79EF79EF79EF79EF79EF79EF7F6
S315080163F09EF79EF79EF79EF79EF79EF79EF79EF7E6
S315080164009EF79EF79EF79EF79EF79EF79EF79EF7D5
S315080164109EF79EF79EF79EF79EF79EF79EF79EF7C5
S315080164209EF79EF79EF79EF79EF79EF79EF79EF7B5
S315080164309EF79EF79EF79EF79EF79EF79EF79EF7A5
S315080164409EF79EF79EF79EF79EF79EF79EF79EF795
S315080164509EF79EF79EF79EF79EF79EF79EF79EF785
S315080164609EF79EF79EF79EF79EF79EF79EF79EF775
S315080164709EF79EF79EF79EF79EF79EF79EF79EF765
S315080164809EF79EF79EF79EF79EF79EF79EF79EF755
S315080164909EF79EF79EF79EF79EF79EF79EF79EF745
S315080164A09EF79EF79EF79EF79EF79EF79EF79EF735
S315080164B09EF79EF79EF79EF79EF79EF79EF79EF725
S315080164C09EF79EF79EF79EF79EF79EF79EF79EF715
S315080164D09EF79EF79EF79EF79EF79EF79EF79EF705
S315080164E09EF79EF79EF79EF79EF79EF79EF79EF7F5
S315080164F09EF79EF79EF79EF79EF79EF79EF79EF7E5
S315080165009EF79EF79EF79EF79EF79EF79EF79EF7D4
S315080165109EF79EF79EF79EF79EF79EF79EF79EF7C4
S315080165209EF79EF79EF79EF79EF79EF79EF79EF7B4
S315080165309EF79EF7BEF7000000000000000000006D
S31508016540000000000000000000000000000000003C
S31508016550000000000000000000000000000000002C
S31508016560000000000000000000000000000000001C
S31508016570000000009EF79EF79EF79EF79EF79EF78E
S315080165809EF79EF79EF79EF79EF79EF79EF79EF754
S315080165909EF79EF79EF79EF79EF79EF79EF79EF744
S315080165A09EF79EF79EF79EF79EF79EF79EF79EF734
S315080165B09EF79EF79EF79EF79EF79EF79EF79EF724
S315080165C09EF79EF79EF79EF79EF79EF79EF79EF714
S315080165D09EF79EF79EF79EF79EF79EF79EF79EF704
S315080165E09EF79EF79EF79EF79EF79EF79EF79EF7F4
S315080165F09EF79EF79EF79EF79EF79EF79EF79EF7E4
S315080166009EF79EF79EF79EF79EF79EF79EF79EF7D3
S315080166109EF79EF79EF79EF79EF79EF79EF79EF7C3
S315080166209EF79EF79EF79EF79EF79EF79EF79EF7B3
S315080166309EF79EF79EF79EF79EF79EF79EF79EF7A3
S315080166409EF79EF79EF79EF79EF79EF79EF79EF793
S315080166509EF79EF79EF79EF79EF79EF79EF79EF783
S315080166609EF79EF79EF79EF79EF79EF79EF79EF773
S315080166709EF79EF79EF79EF79EF79EF79EF79EF763
S315080166809EF79EF79EF79EF79EF79EF79EF79EF753
S315080166909EF79EF79EF79EF79EF79EF79EF79EF743
S315080166A09EF79EF79EF79EF79EF79EF79EF79EF733
S315080166B09EF79EF79EF79EF79EF79EF79EF79EF723
S315080166C09EF79EF79EF79EF79EF79EF79EF79EF713
S315080166D09EF79EF79EF79EF79EF79EF79EF79EF703
S315080166E09EF79EF79EF79EF79EF79EF79EF79EF7F3
S315080166F09EF79EF79EF79EF79EF79EF79EF79EF7E3
S315080167009EF79EF79EF79EF79EF79EF79EF79EF7D2
S315080167109EF79EF79FF700000000000000000000AA
S31508016720000000000000000000000000000000005A
S31508016730000000000000000000000000000000004A
S31508016740000000000000000000000000000000003A
S3150801675000000000BEF79EF79EF79EF79EF79EF78C
S315080167609EF79EF79EF79EF79EF79EF79EF79EF772
S315080167709EF79EF79EF79EF79EF79EF79EF79EF762
S315080167809EF79EF79EF79EF79EF79EF79EF79EF752
S315080167909EF79EF79EF79EF79EF79EF79EF79EF742
S315080167A09EF79EF79EF79EF79EF79EF79EF79EF732
S315080167B09EF79EF79EF79EF79EF79EF79EF79EF722
S315080167C09EF79EF79EF79EF79EF79EF79EF79EF712
S315080167D09EF79EF79EF79EF79EF79EF79EF79EF702
S315080167E09EF79EF79EF79EF79EF79EF79EF79EF7F2
S315080167F09EF79EF79EF79EF79EF79EF79EF79EF7E2
S315080168009EF79EF79EF79EF79EF79EF79EF79EF7D1
S315080168109EF79EF79EF79EF79EF79EF79EF79EF7C1
S315080168209EF79EF79EF79EF79EF79EF79EF79EF7B1
S315080168309EF79EF79EF79EF79EF79EF79EF79EF7A1
S315080168409EF79EF79EF79EF79EF79EF79EF79EF791
S315080168509EF79EF79EF79EF79EF79EF79EF79EF781
S315080168609EF79EF79EF79EF79EF79EF79EF79EF771
S315080168709EF79EF79EF79EF79EF79EF79EF79EF761
S315080168809EF79EF79EF79EF79EF79EF79EF79EF751
S315080168909EF79EF79EF79EF79EF79EF79EF79EF741
S315080168A09EF79EF79EF79EF79EF79EF79EF79EF731
S315080168B09EF79EF79EF79EF79EF79EF79EF79EF721
S315080168C09EF79EF79EF79EF79EF79EF79EF79EF711
S315080168D09EF79EF79EF79EF79EF79EF79EF79EF701
S315080168E09EF79EF79EF79EF79EF79EF79EF79EF7F1
S315080168F09EF79EF70000000000000000000000005F
S315080169000000000000000000000000000000000078
S315080169100000000000000000000000000000000068
S315080169200000000000000000000000000000000058
S3150801693000000000FFFF9EF79EF79EF79EF79EF761
S315080169409EF79EF79EF79EF79EF79EF79EF79EF790
S315080169509EF79EF79EF79EF79EF79EF79EF79EF780
S315080169609EF79EF79EF79EF79EF79EF79EF79EF770
S315080169709EF79EF79EF79EF79EF79EF79EF79EF760
S315080169809EF79EF79EF79EF79EF79EF79EF79EF750
S315080169909EF79EF79EF79EF79EF79EF79EF79EF740
S315080169A09EF79EF79EF79EF79EF79EF79EF79EF730
S315080169B09EF79EF79EF79EF79EF79EF79EF79EF720
S315080169C09EF79EF79EF79EF79EF79EF79EF79EF710
S315080169D09EF79EF79EF79EF79EF79EF79EF79EF700
S315080169E09EF79EF79EF79EF79EF79EF79EF79EF7F0
S315080169F09EF79EF79EF79EF79EF79EF79EF79EF7E0
S31508016A009EF79EF79EF79EF79EF79EF79EF79EF7CF
S31508016A109EF79EF79EF79EF79EF79EF79EF79EF7BF
S31508016A209EF79EF79EF79EF79EF79EF79EF79EF7AF
S31508016A309EF79EF79EF79EF79EF79EF79EF79EF79F
S31508016A409EF79EF79EF79EF79EF79EF79EF79EF78F
S31508016A509EF79EF79EF79EF79EF79EF79EF79EF77F
S31508016A609EF79EF79EF79EF79EF79EF79EF79EF76F
S31508016A709EF79EF79EF79EF79EF79EF79EF79EF75F
S31508016A809EF79EF79EF79EF79EF79EF79EF79EF74F
S31508016A909EF79EF79EF79EF79EF79EF79EF79EF73F
S31508016AA09EF79EF79EF79EF79EF79EF79EF79EF72F
S31508016AB09EF79EF79EF79EF79EF79EF79EF79EF71F
S31508016AC09EF79EF79EF79EF79EF79EF79EF79EF70F
S31508016AD09EF7DFFF00000000000000000000000034
S31508016AE00000000000000000000000000000000097
S31508016AF00000000000000000000000000000000087
S31508016B000000000000000000000000000000000076
S31508016B10000000000000BEF79EF79EF79EF79EF75D
S31508016B209EF79EF79EF79EF79EF79EF79EF79EF7AE
S31508016B309EF79EF79EF79EF79EF79EF79EF79EF79E
S31508016B409EF79EF79EF79EF79EF79EF79EF79EF78E
S31508016B509EF79EF79EF79EF79EF79EF79EF79EF77E
S31508016B609EF79EF79EF79EF79EF79EF79EF79EF76E
S31508016B709EF79EF79EF79EF79EF79EF79EF79EF75E
S31508016B809EF79EF79EF79EF79EF79EF79EF79EF74E
S31508016B909EF79EF79EF79EF79EF79EF79EF79EF73E
S31508016BA09EF79EF79EF79EF79EF79EF79EF79EF72E
S31508016BB09EF79EF79EF79EF79EF79EF79EF79EF71E
S31508016BC09EF79EF79EF79EF79EF79EF79EF79EF70E
S31508016BD09EF79EF79EF79EF79EF79EF79EF79EF7FE
S31508016BE09EF79EF79EF79EF79EF79EF79EF79EF7EE
S31508016BF09EF79EF79EF79EF79EF79EF79EF79EF7DE
S31508016C009EF79EF79EF79EF79EF79EF79EF79EF7CD
S31508016C109EF79EF79EF79EF79EF79EF79EF79EF7BD
S31508016C209EF79EF79EF79EF79EF79EF79EF79EF7AD
S31508016C309EF79EF79EF79EF79EF79EF79EF79EF79D
S31508016C409EF79EF79EF79EF79EF79EF79EF79EF78D
S31508016C509EF79EF79EF79EF79EF79EF79EF79EF77D
S31508016C609EF79EF79EF79EF79EF79EF79EF79EF76D
S31508016C709EF79EF79EF79EF79EF79EF79EF79EF75D
S31508016C809EF79EF79EF79EF79EF79EF79EF79EF74D
S31508016C909EF79EF79EF79EF79EF79EF79EF79EF73D
S31508016CA09EF79EF79EF79EF79EF79EF79EF79EF72D
S31508016CB0BEF7FFFF00000000000000000000000012
S31508016CC000000000000000000000000000000000B5
S31508016CD000000000000000000000000000000000A5
S31508016CE00000000000000000000000000000000095
S31508016CF0000000000000FFFF9EF79EF79EF79EF733
S31508016D009EF79EF79EF79EF79EF79EF79EF79EF7CC
S31508016D109EF79EF79EF79EF79EF79EF79EF79EF7BC
S31508016D209EF79EF79EF79EF79EF79EF79EF79EF7AC
S31508016D309EF79EF79EF79EF79EF79EF79EF79EF79C
S31508016D409EF79EF79EF79EF79EF79EF79EF79EF78C
S31508016D509EF79EF79EF79EF79EF79EF79EF79EF77C
S31508016D609EF79EF79EF79EF79EF79EF79EF79EF76C
S31508016D709EF79EF79EF79EF79EF79EF79EF79EF75C
S31508016D809EF79EF79EF79EF79EF79EF79EF79EF74C
S31508016D909EF79EF79EF79EF79EF79EF79EF79EF73C
S31508016DA09EF79EF79EF79EF79EF79EF79EF79EF72C
S31508016DB09EF79EF79EF79EF79EF79EF79EF79EF71C
S31508016DC09EF79EF79EF79EF79EF79EF79EF79EF70C
S31508016DD09EF79EF79EF79EF79EF79EF79EF79EF7FC
S31508016DE09EF79EF79EF79EF79EF79EF79EF79EF7EC
S31508016DF09EF79EF79EF79EF79EF79EF79EF79EF7DC
S31508016E009EF79EF79EF79EF79EF79EF79EF79EF7CB
S31508016E109EF79EF79EF79EF79EF79EF79EF79EF7BB
S31508016E209EF79EF79EF79EF79EF79EF79EF79EF7AB
S31508016E309EF79EF79EF79EF79EF79EF79EF79EF79B
S31508016E409EF79EF79EF79EF79EF79EF79EF79EF78B
S31508016E509EF79EF79EF79EF79EF79EF79EF79EF77B
S31508016E609EF79EF79EF79EF79EF79EF79EF79EF76B
S31508016E709EF79EF79EF79EF79EF79EF79EF79EF75B
S31508016E809EF79EF79EF79EF79EF79EF79EF79EF74B
S31508016E90BEF700000000000000000000000000002E
S31508016EA000000000000000000000000000000000D3
S31508016EB000000000000000000000000000000000C3
S31508016EC000000000000000000000000000000000B3
S31508016ED00000000000000000BEF79EF79EF79EF72F
S31508016EE09EF79EF79EF79EF79EF79EF79EF79EF7EB
S31508016EF09EF79EF79EF79EF79EF79EF79EF79EF7DB
S31508016F009EF79EF79EF79EF79EF79EF79EF79EF7CA
S31508016F109EF79EF79EF79EF79EF79EF79EF79EF7BA
S31508016F209EF79EF79EF79EF79EF79EF79EF79EF7AA
S31508016F309EF79EF79EF79EF79EF79EF79EF79EF79A
S31508016F409EF79EF79EF79EF79EF79EF79EF79EF78A
S31508016F509EF79EF79EF79EF79EF79EF79EF79EF77A
S31508016F609EF79EF79EF79EF79EF79EF79EF79EF76A
S31508016F709EF79EF79EF79EF79EF79EF79EF79EF75A
S31508016F809EF79EF79EF79EF79EF79EF79EF79EF74A
S31508016F909EF79EF79EF79EF79EF79EF79EF79EF73A
S31508016FA09EF79EF79EF79EF79EF79EF79EF79EF72A
S31508016FB09EF79EF79EF79EF79EF79EF79EF79EF71A
S31508016FC09EF79EF79EF79EF79EF79EF79EF79EF70A
S31508016FD09EF79EF79EF79EF79EF79EF79EF79EF7FA
S31508016FE09EF79EF79EF79EF79EF79EF79EF79EF7EA
S31508016FF09EF79EF79EF79EF79EF79EF79EF79EF7DA
S315080170009EF79EF79EF79EF79EF79EF79EF79EF7C9
S315080170109EF79EF79EF79EF79EF79EF79EF79EF7B9
S315080170209EF79EF79EF79EF79EF79EF79EF79EF7A9
S315080170309EF79EF79EF79EF79EF79EF79EF79EF799
S315080170409EF79EF79EF79EF79EF79EF79EF79EF789
S315080170509EF79EF79EF79EF79EF79EF79EF79EF779
S315080170609EF79EF79EF79EF79EF79EF79EF7BEF749
S31508017070FFFF000000000000000000000000000003
S3150801708000000000000000000000000000000000F1
S3150801709000000000000000000000000000000000E1
S315080170A000000000000000000000000000000000D1
S315080170B00000000000000000FFFF9EF79EF79EF704
S315080170C09EF79EF79EF79EF79EF79EF79EF79EF709
S315080170D09EF79EF79EF79EF79EF79EF79EF79EF7F9
S315080170E09EF79EF79EF79EF79EF79EF79EF79EF7E9
S315080170F09EF79EF79EF79EF79EF79EF79EF79EF7D9
S315080171009EF79EF79EF79EF79EF79EF79EF79EF7C8
S315080171109EF79EF79EF79EF79EF79EF79EF79EF7B8
S315080171209EF79EF79EF79EF79EF79EF79EF79EF7A8
S315080171309EF79EF79EF79EF79EF79EF79EF79EF798
S315080171409EF79EF79EF79EF79EF79EF79EF79EF788
S315080171509EF79EF79EF79EF79EF79EF79EF79EF778
S315080171609EF79EF79EF79EF79EF79EF79EF79EF768
S315080171709EF79EF79EF79EF79EF79EF79EF79EF758
S315080171809EF79EF79EF79EF79EF79EF79EF79EF748
S315080171909EF79EF79EF79EF79EF79EF79EF79EF738
S315080171A09EF79EF79EF79EF79EF79EF79EF79EF728
S315080171B09EF79EF79EF79EF79EF79EF79EF79EF718
S315080171C09EF79EF79EF79EF79EF79EF79EF79EF708
S315080171D09EF79EF79EF79EF79EF79EF79EF79EF7F8
S315080171E09EF79EF79EF79EF79EF79EF79EF79EF7E8
S315080171F09EF79EF79EF79EF79EF79EF79EF79EF7D8
S315080172009EF79EF79EF79EF79EF79EF79EF79EF7C7
S315080172109EF79EF79EF79EF79EF79EF79EF79EF7B7
S315080172209EF79EF79EF79EF79EF79EF79EF79EF7A7
S315080172309EF79EF79EF79EF79EF79EF79EF79EF797
S315080172409EF79EF79EF79EF79EF79EF79EF7BEF767
S31508017250000000000000000000000000000000001F
S31508017260000000000000000000000000000000000F
S3150801727000000000000000000000000000000000FF
S3150801728000000000000000000000000000000000EF
S3150801729000000000000000000000BEF79EF79EF700
S315080172A09EF79EF79EF79EF79EF79EF79EF79EF727
S315080172B09EF79EF79EF79EF79EF79EF79EF79EF717
S315080172C09EF79EF79EF79EF79EF79EF79EF79EF707
S315080172D09EF79EF79EF79EF79EF79EF79EF79EF7F7
S315080172E09EF79EF79EF79EF79EF79EF79EF79EF7E7
S315080172F09EF79EF79EF79EF79EF79EF79EF79EF7D7
S315080173009EF79EF79EF79EF79EF79EF79EF79EF7C6
S315080173109EF79EF79EF79EF79EF79EF79EF79EF7B6
S315080173209EF79EF79EF79EF79EF79EF79EF79EF7A6
S315080173309EF79EF79EF79EF79EF79EF79EF79EF796
S315080173409EF79EF79EF79EF79EF79EF79EF79EF786
S315080173509EF79EF79EF79EF79EF79EF79EF79EF776
S315080173609EF79EF79EF79EF79EF79EF79EF79EF766
S315080173709EF79EF79EF79EF79EF79EF79EF79EF756
S315080173809EF79EF79EF79EF79EF79EF79EF79EF746
S315080173909EF79EF79EF79EF79EF79EF79EF79EF736
S315080173A09EF79EF79EF79EF79EF79EF79EF79EF726
S315080173B09EF79EF79EF79EF79EF79EF79EF79EF716
S315080173C09EF79EF79EF79EF79EF79EF79EF79EF706
S315080173D09EF79EF79EF79EF79EF79EF79EF79EF7F6
S315080173E09EF79EF79EF79EF79EF79EF79EF79EF7E6
S315080173F09EF79EF79EF79EF79EF79EF79EF79EF7D6
S315080174009EF79EF79EF79EF79EF79EF79EF79EF7C5
S315080174109EF79EF79EF79EF79EF79EF79EF79EF7B5
S315080174209EF79EF79EF79EF79EF79EF79EF7FFFF3C
S31508017430000000000000000000000000000000003D
S31508017440000000000000000000000000000000002D
S31508017450000000000000000000000000000000001D
S31508017460000000000000000000000000000000000D
S3150801747000000000000000000000FFFF9EF79EF7D5
S315080174809EF79EF79EF79EF79EF79EF79EF79EF745
S315080174909EF79EF79EF79EF79EF79EF79EF79EF735
S315080174A09EF79EF79EF79EF79EF79EF79EF79EF725
S315080174B09EF79EF79EF79EF79EF79EF79EF79EF715
S315080174C09EF79EF79EF79EF79EF79EF79EF79EF705
S315080174D09EF79EF79EF79EF79EF79EF79EF79EF7F5
S315080174E09EF79EF79EF79EF79EF79EF79EF79EF7E5
S315080174F09EF79EF79EF79EF79EF79EF79EF79EF7D5
S315080175009EF79EF79EF79EF79EF79EF79EF79EF7C4
S315080175109EF79EF79EF79EF79EF79EF79EF79EF7B4
S315080175209EF79EF79EF79EF79EF79EF79EF79EF7A4
S315080175309EF79EF79EF79EF79EF79EF79EF79EF794
S315080175409EF79EF79EF79EF79EF79EF79EF79EF784
S315080175509EF79EF79EF79EF79EF79EF79EF79EF774
S315080175609EF79EF79EF79EF79EF79EF79EF79EF764
S315080175709EF79EF79EF79EF79EF79EF79EF79EF754
S315080175809EF79EF79EF79EF79EF79EF79EF79EF744
S315080175909EF79EF79EF79EF79EF79EF79EF79EF734
S315080175A09EF79EF79EF79EF79EF79EF79EF79EF724
S315080175B09EF79EF79EF79EF79EF79EF79EF79EF714
S315080175C09EF79EF79EF79EF79EF79EF79EF79EF704
S315080175D09EF79EF79EF79EF79EF79EF79EF79EF7F4
S315080175E09EF79EF79EF79EF79EF79EF79EF79EF7E4
S315080175F09EF79EF79EF79EF79EF79EF79EF79EF7D4
S315080176009EF79EF79EF79EF79EF79EF7BEF7000038
S31508017610000000000000000000000000000000005B
S31508017620000000000000000000000000000000004B
S31508017630000000000000000000000000000000003B
S31508017640000000000000000000000000000000002B
S31508017650000000000000000000000000BEF79EF7D1
S315080176609EF79EF79EF79EF79EF79EF79EF79EF763
S315080176709EF79EF79EF79EF79EF79EF79EF79EF753
S315080176809EF79EF79EF79EF79EF79EF79EF79EF743
S315080176909EF79EF79EF79EF79EF79EF79EF79EF733
S315080176A09EF79EF79EF79EF79EF79EF79EF79EF723
S315080176B09EF79EF79EF79EF79EF79EF79EF79EF713
S315080176C09EF79EF79EF79EF79EF79EF79EF79EF703
S315080176D09EF79EF79EF79EF79EF79EF79EF79EF7F3
S315080176E09EF79EF79EF79EF79EF79EF79EF79EF7E3
S315080176F09EF79EF79EF79EF79EF79EF79EF79EF7D3
S315080177009EF79EF79EF79EF79EF79EF79EF79EF7C2
S315080177109EF79EF79EF79EF79EF79EF79EF79EF7B2
S315080177209EF79EF79EF79EF79EF79EF79EF79EF7A2
S315080177309EF79EF79EF79EF79EF79EF79EF79EF792
S315080177409EF79EF79EF79EF79EF79EF79EF79EF782
S315080177509EF79EF79EF79EF79EF79EF79EF79EF772
S315080177609EF79EF79EF79EF79EF79EF79EF79EF762
S315080177709EF79EF79EF79EF79EF79EF79EF79EF752
S315080177809EF79EF79EF79EF79EF79EF79EF79EF742
S315080177909EF79EF79EF79EF79EF79EF79EF79EF732
S315080177A09EF79EF79EF79EF79EF79EF79EF79EF722
S315080177B09EF79EF79EF79EF79EF79EF79EF79EF712
S315080177C09EF79EF79EF79EF79EF79EF79EF79EF702
S315080177D09EF79EF79EF79EF79EF79EF79EF79EF7F2
S315080177E09EF79EF79EF79EF79EF79EF7FFFF00000E
S315080177F0000000000000000000000000000000007A
S315080178000000000000000000000000000000000069
S315080178100000000000000000000000000000000059
S315080178200000000000000000000000000000000049
S31508017830000000000000000000000000FFFF9EF7A6
S315080178409EF79EF79EF79EF79EF79EF79EF79EF781
S315080178509EF79EF79EF79EF79EF79EF79EF79EF771
S315080178609EF79EF79EF79EF79EF79EF79EF79EF761
S315080178709EF79EF79EF79EF79EF79EF79EF79EF751
S315080178809EF79EF79EF79EF79EF79EF79EF79EF741
S315080178909EF79EF79EF79EF79EF79EF79EF79EF731
S315080178A09EF79EF79EF79EF79EF79EF79EF79EF721
S315080178B09EF79EF79EF79EF79EF79EF79EF79EF711
S315080178C09EF79EF79EF79EF79EF79EF79EF79EF701
S315080178D09EF79EF79EF79EF79EF79EF79EF79EF7F1
S315080178E09EF79EF79EF79EF79EF79EF79EF79EF7E1
S315080178F09EF79EF79EF79EF79EF79EF79EF79EF7D1
S315080179009EF79EF79EF79EF79EF79EF79EF79EF7C0
S315080179109EF79EF79EF79EF79EF79EF79EF79EF7B0
S315080179209EF79EF79EF79EF79EF79EF79EF79EF7A0
S315080179309EF79EF79EF79EF79EF79EF79EF79EF790
S315080179409EF79EF79EF79EF79EF79EF79EF79EF780
S315080179509EF79EF79EF79EF79EF79EF79EF79EF770
S315080179609EF79EF79EF79EF79EF79EF79EF79EF760
S315080179709EF79EF79EF79EF79EF79EF79EF79EF750
S315080179809EF79EF79EF79EF79EF79EF79EF79EF740
S315080179909EF79EF79EF79EF79EF79EF79EF79EF730
S315080179A09EF79EF79EF79EF79EF79EF79EF79EF720
S315080179B09EF79EF79EF79EF79EF79EF79EF79EF710
S315080179C09EF79EF79EF79EF79EF7BEF7000000000A
S315080179D00000000000000000000000000000000098
S315080179E00000000000000000000000000000000088
S315080179F00000000000000000000000000000000078
S31508017A000000000000000000000000000000000067
S31508017A100000000000000000000000000000BEF7A2
S31508017A209EF79EF79EF79EF79EF79EF79EF79EF79F
S31508017A309EF79EF79EF79EF79EF79EF79EF79EF78F
S31508017A409EF79EF79EF79EF79EF79EF79EF79EF77F
S31508017A509EF79EF79EF79EF79EF79EF79EF79EF76F
S31508017A609EF79EF79EF79EF79EF79EF79EF79EF75F
S31508017A709EF79EF79EF79EF79EF79EF79EF79EF74F
S31508017A809EF79EF79EF79EF79EF79EF79EF79EF73F
S31508017A909EF79EF79EF79EF79EF79EF79EF79EF72F
S31508017AA09EF79EF79EF79EF79EF79EF79EF79EF71F
S31508017AB09EF79EF79EF79EF79EF79EF79EF79EF70F
S31508017AC09EF79EF79EF79EF79EF79EF79EF79EF7FF
S31508017AD09EF79EF79EF79EF79EF79EF79EF79EF7EF
S31508017AE09EF79EF79EF79EF79EF79EF79EF79EF7DF
S31508017AF09EF79EF79EF79EF79EF79EF79EF79EF7CF
S31508017B009EF79EF79EF79EF79EF79EF79EF79EF7BE
S31508017B109EF79EF79EF79EF79EF79EF79EF79EF7AE
S31508017B209EF79EF79EF79EF79EF79EF79EF79EF79E
S31508017B309EF79EF79EF79EF79EF79EF79EF79EF78E
S31508017B409EF79EF79EF79EF79EF79EF79EF79EF77E
S31508017B509EF79EF79EF79EF79EF79EF79EF79EF76E
S31508017B609EF79EF79EF79EF79EF79EF79EF79EF75E
S31508017B709EF79EF79EF79EF79EF79EF79EF79EF74E
S31508017B809EF79EF79EF79EF79EF79EF79EF79EF73E
S31508017B909EF79EF79EF79EF79EF79EF79EF79EF72E
S31508017BA09EF79EF79EF79EF79EF7FFFF00000000DF
S31508017BB000000000000000000000000000000000B6
S31508017BC000000000000000000000000000000000A6
S31508017BD00000000000000000000000000000000096
S31508017BE00000000000000000000000000000000086
S31508017BF00000000000000000000000000000FFFF78
S31508017C009EF79EF79EF79EF79EF79EF79EF79EF7BD
S31508017C109EF79EF79EF79EF79EF79EF79EF79EF7AD
S31508017C209EF79EF79EF79EF79EF79EF79EF79EF79D
S31508017C309EF79EF79EF79EF79EF79EF79EF79EF78D
S31508017C409EF79EF79EF79EF79EF79EF79EF79EF77D
S31508017C509EF79EF79EF79EF79EF79EF79EF79EF76D
S31508017C609EF79EF79EF79EF79EF79EF79EF79EF75D
S31508017C709EF79EF79EF79EF79EF79EF79EF79EF74D
S31508017C809EF79EF79EF79EF79EF79EF79EF79EF73D
S31508017C909EF79EF79EF79EF79EF79EF79EF79EF72D
S31508017CA09EF79EF79EF79EF79EF79EF79EF79EF71D
S31508017CB09EF79EF79EF79EF79EF79EF79EF79EF70D
S31508017CC09EF79EF79EF79EF79EF79EF79EF79EF7FD
S31508017CD09EF79EF79EF79EF79EF79EF79EF79EF7ED
S31508017CE09EF79EF79EF79EF79EF79EF79EF79EF7DD
S31508017CF09EF79EF79EF79EF79EF79EF79EF79EF7CD
S31508017D009EF79EF79EF79EF79EF79EF79EF79EF7BC
S31508017D109EF79EF79EF79EF79EF79EF79EF79EF7AC
S31508017D209EF79EF79EF79EF79EF79EF79EF79EF79C
S31508017D309EF79EF79EF79EF79EF79EF79EF79EF78C
S31508017D409EF79EF79EF79EF79EF79EF79EF79EF77C
S31508017D509EF79EF79EF79EF79EF79EF79EF79EF76C
S31508017D609EF79EF79EF79EF79EF79EF79EF79EF75C
S31508017D709EF79EF79EF79EF79EF79EF79EF79EF74C
S31508017D809EF79EF79EF79EF7BEF7000000000000DB
S31508017D9000000000000000000000000000000000D4
S31508017DA000000000000000000000000000000000C4
S31508017DB000000000000000000000000000000000B4
S31508017DC000000000000000000000000000000000A4
S31508017DD00000000000000000000000000000000094
S31508017DE0BEF79EF79EF79EF79EF79EF79EF79EF7BC
S31508017DF09EF79EF79EF79EF79EF79EF79EF79EF7CC
S31508017E009EF79EF79EF79EF79EF79EF79EF79EF7BB
S31508017E109EF79EF79EF79EF79EF79EF79EF79EF7AB
S31508017E209EF79EF79EF79EF79EF79EF79EF79EF79B
S31508017E309EF79EF79EF79EF79EF79EF79EF79EF78B
S31508017E409EF79EF79EF79EF79EF79EF79EF79EF77B
S31508017E509EF79EF79EF79EF79EF79EF79EF79EF76B
S31508017E609EF79EF79EF79EF79EF79EF79EF79EF75B
S31508017E709EF79EF79EF79EF79EF79EF79EF79EF74B
S31508017E809EF79EF79EF79EF79EF79EF79EF79EF73B
S31508017E909EF79EF79EF79EF79EF79EF79EF79EF72B
S31508017EA09EF79EF79EF79EF79EF79EF79EF79EF71B
S31508017EB09EF79EF79EF79EF79EF79EF79EF79EF70B
S31508017EC09EF79EF79EF79EF79EF79EF79EF79EF7FB
S31508017ED09EF79EF79EF79EF79EF79EF79EF79EF7EB
S31508017EE09EF79EF79EF79EF79EF79EF79EF79EF7DB
S31508017EF09EF79EF79EF79EF79EF79EF79EF79EF7CB
S31508017F009EF79EF79EF79EF79EF79EF79EF79EF7BA
S31508017F109EF79EF79EF79EF79EF79EF79EF79EF7AA
S31508017F209EF79EF79EF79EF79EF79EF79EF79EF79A
S31508017F309EF79EF79EF79EF79EF79EF79EF79EF78A
S31508017F409EF79EF79EF79EF79EF79EF79EF79EF77A
S31508017F509EF79EF79EF79EF79EF79EF79EF79EF76A
S31508017F609EF79EF79EF79EF7FFFF000000000000B0
S31508017F7000000000000000000000000000000000F2
S31508017F8000000000000000000000000000000000E2
S31508017F9000000000000000000000000000000000D2
S31508017FA000000000000000000000000000000000C2
S31508017FB000000000000000000000000000000000B2
S31508017FC0FFFFBEF79EF79EF79EF79EF79EF79EF771
S31508017FD09EF79EF79EF79EF79EF79EF79EF79EF7EA
S31508017FE09EF79EF79EF79EF79EF79EF79EF79EF7DA
S31508017FF09EF79EF79EF79EF79EF79EF79EF79EF7CA
S315080180009EF79EF79EF79EF79EF79EF79EF79EF7B9
S315080180109EF79EF79EF79EF79EF79EF79EF79EF7A9
S315080180209EF79EF79EF79EF79EF79EF79EF79EF799
S315080180309EF79EF79EF79EF79EF79EF79EF79EF789
S315080180409EF79EF79EF79EF79EF79EF79EF79EF779
S315080180509EF79EF79EF79EF79EF79EF79EF79EF769
S315080180609EF79EF79EF79EF79EF79EF79EF79EF759
S315080180709EF79EF79EF79EF79EF79EF79EF79EF749
S315080180809EF79EF79EF79EF79EF79EF79EF79EF739
S315080180909EF79EF79EF79EF79EF79EF79EF79EF729
S315080180A09EF79EF79EF79EF79EF79EF79EF79EF719
S315080180B09EF79EF79EF79EF79EF79EF79EF79EF709
S315080180C09EF79EF79EF79EF79EF79EF79EF79EF7F9
S315080180D09EF79EF79EF79EF79EF79EF79EF79EF7E9
S315080180E09EF79EF79EF79EF79EF79EF79EF79EF7D9
S315080180F09EF79EF79EF79EF79EF79EF79EF79EF7C9
S315080181009EF79EF79EF79EF79EF79EF79EF79EF7B8
S315080181109EF79EF79EF79EF79EF79EF79EF79EF7A8
S315080181209EF79EF79EF79EF79EF79EF79EF79EF798
S315080181309EF79EF79EF79EF79EF79EF79EF79EF788
S315080181409EF79EF7BEF7BEF700000000000000008C
S315080181500000000000000000000000000000000010
S315080181600000000000000000000000000000000000
S3150801817000000000000000000000000000000000F0
S3150801818000000000000000000000000000000000E0
S3150801819000000000000000000000000000000000D0
S315080181A00000BEF79EF79EF79EF79EF79EF79EF78D
S315080181B09EF79EF79EF79EF79EF79EF79EF79EF708
S315080181C09EF79EF79EF79EF79EF79EF79EF79EF7F8
S315080181D09EF79EF79EF79EF79EF79EF79EF79EF7E8
S315080181E09EF79EF79EF79EF79EF79EF79EF79EF7D8
S315080181F09EF79EF79EF79EF79EF79EF79EF79EF7C8
S315080182009EF79EF79EF79EF79EF79EF79EF79EF7B7
S315080182109EF79EF79EF79EF79EF79EF79EF79EF7A7
S315080182209EF79EF79EF79EF79EF79EF79EF79EF797
S315080182309EF79EF79EF79EF79EF79EF79EF79EF787
S315080182409EF79EF79EF79EF79EF79EF79EF79EF777
S315080182509EF79EF79EF79EF79EF79EF79EF79EF767
S315080182609EF79EF79EF79EF79EF79EF79EF79EF757
S315080182709EF79EF79EF79EF79EF79EF79EF79EF747
S315080182809EF79EF79EF79EF79EF79EF79EF79EF737
S315080182909EF79EF79EF79EF79EF79EF79EF79EF727
S315080182A09EF79EF79EF79EF79EF79EF79EF79EF717
S315080182B09EF79EF79EF79EF79EF79EF79EF79EF707
S315080182C09EF79EF79EF79EF79EF79EF79EF79EF7F7
S315080182D09EF79EF79EF79EF79EF79EF79EF79EF7E7
S315080182E09EF79EF79EF79EF79EF79EF79EF79EF7D7
S315080182F09EF79EF79EF79EF79EF79EF79EF79EF7C7
S315080183009EF79EF79EF79EF79EF79EF79EF79EF7B6
S315080183109EF79EF79EF79EF79EF79EF79EF79EF7A6
S315080183209EF79EF7BEF7000000000000000000005F
S31508018330000000000000000000000000000000002E
S31508018340000000000000000000000000000000001E
S31508018350000000000000000000000000000000000E
S3150801836000000000000000000000000000000000FE
S3150801837000000000000000000000000000000000EE
S3150801838000000000BEF79EF79EF79EF79EF79EF740
S315080183909EF79EF79EF79EF79EF79EF79EF79EF726
S315080183A09EF79EF79EF79EF79EF79EF79EF79EF716
S315080183B09EF79EF79EF79EF79EF79EF79EF79EF706
S315080183C09EF79EF79EF79EF79EF79EF79EF79EF7F6
S315080183D09EF79EF79EF79EF79EF79EF79EF79EF7E6
S315080183E09EF79EF79EF79EF79EF79EF79EF79EF7D6
S315080183F09EF79EF79EF79EF79EF79EF79EF79EF7C6
S315080184009EF79EF79EF79EF79EF79EF79EF79EF7B5
S315080184109EF79EF79EF79EF79EF79EF79EF79EF7A5
S315080184209EF79EF79EF79EF79EF79EF79EF79EF795
S315080184309EF79EF79EF79EF79EF79EF79EF79EF785
S315080184409EF79EF79EF79EF79EF79EF79EF79EF775
S315080184509EF79EF79EF79EF79EF79EF79EF79EF765
S315080184609EF79EF79EF79EF79EF79EF79EF79EF755
S315080184709EF79EF79EF79EF79EF79EF79EF79EF745
S315080184809EF79EF79EF79EF79EF79EF79EF79EF735
S315080184909EF79EF79EF79EF79EF79EF79EF79EF725
S315080184A09EF79EF79EF79EF79EF79EF79EF79EF715
S315080184B09EF79EF79EF79EF79EF79EF79EF79EF705
S315080184C09EF79EF79EF79EF79EF79EF79EF79EF7F5
S315080184D09EF79EF79EF79EF79EF79EF79EF79EF7E5
S315080184E09EF79EF79EF79EF79EF79EF79EF79EF7D5
S315080184F09EF79EF79EF79EF79EF79EF79EF79EF7C5
S315080185009EF79EF7FFFF0000000000000000000034
S31508018510000000000000000000000000000000004C
S31508018520000000000000000000000000000000003C
S31508018530000000000000000000000000000000002C
S31508018540000000000000000000000000000000001C
S31508018550000000000000000000000000000000000C
S3150801856000000000FFFF9EF79EF79EF79EF79EF715
S315080185709EF79EF79EF79EF79EF79EF79EF79EF744
S315080185809EF79EF79EF79EF79EF79EF79EF79EF734
S315080185909EF79EF79EF79EF79EF79EF79EF79EF724
S315080185A09EF79EF79EF79EF79EF79EF79EF79EF714
S315080185B09EF79EF79EF79EF79EF79EF79EF79EF704
S315080185C09EF79EF79EF79EF79EF79EF79EF79EF7F4
S315080185D09EF79EF79EF79EF79EF79EF79EF79EF7E4
S315080185E09EF79EF79EF79EF79EF79EF79EF79EF7D4
S315080185F09EF79EF79EF79EF79EF79EF79EF79EF7C4
S315080186009EF79EF79EF79EF79EF79EF79EF79EF7B3
S315080186109EF79EF79EF79EF79EF79EF79EF79EF7A3
S315080186209EF79EF79EF79EF79EF79EF79EF79EF793
S315080186309EF79EF79EF79EF79EF79EF79EF79EF783
S315080186409EF79EF79EF79EF79EF79EF79EF79EF773
S315080186509EF79EF79EF79EF79EF79EF79EF79EF763
S315080186609EF79EF79EF79EF79EF79EF79EF79EF753
S315080186709EF79EF79EF79EF79EF79EF79EF79EF743
S315080186809EF79EF79EF79EF79EF79EF79EF79EF733
S315080186909EF79EF79EF79EF79EF79EF79EF79EF723
S315080186A09EF79EF79EF79EF79EF79EF79EF79EF713
S315080186B09EF79EF79EF79EF79EF79EF79EF79EF703
S315080186C09EF79EF79EF79EF79EF79EF79EF79EF7F3
S315080186D09EF79EF79EF79EF79EF79EF79EF79EF7E3
S315080186E09EF7BEF700000000000000000000000031
S315080186F0000000000000000000000000000000006B
S31508018700000000000000000000000000000000005A
S31508018710000000000000000000000000000000004A
S31508018720000000000000000000000000000000003A
S31508018730000000000000000000000000000000002A
S31508018740000000000000DFFFBEF79EF79EF79EF7C8
S315080187509EF79EF79EF79EF79EF79EF79EF79EF762
S315080187609EF79EF79EF79EF79EF79EF79EF79EF752
S315080187709EF79EF79EF79EF79EF79EF79EF79EF742
S315080187809EF79EF79EF79EF79EF79EF79EF79EF732
S315080187909EF79EF79EF79EF79EF79EF79EF79EF722
S315080187A09EF79EF79EF79EF79EF79EF79EF79EF712
S315080187B09EF79EF79EF79EF79EF79EF79EF79EF702
S315080187C09EF79EF79EF79EF79EF79EF79EF79EF7F2
S315080187D09EF79EF79EF79EF79EF79EF79EF79EF7E2
S315080187E09EF79EF79EF79EF79EF79EF79EF79EF7D2
S315080187F09EF79EF79EF79EF79EF79EF79EF79EF7C2
S315080188009EF79EF79EF79EF79EF79EF79EF79EF7B1
S315080188109EF79EF79EF79EF79EF79EF79EF79EF7A1
S315080188209EF79EF79EF79EF79EF79EF79EF79EF791
S315080188309EF79EF79EF79EF79EF79EF79EF79EF781
S315080188409EF79EF79EF79EF79EF79EF79EF79EF771
S315080188509EF79EF79EF79EF79EF79EF79EF79EF761
S315080188609EF79EF79EF79EF79EF79EF79EF79EF751
S315080188709EF79EF79EF79EF79EF79EF79EF79EF741
S315080188809EF79EF79EF79EF79EF79EF79EF79EF731
S315080188909EF79EF79EF79EF79EF79EF79EF79EF721
S315080188A09EF79EF79EF79EF79EF79EF79EF79EF711
S315080188B09EF79EF79EF79EF79EF79EF79EF79EF701
S315080188C0BEF7FFFF000000000000000000000000E6
S315080188D00000000000000000000000000000000089
S315080188E00000000000000000000000000000000079
S315080188F00000000000000000000000000000000069
S315080189000000000000000000000000000000000058
S315080189100000000000000000000000000000000048
S315080189200000000000000000BEF79EF79EF79EF7C4
S315080189309EF79EF79EF79EF79EF79EF79EF79EF780
S315080189409EF79EF79EF79EF79EF79EF79EF79EF770
S315080189509EF79EF79EF79EF79EF79EF79EF79EF760
S315080189609EF79EF79EF79EF79EF79EF79EF79EF750
S315080189709EF79EF79EF79EF79EF79EF79EF79EF740
S315080189809EF79EF79EF79EF79EF79EF79EF79EF730
S315080189909EF79EF79EF79EF79EF79EF79EF79EF720
S315080189A09EF79EF79EF79EF79EF79EF79EF79EF710
S315080189B09EF79EF79EF79EF79EF79EF79EF79EF700
S315080189C09EF79EF79EF79EF79EF79EF79EF79EF7F0
S315080189D09EF79EF79EF79EF79EF79EF79EF79EF7E0
S315080189E09EF79EF79EF79EF79EF79EF79EF79EF7D0
S315080189F09EF79EF79EF79EF79EF79EF79EF79EF7C0
S31508018A009EF79EF79EF79EF79EF79EF79EF79EF7AF
S31508018A109EF79EF79EF79EF79EF79EF79EF79EF79F
S31508018A209EF79EF79EF79EF79EF79EF79EF79EF78F
S31508018A309EF79EF79EF79EF79EF79EF79EF79EF77F
S31508018A409EF79EF79EF79EF79EF79EF79EF79EF76F
S31508018A509EF79EF79EF79EF79EF79EF79EF79EF75F
S31508018A609EF79EF79EF79EF79EF79EF79EF79EF74F
S31508018A709EF79EF79EF79EF79EF79EF79EF79EF73F
S31508018A809EF79EF79EF79EF79EF79EF79EF79EF72F
S31508018A909EF79EF79EF79EF79EF79EF79EF79EF71F
S31508018AA0FFF70000000000000000000000000000C1
S31508018AB000000000000000000000000000000000A7
S31508018AC00000000000000000000000000000000097
S31508018AD00000000000000000000000000000000087
S31508018AE00000000000000000000000000000000077
S31508018AF00000000000000000000000000000000067
S31508018B000000000000000000FFFF9EF79EF79EF799
S31508018B109EF79EF79EF79EF79EF79EF79EF79EF79E
S31508018B209EF79EF79EF79EF79EF79EF79EF79EF78E
S31508018B309EF79EF79EF79EF79EF79EF79EF79EF77E
S31508018B409EF79EF79EF79EF79EF79EF79EF79EF76E
S31508018B509EF79EF79EF79EF79EF79EF79EF79EF75E
S31508018B609EF79EF79EF79EF79EF79EF79EF79EF74E
S31508018B709EF79EF79EF79EF79EF79EF79EF79EF73E
S31508018B809EF79EF79EF79EF79EF79EF79EF79EF72E
S31508018B909EF79EF79EF79EF79EF79EF79EF79EF71E
S31508018BA09EF79EF79EF79EF79EF79EF79EF79EF70E
S31508018BB09EF79EF79EF79EF79EF79EF79EF79EF7FE
S31508018BC09EF79EF79EF79EF79EF79EF79EF79EF7EE
S31508018BD09EF79EF79EF79EF79EF79EF79EF79EF7DE
S31508018BE09EF79EF79EF79EF79EF79EF79EF79EF7CE
S31508018BF09EF79EF79EF79EF79EF79EF79EF79EF7BE
S31508018C009EF79EF79EF79EF79EF79EF79EF79EF7AD
S31508018C109EF79EF79EF79EF79EF79EF79EF79EF79D
S31508018C209EF79EF79EF79EF79EF79EF79EF79EF78D
S31508018C309EF79EF79EF79EF79EF79EF79EF79EF77D
S31508018C409EF79EF79EF79EF79EF79EF79EF79EF76D
S31508018C509EF79EF79EF79EF79EF79EF79EF79EF75D
S31508018C609EF79EF79EF79EF79EF79EF79EF79EF74D
S31508018C709EF79EF79EF79EF79EF79EF79EF7BEF71D
S31508018C8000000000000000000000000000000000D5
S31508018C9000000000000000000000000000000000C5
S31508018CA000000000000000000000000000000000B5
S31508018CB000000000000000000000000000000000A5
S31508018CC00000000000000000000000000000000095
S31508018CD00000000000000000000000000000000085
S31508018CE000000000000000000000BEF79EF79EF796
S31508018CF09EF79EF79EF79EF79EF79EF79EF79EF7BD
S31508018D009EF79EF79EF79EF79EF79EF79EF79EF7AC
S31508018D109EF79EF79EF79EF79EF79EF79EF79EF79C
S31508018D209EF79EF79EF79EF79EF79EF79EF79EF78C
S31508018D309EF79EF79EF79EF79EF79EF79EF79EF77C
S31508018D409EF79EF79EF79EF79EF79EF79EF79EF76C
S31508018D509EF79EF79EF79EF79EF79EF79EF79EF75C
S31508018D609EF79EF79EF79EF79EF79EF79EF79EF74C
S31508018D709EF79EF79EF79EF79EF79EF79EF79EF73C
S31508018D809EF79EF79EF79EF79EF79EF79EF79EF72C
S31508018D909EF79EF79EF79EF79EF79EF79EF79EF71C
S31508018DA09EF79EF79EF79EF79EF79EF79EF79EF70C
S31508018DB09EF79EF79EF79EF79EF79EF79EF79EF7FC
S31508018DC09EF79EF79EF79EF79EF79EF79EF79EF7EC
S31508018DD09EF79EF79EF79EF79EF79EF79EF79EF7DC
S31508018DE09EF79EF79EF79EF79EF79EF79EF79EF7CC
S31508018DF09EF79EF79EF79EF79EF79EF79EF79EF7BC
S31508018E009EF79EF79EF79EF79EF79EF79EF79EF7AB
S31508018E109EF79EF79EF79EF79EF79EF79EF79EF79B
S31508018E209EF79EF79EF79EF79EF79EF79EF79EF78B
S31508018E309EF79EF79EF79EF79EF79EF79EF79EF77B
S31508018E409EF79EF79EF79EF79EF79EF79EF79EF76B
S31508018E509EF79EF79EF79EF79EF79EF79EF70000F0
S31508018E6000000000000000000000000000000000F3
S31508018E7000000000000000000000000000000000E3
S31508018E8000000000000000000000000000000000D3
S31508018E9000000000000000000000000000000000C3
S31508018EA000000000000000000000000000000000B3
S31508018EB000000000000000000000000000000000A3
S31508018EC0000000000000000000000000BEF79EF749
S31508018ED09EF79EF79EF79EF79EF79EF79EF79EF7DB
S31508018EE09EF79EF79EF79EF79EF79EF79EF79EF7CB
S31508018EF09EF79EF79EF79EF79EF79EF79EF79EF7BB
S31508018F009EF79EF79EF79EF79EF79EF79EF79EF7AA
S31508018F109EF79EF79EF79EF79EF79EF79EF79EF79A
S31508018F209EF79EF79EF79EF79EF79EF79EF79EF78A
S31508018F309EF79EF79EF79EF79EF79EF79EF79EF77A
S31508018F409EF79EF79EF79EF79EF79EF79EF79EF76A
S31508018F509EF79EF79EF79EF79EF79EF79EF79EF75A
S31508018F609EF79EF79EF79EF79EF79EF79EF79EF74A
S31508018F709EF79EF79EF79EF79EF79EF79EF79EF73A
S31508018F809EF79EF79EF79EF79EF79EF79EF79EF72A
S31508018F909EF79EF79EF79EF79EF79EF79EF79EF71A
S31508018FA09EF79EF79EF79EF79EF79EF79EF79EF70A
S31508018FB09EF79EF79EF79EF79EF79EF79EF79EF7FA
S31508018FC09EF79EF79EF79EF79EF79EF79EF79EF7EA
S31508018FD09EF79EF79EF79EF79EF79EF79EF79EF7DA
S31508018FE09EF79EF79EF79EF79EF79EF79EF79EF7CA
S31508018FF09EF79EF79EF79EF79EF79EF79EF79EF7BA
S315080190009EF79EF79EF79EF79EF79EF79EF79EF7A9
S315080190109EF79EF79EF79EF79EF79EF79EF79EF799
S315080190209EF79EF79EF79EF79EF79EF79EF79EF789
S315080190309EF79EF79EF79EF79EF7BEF7FFFF000085
S315080190400000000000000000000000000000000011
S315080190500000000000000000000000000000000001
S3150801906000000000000000000000000000000000F1
S3150801907000000000000000000000000000000000E1
S3150801908000000000000000000000000000000000D1
S3150801909000000000000000000000000000000000C1
S315080190A0000000000000000000000000FFFF9EF71E
S315080190B09EF79EF79EF79EF79EF79EF79EF79EF7F9
S315080190C09EF79EF79EF79EF79EF79EF79EF79EF7E9
S315080190D09EF79EF79EF79EF79EF79EF79EF79EF7D9
S315080190E09EF79EF79EF79EF79EF79EF79EF79EF7C9
S315080190F09EF79EF79EF79EF79EF79EF79EF79EF7B9
S315080191009EF79EF79EF79EF79EF79EF79EF79EF7A8
S315080191109EF79EF79EF79EF79EF79EF79EF79EF798
S315080191209EF79EF79EF79EF79EF79EF79EF79EF788
S315080191309EF79EF79EF79EF79EF79EF79EF79EF778
S315080191409EF79EF79EF79EF79EF79EF79EF79EF768
S315080191509EF79EF79EF79EF79EF79EF79EF79EF758
S315080191609EF79EF79EF79EF79EF79EF79EF79EF748
S315080191709EF79EF79EF79EF79EF79EF79EF79EF738
S315080191809EF79EF79EF79EF79EF79EF79EF79EF728
S315080191909EF79EF79EF79EF79EF79EF79EF79EF718
S315080191A09EF79EF79EF79EF79EF79EF79EF79EF708
S315080191B09EF79EF79EF79EF79EF79EF79EF79EF7F8
S315080191C09EF79EF79EF79EF79EF79EF79EF79EF7E8
S315080191D09EF79EF79EF79EF79EF79EF79EF79EF7D8
S315080191E09EF79EF79EF79EF79EF79EF79EF79EF7C8
S315080191F09EF79EF79EF79EF79EF79EF79EF79EF7B8
S315080192009EF79EF79EF79EF79EF79EF79EF79EF7A7
S315080192109EF79EF79EF79EF79EF7DFF70000000080
S31508019220000000000000000000000000000000002F
S31508019230000000000000000000000000000000001F
S31508019240000000000000000000000000000000000F
S3150801925000000000000000000000000000000000FF
S3150801926000000000000000000000000000000000EF
S3150801927000000000000000000000000000000000DF
S315080192800000000000000000000000000000FFFFD1
S31508019290BEF79EF79EF79EF79EF79EF79EF79EF7F7
S315080192A09EF79EF79EF79EF79EF79EF79EF79EF707
S315080192B09EF79EF79EF79EF79EF79EF79EF79EF7F7
S315080192C09EF79EF79EF79EF79EF79EF79EF79EF7E7
S315080192D09EF79EF79EF79EF79EF79EF79EF79EF7D7
S315080192E09EF79EF79EF79EF79EF79EF79EF79EF7C7
S315080192F09EF79EF79EF79EF79EF79EF79EF79EF7B7
S315080193009EF79EF79EF79EF79EF79EF79EF79EF7A6
S315080193109EF79EF79EF79EF79EF79EF79EF79EF796
S315080193209EF79EF79EF79EF79EF79EF79EF79EF786
S315080193309EF79EF79EF79EF79EF79EF79EF79EF776
S315080193409EF79EF79EF79EF79EF79EF79EF79EF766
S315080193509EF79EF79EF79EF79EF79EF79EF79EF756
S315080193609EF79EF79EF79EF79EF79EF79EF79EF746
S315080193709EF79EF79EF79EF79EF79EF79EF79EF736
S315080193809EF79EF79EF79EF79EF79EF79EF79EF726
S315080193909EF79EF79EF79EF79EF79EF79EF79EF716
S315080193A09EF79EF79EF79EF79EF79EF79EF79EF706
S315080193B09EF79EF79EF79EF79EF79EF79EF79EF7F6
S315080193C09EF79EF79EF79EF79EF79EF79EF79EF7E6
S315080193D09EF79EF79EF79EF79EF79EF79EF79EF7D6
S315080193E09EF79EF79EF79EF79EF79EF79EF79EF7C6
S315080193F09EF79EF79EF7BEF7BFF700000000000034
S31508019400000000000000000000000000000000004D
S31508019410000000000000000000000000000000003D
S31508019420000000000000000000000000000000002D
S31508019430000000000000000000000000000000001D
S31508019440000000000000000000000000000000000D
S3150801945000000000000000000000000000000000FD
S3150801946000000000000000000000000000000000ED
S315080194709FF79EF79EF79EF79EF79EF79EF79EF734
S315080194809EF79EF79EF79EF79EF79EF79EF79EF725
S315080194909EF79EF79EF79EF79EF79EF79EF79EF715
S315080194A09EF79EF79EF79EF79EF79EF79EF79EF705
S315080194B09EF79EF79EF79EF79EF79EF79EF79EF7F5
S315080194C09EF79EF79EF79EF79EF79EF79EF79EF7E5
S315080194D09EF79EF79EF79EF79EF79EF79EF79EF7D5
S315080194E09EF79EF79EF79EF79EF79EF79EF79EF7C5
S315080194F09EF79EF79EF79EF79EF79EF79EF79EF7B5
S315080195009EF79EF79EF79EF79EF79EF79EF79EF7A4
S315080195109EF79EF79EF79EF79EF79EF79EF79EF794
S315080195209EF79EF79EF79EF79EF79EF79EF79EF784
S315080195309EF79EF79EF79EF79EF79EF79EF79EF774
S315080195409EF79EF79EF79EF79EF79EF79EF79EF764
S315080195509EF79EF79EF79EF79EF79EF79EF79EF754
S315080195609EF79EF79EF79EF79EF79EF79EF79EF744
S315080195709EF79EF79EF79EF79EF79EF79EF79EF734
S315080195809EF79EF79EF79EF79EF79EF79EF79EF724
S315080195909EF79EF79EF79EF79EF79EF79EF79EF714
S315080195A09EF79EF79EF79EF79EF79EF79EF79EF704
S315080195B09EF79EF79EF79EF79EF79EF79EF79EF7F4
S315080195C09EF79EF79EF79EF79EF79EF79EF79EF7E4
S315080195D09EF79EF79EF79EF7FFFF0000000000002A
S315080195E0000000000000000000000000000000006C
S315080195F0000000000000000000000000000000005C
S31508019600000000000000000000000000000000004B
S31508019610000000000000000000000000000000003B
S31508019620000000000000000000000000000000002B
S31508019630000000000000000000000000000000001B
S31508019640000000000000000000000000000000000B
S315080196500000BEF79EF79EF79EF79EF79EF79EF7C8
S315080196609EF79EF79EF79EF79EF79EF79EF79EF743
S315080196709EF79EF79EF79EF79EF79EF79EF79EF733
S315080196809EF79EF79EF79EF79EF79EF79EF79EF723
S315080196909EF79EF79EF79EF79EF79EF79EF79EF713
S315080196A09EF79EF79EF79EF79EF79EF79EF79EF703
S315080196B09EF79EF79EF79EF79EF79EF79EF79EF7F3
S315080196C09EF79EF79EF79EF79EF79EF79EF79EF7E3
S315080196D09EF79EF79EF79EF79EF79EF79EF79EF7D3
S315080196E09EF79EF79EF79EF79EF79EF79EF79EF7C3
S315080196F09EF79EF79EF79EF79EF79EF79EF79EF7B3
S315080197009EF79EF79EF79EF79EF79EF79EF79EF7A2
S315080197109EF79EF79EF79EF79EF79EF79EF79EF792
S315080197209EF79EF79EF79EF79EF79EF79EF79EF782
S315080197309EF79EF79EF79EF79EF79EF79EF79EF772
S315080197409EF79EF79EF79EF79EF79EF79EF79EF762
S315080197509EF79EF79EF79EF79EF79EF79EF79EF752
S315080197609EF79EF79EF79EF79EF79EF79EF79EF742
S315080197709EF79EF79EF79EF79EF79EF79EF79EF732
S315080197809EF79EF79EF79EF79EF79EF79EF79EF722
S315080197909EF79EF79EF79EF79EF79EF79EF79EF712
S315080197A09EF79EF79EF79EF79EF79EF79EF79EF702
S315080197B09EF79EF79EF7FFFF0000000000000000DD
S315080197C0000000000000000000000000000000008A
S315080197D0000000000000000000000000000000007A
S315080197E0000000000000000000000000000000006A
S315080197F0000000000000000000000000000000005A
S315080198000000000000000000000000000000000049
S315080198100000000000000000000000000000000039
S315080198200000000000000000000000000000000029
S315080198300000FFFFBEF79EF79EF79EF79EF79EF77D
S315080198409EF79EF79EF79EF79EF79EF79EF79EF761
S315080198509EF79EF79EF79EF79EF79EF79EF79EF751
S315080198609EF79EF79EF79EF79EF79EF79EF79EF741
S315080198709EF79EF79EF79EF79EF79EF79EF79EF731
S315080198809EF79EF79EF79EF79EF79EF79EF79EF721
S315080198909EF79EF79EF79EF79EF79EF79EF79EF711
S315080198A09EF79EF79EF79EF79EF79EF79EF79EF701
S315080198B09EF79EF79EF79EF79EF79EF79EF79EF7F1
S315080198C09EF79EF79EF79EF79EF79EF79EF79EF7E1
S315080198D09EF79EF79EF79EF79EF79EF79EF79EF7D1
S315080198E09EF79EF79EF79EF79EF79EF79EF79EF7C1
S315080198F09EF79EF79EF79EF79EF79EF79EF79EF7B1
S315080199009EF79EF79EF79EF79EF79EF79EF79EF7A0
S315080199109EF79EF79EF79EF79EF79EF79EF79EF790
S315080199209EF79EF79EF79EF79EF79EF79EF79EF780
S315080199309EF79EF79EF79EF79EF79EF79EF79EF770
S315080199409EF79EF79EF79EF79EF79EF79EF79EF760
S315080199509EF79EF79EF79EF79EF79EF79EF79EF750
S315080199609EF79EF79EF79EF79EF79EF79EF79EF740
S315080199709EF79EF79EF79EF79EF79EF79EF79EF730
S315080199809EF79EF79EF79EF79EF79EF79EF79EF720
S315080199909EF79EF7BEF700000000000000000000D9
S315080199A000000000000000000000000000000000A8
S315080199B00000000000000000000000000000000098
S315080199C00000000000000000000000000000000088
S315080199D00000000000000000000000000000000078
S315080199E00000000000000000000000000000000068
S315080199F00000000000000000000000000000000058
S31508019A000000000000000000000000000000000047
S31508019A1000000000FFFF9EF79EF79EF79EF79EF750
S31508019A209EF79EF79EF79EF79EF79EF79EF79EF77F
S31508019A309EF79EF79EF79EF79EF79EF79EF79EF76F
S31508019A409EF79EF79EF79EF79EF79EF79EF79EF75F
S31508019A509EF79EF79EF79EF79EF79EF79EF79EF74F
S31508019A609EF79EF79EF79EF79EF79EF79EF79EF73F
S31508019A709EF79EF79EF79EF79EF79EF79EF79EF72F
S31508019A809EF79EF79EF79EF79EF79EF79EF79EF71F
S31508019A909EF79EF79EF79EF79EF79EF79EF79EF70F
S31508019AA09EF79EF79EF79EF79EF79EF79EF79EF7FF
S31508019AB09EF79EF79EF79EF79EF79EF79EF79EF7EF
S31508019AC09EF79EF79EF79EF79EF79EF79EF79EF7DF
S31508019AD09EF79EF79EF79EF79EF79EF79EF79EF7CF
S31508019AE09EF79EF79EF79EF79EF79EF79EF79EF7BF
S31508019AF09EF79EF79EF79EF79EF79EF79EF79EF7AF
S31508019B009EF79EF79EF79EF79EF79EF79EF79EF79E
S31508019B109EF79EF79EF79EF79EF79EF79EF79EF78E
S31508019B209EF79EF79EF79EF79EF79EF79EF79EF77E
S31508019B309EF79EF79EF79EF79EF79EF79EF79EF76E
S31508019B409EF79EF79EF79EF79EF79EF79EF79EF75E
S31508019B509EF79EF79EF79EF79EF79EF79EF79EF74E
S31508019B609EF79EF79EF79EF79EF79EF79EF79EF73E
S31508019B709EF79FF7000000000000000000000000AB
S31508019B8000000000000000000000000000000000C6
S31508019B9000000000000000000000000000000000B6
S31508019BA000000000000000000000000000000000A6
S31508019BB00000000000000000000000000000000096
S31508019BC00000000000000000000000000000000086
S31508019BD00000000000000000000000000000000076
S31508019BE00000000000000000000000000000000066
S31508019BF0000000000000FFFF9EF79EF79EF79EF704
S31508019C009EF79EF79EF79EF79EF79EF79EF79EF79D
S31508019C109EF79EF79EF79EF79EF79EF79EF79EF78D
S31508019C209EF79EF79EF79EF79EF79EF79EF79EF77D
S31508019C309EF79EF79EF79EF79EF79EF79EF79EF76D
S31508019C409EF79EF79EF79EF79EF79EF79EF79EF75D
S31508019C509EF79EF79EF79EF79EF79EF79EF79EF74D
S31508019C609EF79EF79EF79EF79EF79EF79EF79EF73D
S31508019C709EF79EF79EF79EF79EF79EF79EF79EF72D
S31508019C809EF79EF79EF79EF79EF79EF79EF79EF71D
S31508019C909EF79EF79EF79EF79EF79EF79EF79EF70D
S31508019CA09EF79EF79EF79EF79EF79EF79EF79EF7FD
S31508019CB09EF79EF79EF79EF79EF79EF79EF79EF7ED
S31508019CC09EF79EF79EF79EF79EF79EF79EF79EF7DD
S31508019CD09EF79EF79EF79EF79EF79EF79EF79EF7CD
S31508019CE09EF79EF79EF79EF79EF79EF79EF79EF7BD
S31508019CF09EF79EF79EF79EF79EF79EF79EF79EF7AD
S31508019D009EF79EF79EF79EF79EF79EF79EF79EF79C
S31508019D109EF79EF79EF79EF79EF79EF79EF79EF78C
S31508019D209EF79EF79EF79EF79EF79EF79EF79EF77C
S31508019D309EF79EF79EF79EF79EF79EF79EF79EF76C
S31508019D409EF79EF79EF79EF79EF79EF79EF79EF75C
S31508019D50BEF700000000000000000000000000003F
S31508019D6000000000000000000000000000000000E4
S31508019D7000000000000000000000000000000000D4
S31508019D8000000000000000000000000000000000C4
S31508019D9000000000000000000000000000000000B4
S31508019DA000000000000000000000000000000000A4
S31508019DB00000000000000000000000000000000094
S31508019DC00000000000000000000000000000000084
S31508019DD000000000000000009FF79EF79EF79EF71F
S31508019DE09EF79EF79EF79EF79EF79EF79EF79EF7BC
S31508019DF09EF79EF79EF79EF79EF79EF79EF79EF7AC
S31508019E009EF79EF79EF79EF79EF79EF79EF79EF79B
S31508019E109EF79EF79EF79EF79EF79EF79EF79EF78B
S31508019E209EF79EF79EF79EF79EF79EF79EF79EF77B
S31508019E309EF79EF79EF79EF79EF79EF79EF79EF76B
S31508019E409EF79EF79EF79EF79EF79EF79EF79EF75B
S31508019E509EF79EF79EF79EF79EF79EF79EF79EF74B
S31508019E609EF79EF79EF79EF79EF79EF79EF79EF73B
S31508019E709EF79EF79EF79EF79EF79EF79EF79EF72B
S31508019E809EF79EF79EF79EF79EF79EF79EF79EF71B
S31508019E909EF79EF79EF79EF79EF79EF79EF79EF70B
S31508019EA09EF79EF79EF79EF79EF79EF79EF79EF7FB
S31508019EB09EF79EF79EF79EF79EF79EF79EF79EF7EB
S31508019EC09EF79EF79EF79EF79EF79EF79EF79EF7DB
S31508019ED09EF79EF79EF79EF79EF79EF79EF79EF7CB
S31508019EE09EF79EF79EF79EF79EF79EF79EF79EF7BB
S31508019EF09EF79EF79EF79EF79EF79EF79EF79EF7AB
S31508019F009EF79EF79EF79EF79EF79EF79EF79EF79A
S31508019F109EF79EF79EF79EF79EF79EF79EF79EF78A
S31508019F209EF79EF79EF79EF79EF79EF79EF7BEF75A
S31508019F300000000000000000000000000000000012
S31508019F400000000000000000000000000000000002
S31508019F5000000000000000000000000000000000F2
S31508019F6000000000000000000000000000000000E2
S31508019F7000000000000000000000000000000000D2
S31508019F8000000000000000000000000000000000C2
S31508019F9000000000000000000000000000000000B2
S31508019FA000000000000000000000000000000000A2
S31508019FB000000000000000000000BEF79EF79EF7B3
S31508019FC09EF79EF79EF79EF79EF79EF79EF79EF7DA
S31508019FD09EF79EF79EF79EF79EF79EF79EF79EF7CA
S31508019FE09EF79EF79EF79EF79EF79EF79EF79EF7BA
S31508019FF09EF79EF79EF79EF79EF79EF79EF79EF7AA
S3150801A0009EF79EF79EF79EF79EF79EF79EF79EF799
S3150801A0109EF79EF79EF79EF79EF79EF79EF79EF789
S3150801A0209EF79EF79EF79EF79EF79EF79EF79EF779
S3150801A0309EF79EF79EF79EF79EF79EF79EF79EF769
S3150801A0409EF79EF79EF79EF79EF79EF79EF79EF759
S3150801A0509EF79EF79EF79EF79EF79EF79EF79EF749
S3150801A0609EF79EF79EF79EF79EF79EF79EF79EF739
S3150801A0709EF79EF79EF79EF79EF79EF79EF79EF729
S3150801A0809EF79EF79EF79EF79EF79EF79EF79EF719
S3150801A0909EF79EF79EF79EF79EF79EF79EF79EF709
S3150801A0A09EF79EF79EF79EF79EF79EF79EF79EF7F9
S3150801A0B09EF79EF79EF79EF79EF79EF79EF79EF7E9
S3150801A0C09EF79EF79EF79EF79EF79EF79EF79EF7D9
S3150801A0D09EF79EF79EF79EF79EF79EF79EF79EF7C9
S3150801A0E09EF79EF79EF79EF79EF79EF79EF79EF7B9
S3150801A0F09EF79EF79EF79EF79EF79EF79EF79EF7A9
S3150801A1009EF79EF79EF79EF79EF79EF7BEF700000D
S3150801A1100000000000000000000000000000000030
S3150801A1200000000000000000000000000000000020
S3150801A1300000000000000000000000000000000010
S3150801A1400000000000000000000000000000000000
S3150801A15000000000000000000000000000000000F0
S3150801A16000000000000000000000000000000000E0
S3150801A17000000000000000000000000000000000D0
S3150801A18000000000000000000000000000000000C0
S3150801A1900000000000000000000000009FF79EF785
S3150801A1A09EF79EF79EF79EF79EF79EF79EF79EF7F8
S3150801A1B09EF79EF79EF79EF79EF79EF79EF79EF7E8
S3150801A1C09EF79EF79EF79EF79EF79EF79EF79EF7D8
S3150801A1D09EF79EF79EF79EF79EF79EF79EF79EF7C8
S3150801A1E09EF79EF79EF79EF79EF79EF79EF79EF7B8
S3150801A1F09EF79EF79EF79EF79EF79EF79EF79EF7A8
S3150801A2009EF79EF79EF79EF79EF79EF79EF79EF797
S3150801A2109EF79EF79EF79EF79EF79EF79EF79EF787
S3150801A2209EF79EF79EF79EF79EF79EF79EF79EF777
S3150801A2309EF79EF79EF79EF79EF79EF79EF79EF767
S3150801A2409EF79EF79EF79EF79EF79EF79EF79EF757
S3150801A2509EF79EF79EF79EF79EF79EF79EF79EF747
S3150801A2609EF79EF79EF79EF79EF79EF79EF79EF737
S3150801A2709EF79EF79EF79EF79EF79EF79EF79EF727
S3150801A2809EF79EF79EF79EF79EF79EF79EF79EF717
S3150801A2909EF79EF79EF79EF79EF79EF79EF79EF707
S3150801A2A09EF79EF79EF79EF79EF79EF79EF79EF7F7
S3150801A2B09EF79EF79EF79EF79EF79EF79EF79EF7E7
S3150801A2C09EF79EF79EF79EF79EF79EF79EF79EF7D7
S3150801A2D09EF79EF79EF79EF79EF79EF79EF79EF7C7
S3150801A2E09EF79EF79EF79EF79EF79EF7FFFF0000E3
S3150801A2F0000000000000000000000000000000004F
S3150801A300000000000000000000000000000000003E
S3150801A310000000000000000000000000000000002E
S3150801A320000000000000000000000000000000001E
S3150801A330000000000000000000000000000000000E
S3150801A34000000000000000000000000000000000FE
S3150801A35000000000000000000000000000000000EE
S3150801A36000000000000000000000000000000000DE
S3150801A3700000000000000000000000000000BFF718
S3150801A3809EF79EF79EF79EF79EF79EF79EF79EF716
S3150801A3909EF79EF79EF79EF79EF79EF79EF79EF706
S3150801A3A09EF79EF79EF79EF79EF79EF79EF79EF7F6
S3150801A3B09EF79EF79EF79EF79EF79EF79EF79EF7E6
S3150801A3C09EF79EF79EF79EF79EF79EF79EF79EF7D6
S3150801A3D09EF79EF79EF79EF79EF79EF79EF79EF7C6
S3150801A3E09EF79EF79EF79EF79EF79EF79EF79EF7B6
S3150801A3F09EF79EF79EF79EF79EF79EF79EF79EF7A6
S3150801A4009EF79EF79EF79EF79EF79EF79EF79EF795
S3150801A4109EF79EF79EF79EF79EF79EF79EF79EF785
S3150801A4209EF79EF79EF79EF79EF79EF79EF79EF775
S3150801A4309EF79EF79EF79EF79EF79EF79EF79EF765
S3150801A4409EF79EF79EF79EF79EF79EF79EF79EF755
S3150801A4509EF79EF79EF79EF79EF79EF79EF79EF745
S3150801A4609EF79EF79EF79EF79EF79EF79EF79EF735
S3150801A4709EF79EF79EF79EF79EF79EF79EF79EF725
S3150801A4809EF79EF79EF79EF79EF79EF79EF79EF715
S3150801A4909EF79EF79EF79EF79EF79EF79EF79EF705
S3150801A4A09EF79EF79EF79EF79EF79EF79EF79EF7F5
S3150801A4B09EF79EF79EF79EF79EF79EF79EF79EF7E5
S3150801A4C09EF79EF79EF79EF7BEF7FFFF0000000076
S3150801A4D0000000000000000000000000000000006D
S3150801A4E0000000000000000000000000000000005D
S3150801A4F0000000000000000000000000000000004D
S3150801A500000000000000000000000000000000003C
S3150801A510000000000000000000000000000000002C
S3150801A520000000000000000000000000000000001C
S3150801A530000000000000000000000000000000000C
S3150801A54000000000000000000000000000000000FC
S3150801A55000000000000000000000000000000000EC
S3150801A560BEF79EF79EF79EF79EF79EF79EF79EF714
S3150801A5709EF79EF79EF79EF79EF79EF79EF79EF724
S3150801A5809EF79EF79EF79EF79EF79EF79EF79EF714
S3150801A5909EF79EF79EF79EF79EF79EF79EF79EF704
S3150801A5A09EF79EF79EF79EF79EF79EF79EF79EF7F4
S3150801A5B09EF79EF79EF79EF79EF79EF79EF79EF7E4
S3150801A5C09EF79EF79EF79EF79EF79EF79EF79EF7D4
S3150801A5D09EF79EF79EF79EF79EF79EF79EF79EF7C4
S3150801A5E09EF79EF79EF79EF79EF79EF79EF79EF7B4
S3150801A5F09EF79EF79EF79EF79EF79EF79EF79EF7A4
S3150801A6009EF79EF79EF79EF79EF79EF79EF79EF793
S3150801A6109EF79EF79EF79EF79EF79EF79EF79EF783
S3150801A6209EF79EF79EF79EF79EF79EF79EF79EF773
S3150801A6309EF79EF79EF79EF79EF79EF79EF79EF763
S3150801A6409EF79EF79EF79EF79EF79EF79EF79EF753
S3150801A6509EF79EF79EF79EF79EF79EF79EF79EF743
S3150801A6609EF79EF79EF79EF79EF79EF79EF79EF733
S3150801A6709EF79EF79EF79EF79EF79EF79EF79EF723
S3150801A6809EF79EF79EF79EF79EF79EF79EF79EF713
S3150801A6909EF79EF79EF79EF79EF79EF79EF79EF703
S3150801A6A09EF79EF79EF7BEF7FFFF00000000000029
S3150801A6B0000000000000000000000000000000008B
S3150801A6C0000000000000000000000000000000007B
S3150801A6D0000000000000000000000000000000006B
S3150801A6E0000000000000000000000000000000005B
S3150801A6F0000000000000000000000000000000004B
S3150801A700000000000000000000000000000000003A
S3150801A710000000000000000000000000000000002A
S3150801A720000000000000000000000000000000001A
S3150801A730000000000000000000000000000000000A
S3150801A7400000BEF79EF79EF79EF79EF79EF79EF7C7
S3150801A7509EF79EF79EF79EF79EF79EF79EF79EF742
S3150801A7609EF79EF79EF79EF79EF79EF79EF79EF732
S3150801A7709EF79EF79EF79EF79EF79EF79EF79EF722
S3150801A7809EF79EF79EF79EF79EF79EF79EF79EF712
S3150801A7909EF79EF79EF79EF79EF79EF79EF79EF702
S3150801A7A09EF79EF79EF79EF79EF79EF79EF79EF7F2
S3150801A7B09EF79EF79EF79EF79EF79EF79EF79EF7E2
S3150801A7C09EF79EF79EF79EF79EF79EF79EF79EF7D2
S3150801A7D09EF79EF79EF79EF79EF79EF79EF79EF7C2
S3150801A7E09EF79EF79EF79EF79EF79EF79EF79EF7B2
S3150801A7F09EF79EF79EF79EF79EF79EF79EF79EF7A2
S3150801A8009EF79EF79EF79EF79EF79EF79EF79EF791
S3150801A8109EF79EF79EF79EF79EF79EF79EF79EF781
S3150801A8209EF79EF79EF79EF79EF79EF79EF79EF771
S3150801A8309EF79EF79EF79EF79EF79EF79EF79EF761
S3150801A8409EF79EF79EF79EF79EF79EF79EF79EF751
S3150801A8509EF79EF79EF79EF79EF79EF79EF79EF741
S3150801A8609EF79EF79EF79EF79EF79EF79EF79EF731
S3150801A8709EF79EF79EF79EF79EF79EF79EF79EF721
S3150801A8809EF79EF7BEF7FFFF0000000000000000DC
S3150801A89000000000000000000000000000000000A9
S3150801A8A00000000000000000000000000000000099
S3150801A8B00000000000000000000000000000000089
S3150801A8C00000000000000000000000000000000079
S3150801A8D00000000000000000000000000000000069
S3150801A8E00000000000000000000000000000000059
S3150801A8F00000000000000000000000000000000049
S3150801A9000000000000000000000000000000000038
S3150801A9100000000000000000000000000000000028
S3150801A92000000000BFF79EF79EF79EF79EF79EF779
S3150801A9309EF79EF79EF79EF79EF79EF79EF79EF760
S3150801A9409EF79EF79EF79EF79EF79EF79EF79EF750
S3150801A9509EF79EF79EF79EF79EF79EF79EF79EF740
S3150801A9609EF79EF79EF79EF79EF79EF79EF79EF730
S3150801A9709EF79EF79EF79EF79EF79EF79EF79EF720
S3150801A9809EF79EF79EF79EF79EF79EF79EF79EF710
S3150801A9909EF79EF79EF79EF79EF79EF79EF79EF700
S3150801A9A09EF79EF79EF79EF79EF79EF79EF79EF7F0
S3150801A9B09EF79EF79EF79EF79EF79EF79EF79EF7E0
S3150801A9C09EF79EF79EF79EF79EF79EF79EF79EF7D0
S3150801A9D09EF79EF79EF79EF79EF79EF79EF79EF7C0
S3150801A9E09EF79EF79EF79EF79EF79EF79EF79EF7B0
S3150801A9F09EF79EF79EF79EF79EF79EF79EF79EF7A0
S3150801AA009EF79EF79EF79EF79EF79EF79EF79EF78F
S3150801AA109EF79EF79EF79EF79EF79EF79EF79EF77F
S3150801AA209EF79EF79EF79EF79EF79EF79EF79EF76F
S3150801AA309EF79EF79EF79EF79EF79EF79EF79EF75F
S3150801AA409EF79EF79EF79EF79EF79EF79EF79EF74F
S3150801AA509EF79EF79EF79EF79EF79EF79EF79EF73F
S3150801AA609EF7BEF7FFFF000000000000000000008F
S3150801AA7000000000000000000000000000000000C7
S3150801AA8000000000000000000000000000000000B7
S3150801AA9000000000000000000000000000000000A7
S3150801AAA00000000000000000000000000000000097
S3150801AAB00000000000000000000000000000000087
S3150801AAC00000000000000000000000000000000077
S3150801AAD00000000000000000000000000000000067
S3150801AAE00000000000000000000000000000000057
S3150801AAF00000000000000000000000000000000047
S3150801AB000000000000009FF79EF79EF79EF79EF74C
S3150801AB109EF79EF79EF79EF79EF79EF79EF79EF77E
S3150801AB209EF79EF79EF79EF79EF79EF79EF79EF76E
S3150801AB309EF79EF79EF79EF79EF79EF79EF79EF75E
S3150801AB409EF79EF79EF79EF79EF79EF79EF79EF74E
S3150801AB509EF79EF79EF79EF79EF79EF79EF79EF73E
S3150801AB609EF79EF79EF79EF79EF79EF79EF79EF72E
S3150801AB709EF79EF79EF79EF79EF79EF79EF79EF71E
S3150801AB809EF79EF79EF79EF79EF79EF79EF79EF70E
S3150801AB909EF79EF79EF79EF79EF79EF79EF79EF7FE
S3150801ABA09EF79EF79EF79EF79EF79EF79EF79EF7EE
S3150801ABB09EF79EF79EF79EF79EF79EF79EF79EF7DE
S3150801ABC09EF79EF79EF79EF79EF79EF79EF79EF7CE
S3150801ABD09EF79EF79EF79EF79EF79EF79EF79EF7BE
S3150801ABE09EF79EF79EF79EF79EF79EF79EF79EF7AE
S3150801ABF09EF79EF79EF79EF79EF79EF79EF79EF79E
S3150801AC009EF79EF79EF79EF79EF79EF79EF79EF78D
S3150801AC109EF79EF79EF79EF79EF79EF79EF79EF77D
S3150801AC209EF79EF79EF79EF79EF79EF79EF79EF76D
S3150801AC309EF79EF79EF79EF79EF79EF79EF79EF75D
S3150801AC409EF7FFFF00000000000000000000000062
S3150801AC5000000000000000000000000000000000E5
S3150801AC6000000000000000000000000000000000D5
S3150801AC7000000000000000000000000000000000C5
S3150801AC8000000000000000000000000000000000B5
S3150801AC9000000000000000000000000000000000A5
S3150801ACA00000000000000000000000000000000095
S3150801ACB00000000000000000000000000000000085
S3150801ACC00000000000000000000000000000000075
S3150801ACD00000000000000000000000000000000065
S3150801ACE00000000000000000BEF79EF79EF79EF7E1
S3150801ACF09EF79EF79EF79EF79EF79EF79EF79EF79D
S3150801AD009EF79EF79EF79EF79EF79EF79EF79EF78C
S3150801AD109EF79EF79EF79EF79EF79EF79EF79EF77C
S3150801AD209EF79EF79EF79EF79EF79EF79EF79EF76C
S3150801AD309EF79EF79EF79EF79EF79EF79EF79EF75C
S3150801AD409EF79EF79EF79EF79EF79EF79EF79EF74C
S3150801AD509EF79EF79EF79EF79EF79EF79EF79EF73C
S3150801AD609EF79EF79EF79EF79EF79EF79EF79EF72C
S3150801AD709EF79EF79EF79EF79EF79EF79EF79EF71C
S3150801AD809EF79EF79EF79EF79EF79EF79EF79EF70C
S3150801AD909EF79EF79EF79EF79EF79EF79EF79EF7FC
S3150801ADA09EF79EF79EF79EF79EF79EF79EF79EF7EC
S3150801ADB09EF79EF79EF79EF79EF79EF79EF79EF7DC
S3150801ADC09EF79EF79EF79EF79EF79EF79EF79EF7CC
S3150801ADD09EF79EF79EF79EF79EF79EF79EF79EF7BC
S3150801ADE09EF79EF79EF79EF79EF79EF79EF79EF7AC
S3150801ADF09EF79EF79EF79EF79EF79EF79EF79EF79C
S3150801AE009EF79EF79EF79EF79EF79EF79EF79EF78B
S3150801AE109EF79EF79EF79EF79EF79EF79EF7BEF75B
S3150801AE20FFFF000000000000000000000000000015
S3150801AE300000000000000000000000000000000003
S3150801AE4000000000000000000000000000000000F3
S3150801AE5000000000000000000000000000000000E3
S3150801AE6000000000000000000000000000000000D3
S3150801AE7000000000000000000000000000000000C3
S3150801AE8000000000000000000000000000000000B3
S3150801AE9000000000000000000000000000000000A3
S3150801AEA00000000000000000000000000000000093
S3150801AEB00000000000000000000000000000000083
S3150801AEC000000000000000000000BEF79EF79EF794
S3150801AED09EF79EF79EF79EF79EF79EF79EF79EF7BB
S3150801AEE09EF79EF79EF79EF79EF79EF79EF79EF7AB
S3150801AEF09EF79EF79EF79EF79EF79EF79EF79EF79B
S3150801AF009EF79EF79EF79EF79EF79EF79EF79EF78A
S3150801AF109EF79EF79EF79EF79EF79EF79EF79EF77A
S3150801AF209EF79EF79EF79EF79EF79EF79EF79EF76A
S3150801AF309EF79EF79EF79EF79EF79EF79EF79EF75A
S3150801AF409EF79EF79EF79EF79EF79EF79EF79EF74A
S3150801AF509EF79EF79EF79EF79EF79EF79EF79EF73A
S3150801AF609EF79EF79EF79EF79EF79EF79EF79EF72A
S3150801AF709EF79EF79EF79EF79EF79EF79EF79EF71A
S3150801AF809EF79EF79EF79EF79EF79EF79EF79EF70A
S3150801AF909EF79EF79EF79EF79EF79EF79EF79EF7FA
S3150801AFA09EF79EF79EF79EF79EF79EF79EF79EF7EA
S3150801AFB09EF79EF79EF79EF79EF79EF79EF79EF7DA
S3150801AFC09EF79EF79EF79EF79EF79EF79EF79EF7CA
S3150801AFD09EF79EF79EF79EF79EF79EF79EF79EF7BA
S3150801AFE09EF79EF79EF79EF79EF79EF79EF79EF7AA
S3150801AFF09EF79EF79EF79EF79EF79EF7BEF7FFFF11
S3150801B0000000000000000000000000000000000031
S3150801B0100000000000000000000000000000000021
S3150801B0200000000000000000000000000000000011
S3150801B0300000000000000000000000000000000001
S3150801B04000000000000000000000000000000000F1
S3150801B05000000000000000000000000000000000E1
S3150801B06000000000000000000000000000000000D1
S3150801B07000000000000000000000000000000000C1
S3150801B08000000000000000000000000000000000B1
S3150801B09000000000000000000000000000000000A1
S3150801B0A0000000000000000000000000FFFF9EF7FE
S3150801B0B09EF79EF79EF79EF79EF79EF79EF79EF7D9
S3150801B0C09EF79EF79EF79EF79EF79EF79EF79EF7C9
S3150801B0D09EF79EF79EF79EF79EF79EF79EF79EF7B9
S3150801B0E09EF79EF79EF79EF79EF79EF79EF79EF7A9
S3150801B0F09EF79EF79EF79EF79EF79EF79EF79EF799
S3150801B1009EF79EF79EF79EF79EF79EF79EF79EF788
S3150801B1109EF79EF79EF79EF79EF79EF79EF79EF778
S3150801B1209EF79EF79EF79EF79EF79EF79EF79EF768
S3150801B1309EF79EF79EF79EF79EF79EF79EF79EF758
S3150801B1409EF79EF79EF79EF79EF79EF79EF79EF748
S3150801B1509EF79EF79EF79EF79EF79EF79EF79EF738
S3150801B1609EF79EF79EF79EF79EF79EF79EF79EF728
S3150801B1709EF79EF79EF79EF79EF79EF79EF79EF718
S3150801B1809EF79EF79EF79EF79EF79EF79EF79EF708
S3150801B1909EF79EF79EF79EF79EF79EF79EF79EF7F8
S3150801B1A09EF79EF79EF79EF79EF79EF79EF79EF7E8
S3150801B1B09EF79EF79EF79EF79EF79EF79EF79EF7D8
S3150801B1C09EF79EF79EF79EF79EF79EF79EF79EF7C8
S3150801B1D09EF79EF79EF79EF79EF7BEF700000000C2
S3150801B1E00000000000000000000000000000000050
S3150801B1F00000000000000000000000000000000040
S3150801B200000000000000000000000000000000002F
S3150801B210000000000000000000000000000000001F
S3150801B220000000000000000000000000000000000F
S3150801B23000000000000000000000000000000000FF
S3150801B24000000000000000000000000000000000EF
S3150801B25000000000000000000000000000000000DF
S3150801B26000000000000000000000000000000000CF
S3150801B27000000000000000000000000000000000BF
S3150801B2800000000000000000000000000000FFFFB1
S3150801B2909EF7BEF79EF79EF79EF79EF79EF79EF7D7
S3150801B2A09EF79EF79EF79EF79EF79EF79EF79EF7E7
S3150801B2B09EF79EF79EF79EF79EF79EF79EF79EF7D7
S3150801B2C09EF79EF79EF79EF79EF79EF79EF79EF7C7
S3150801B2D09EF79EF79EF79EF79EF79EF79EF79EF7B7
S3150801B2E09EF79EF79EF79EF79EF79EF79EF79EF7A7
S3150801B2F09EF79EF79EF79EF79EF79EF79EF79EF797
S3150801B3009EF79EF79EF79EF79EF79EF79EF79EF786
S3150801B3109EF79EF79EF79EF79EF79EF79EF79EF776
S3150801B3209EF79EF79EF79EF79EF79EF79EF79EF766
S3150801B3309EF79EF79EF79EF79EF79EF79EF79EF756
S3150801B3409EF79EF79EF79EF79EF79EF79EF79EF746
S3150801B3509EF79EF79EF79EF79EF79EF79EF79EF736
S3150801B3609EF79EF79EF79EF79EF79EF79EF79EF726
S3150801B3709EF79EF79EF79EF79EF79EF79EF79EF716
S3150801B3809EF79EF79EF79EF79EF79EF79EF79EF706
S3150801B3909EF79EF79EF79EF79EF79EF79EF79EF7F6
S3150801B3A09EF79EF79EF79EF79EF79EF79EF79EF7E6
S3150801B3B09EF79EF79EF79EF79FF700000000000094
S3150801B3C0000000000000000000000000000000006E
S3150801B3D0000000000000000000000000000000005E
S3150801B3E0000000000000000000000000000000004E
S3150801B3F0000000000000000000000000000000003E
S3150801B400000000000000000000000000000000002D
S3150801B410000000000000000000000000000000001D
S3150801B420000000000000000000000000000000000D
S3150801B43000000000000000000000000000000000FD
S3150801B44000000000000000000000000000000000ED
S3150801B45000000000000000000000000000000000DD
S3150801B46000000000000000000000000000000000CD
S3150801B470FFFFBFF7BEF79EF79EF79EF79EF79EF76B
S3150801B4809EF79EF79EF79EF79EF79EF79EF79EF705
S3150801B4909EF79EF79EF79EF79EF79EF79EF79EF7F5
S3150801B4A09EF79EF79EF79EF79EF79EF79EF79EF7E5
S3150801B4B09EF79EF79EF79EF79EF79EF79EF79EF7D5
S3150801B4C09EF79EF79EF79EF79EF79EF79EF79EF7C5
S3150801B4D09EF79EF79EF79EF79EF79EF79EF79EF7B5
S3150801B4E09EF79EF79EF79EF79EF79EF79EF79EF7A5
S3150801B4F09EF79EF79EF79EF79EF79EF79EF79EF795
S3150801B5009EF79EF79EF79EF79EF79EF79EF79EF784
S3150801B5109EF79EF79EF79EF79EF79EF79EF79EF774
S3150801B5209EF79EF79EF79EF79EF79EF79EF79EF764
S3150801B5309EF79EF79EF79EF79EF79EF79EF79EF754
S3150801B5409EF79EF79EF79EF79EF79EF79EF79EF744
S3150801B5509EF79EF79EF79EF79EF79EF79EF79EF734
S3150801B5609EF79EF79EF79EF79EF79EF79EF79EF724
S3150801B5709EF79EF79EF79EF79EF79EF79EF79EF714
S3150801B5809EF79EF79EF79EF79EF79EF79EF79EF704
S3150801B5909EF79EF7BEF79FF7000000000000000027
S3150801B5A0000000000000000000000000000000008C
S3150801B5B0000000000000000000000000000000007C
S3150801B5C0000000000000000000000000000000006C
S3150801B5D0000000000000000000000000000000005C
S3150801B5E0000000000000000000000000000000004C
S3150801B5F0000000000000000000000000000000003C
S3150801B600000000000000000000000000000000002B
S3150801B610000000000000000000000000000000001B
S3150801B620000000000000000000000000000000000B
S3150801B63000000000000000000000000000000000FB
S3150801B64000000000000000000000000000000000EB
S3150801B65000000000BFF79EF79EF79EF79EF79EF73C
S3150801B6609EF79EF79EF79EF79EF79EF79EF79EF723
S3150801B6709EF79EF79EF79EF79EF79EF79EF79EF713
S3150801B6809EF79EF79EF79EF79EF79EF79EF79EF703
S3150801B6909EF79EF79EF79EF79EF79EF79EF79EF7F3
S3150801B6A09EF79EF79EF79EF79EF79EF79EF79EF7E3
S3150801B6B09EF79EF79EF79EF79EF79EF79EF79EF7D3
S3150801B6C09EF79EF79EF79EF79EF79EF79EF79EF7C3
S3150801B6D09EF79EF79EF79EF79EF79EF79EF79EF7B3
S3150801B6E09EF79EF79EF79EF79EF79EF79EF79EF7A3
S3150801B6F09EF79EF79EF79EF79EF79EF79EF79EF793
S3150801B7009EF79EF79EF79EF79EF79EF79EF79EF782
S3150801B7109EF79EF79EF79EF79EF79EF79EF79EF772
S3150801B7209EF79EF79EF79EF79EF79EF79EF79EF762
S3150801B7309EF79EF79EF79EF79EF79EF79EF79EF752
S3150801B7409EF79EF79EF79EF79EF79EF79EF79EF742
S3150801B7509EF79EF79EF79EF79EF79EF79EF79EF732
S3150801B7609EF79EF79EF79EF79EF79EF79EF79EF722
S3150801B7709EF79EF7FFFF0000000000000000000092
S3150801B78000000000000000000000000000000000AA
S3150801B790000000000000000000000000000000009A
S3150801B7A0000000000000000000000000000000008A
S3150801B7B0000000000000000000000000000000007A
S3150801B7C0000000000000000000000000000000006A
S3150801B7D0000000000000000000000000000000005A
S3150801B7E0000000000000000000000000000000004A
S3150801B7F0000000000000000000000000000000003A
S3150801B8000000000000000000000000000000000029
S3150801B8100000000000000000000000000000000019
S3150801B8200000000000000000000000000000000009
S3150801B8300000000000009FF7BEF79EF79EF79EF7EF
S3150801B8409EF79EF79EF79EF79EF79EF79EF79EF741
S3150801B8509EF79EF79EF79EF79EF79EF79EF79EF731
S3150801B8609EF79EF79EF79EF79EF79EF79EF79EF721
S3150801B8709EF79EF79EF79EF79EF79EF79EF79EF711
S3150801B8809EF79EF79EF79EF79EF79EF79EF79EF701
S3150801B8909EF79EF79EF79EF79EF79EF79EF79EF7F1
S3150801B8A09EF79EF79EF79EF79EF79EF79EF79EF7E1
S3150801B8B09EF79EF79EF79EF79EF79EF79EF79EF7D1
S3150801B8C09EF79EF79EF79EF79EF79EF79EF79EF7C1
S3150801B8D09EF79EF79EF79EF79EF79EF79EF79EF7B1
S3150801B8E09EF79EF79EF79EF79EF79EF79EF79EF7A1
S3150801B8F09EF79EF79EF79EF79EF79EF79EF79EF791
S3150801B9009EF79EF79EF79EF79EF79EF79EF79EF780
S3150801B9109EF79EF79EF79EF79EF79EF79EF79EF770
S3150801B9209EF79EF79EF79EF79EF79EF79EF79EF760
S3150801B9309EF79EF79EF79EF79EF79EF79EF79EF750
S3150801B9409EF79EF79EF79EF79EF79EF79EF79EF740
S3150801B950BEF7FFFF00000000000000000000000025
S3150801B96000000000000000000000000000000000C8
S3150801B97000000000000000000000000000000000B8
S3150801B98000000000000000000000000000000000A8
S3150801B9900000000000000000000000000000000098
S3150801B9A00000000000000000000000000000000088
S3150801B9B00000000000000000000000000000000078
S3150801B9C00000000000000000000000000000000068
S3150801B9D00000000000000000000000000000000058
S3150801B9E00000000000000000000000000000000048
S3150801B9F00000000000000000000000000000000038
S3150801BA000000000000000000000000000000000027
S3150801BA100000000000000000FFFFBEF79EF79EF73A
S3150801BA209EF79EF79EF79EF79EF79EF79EF79EF75F
S3150801BA309EF79EF79EF79EF79EF79EF79EF79EF74F
S3150801BA409EF79EF79EF79EF79EF79EF79EF79EF73F
S3150801BA509EF79EF79EF79EF79EF79EF79EF79EF72F
S3150801BA609EF79EF79EF79EF79EF79EF79EF79EF71F
S3150801BA709EF79EF79EF79EF79EF79EF79EF79EF70F
S3150801BA809EF79EF79EF79EF79EF79EF79EF79EF7FF
S3150801BA909EF79EF79EF79EF79EF79EF79EF79EF7EF
S3150801BAA09EF79EF79EF79EF79EF79EF79EF79EF7DF
S3150801BAB09EF79EF79EF79EF79EF79EF79EF79EF7CF
S3150801BAC09EF79EF79EF79EF79EF79EF79EF79EF7BF
S3150801BAD09EF79EF79EF79EF79EF79EF79EF79EF7AF
S3150801BAE09EF79EF79EF79EF79EF79EF79EF79EF79F
S3150801BAF09EF79EF79EF79EF79EF79EF79EF79EF78F
S3150801BB009EF79EF79EF79EF79EF79EF79EF79EF77E
S3150801BB109EF79EF79EF79EF79EF79EF79EF79EF76E
S3150801BB209EF79EF79EF79EF79EF79EF79EF7BEF73E
S3150801BB3000000000000000000000000000000000F6
S3150801BB4000000000000000000000000000000000E6
S3150801BB5000000000000000000000000000000000D6
S3150801BB6000000000000000000000000000000000C6
S3150801BB7000000000000000000000000000000000B6
S3150801BB8000000000000000000000000000000000A6
S3150801BB900000000000000000000000000000000096
S3150801BBA00000000000000000000000000000000086
S3150801BBB00000000000000000000000000000000076
S3150801BBC00000000000000000000000000000000066
S3150801BBD00000000000000000000000000000000056
S3150801BBE00000000000000000000000000000000046
S3150801BBF0000000000000000000000000BEF79EF7EC
S3150801BC009EF79EF79EF79EF79EF79EF79EF79EF77D
S3150801BC109EF79EF79EF79EF79EF79EF79EF79EF76D
S3150801BC209EF79EF79EF79EF79EF79EF79EF79EF75D
S3150801BC309EF79EF79EF79EF79EF79EF79EF79EF74D
S3150801BC409EF79EF79EF79EF79EF79EF79EF79EF73D
S3150801BC509EF79EF79EF79EF79EF79EF79EF79EF72D
S3150801BC609EF79EF79EF79EF79EF79EF79EF79EF71D
S3150801BC709EF79EF79EF79EF79EF79EF79EF79EF70D
S3150801BC809EF79EF79EF79EF79EF79EF79EF79EF7FD
S3150801BC909EF79EF79EF79EF79EF79EF79EF79EF7ED
S3150801BCA09EF79EF79EF79EF79EF79EF79EF79EF7DD
S3150801BCB09EF79EF79EF79EF79EF79EF79EF79EF7CD
S3150801BCC09EF79EF79EF79EF79EF79EF79EF79EF7BD
S3150801BCD09EF79EF79EF79EF79EF79EF79EF79EF7AD
S3150801BCE09EF79EF79EF79EF79EF79EF79EF79EF79D
S3150801BCF09EF79EF79EF79EF79EF79EF79EF79EF78D
S3150801BD009EF79EF79EF79EF79EF79EF7FFFF0000A8
S3150801BD100000000000000000000000000000000014
S3150801BD200000000000000000000000000000000004
S3150801BD3000000000000000000000000000000000F4
S3150801BD4000000000000000000000000000000000E4
S3150801BD5000000000000000000000000000000000D4
S3150801BD6000000000000000000000000000000000C4
S3150801BD7000000000000000000000000000000000B4
S3150801BD8000000000000000000000000000000000A4
S3150801BD900000000000000000000000000000000094
S3150801BDA00000000000000000000000000000000084
S3150801BDB00000000000000000000000000000000074
S3150801BDC00000000000000000000000000000000064
S3150801BDD000000000000000000000000000009FF7BE
S3150801BDE09EF79EF79EF79EF79EF79EF79EF79EF79C
S3150801BDF09EF79EF79EF79EF79EF79EF79EF79EF78C
S3150801BE009EF79EF79EF79EF79EF79EF79EF79EF77B
S3150801BE109EF79EF79EF79EF79EF79EF79EF79EF76B
S3150801BE209EF79EF79EF79EF79EF79EF79EF79EF75B
S3150801BE309EF79EF79EF79EF79EF79EF79EF79EF74B
S3150801BE409EF79EF79EF79EF79EF79EF79EF79EF73B
S3150801BE509EF79EF79EF79EF79EF79EF79EF79EF72B
S3150801BE609EF79EF79EF79EF79EF79EF79EF79EF71B
S3150801BE709EF79EF79EF79EF79EF79EF79EF79EF70B
S3150801BE809EF79EF79EF79EF79EF79EF79EF79EF7FB
S3150801BE909EF79EF79EF79EF79EF79EF79EF79EF7EB
S3150801BEA09EF79EF79EF79EF79EF79EF79EF79EF7DB
S3150801BEB09EF79EF79EF79EF79EF79EF79EF79EF7CB
S3150801BEC09EF79EF79EF79EF79EF79EF79EF79EF7BB
S3150801BED09EF79EF79EF79EF79EF79EF79EF79EF7AB
S3150801BEE09EF79EF79EF79EF7BEF70000000000003A
S3150801BEF00000000000000000000000000000000033
S3150801BF000000000000000000000000000000000022
S3150801BF100000000000000000000000000000000012
S3150801BF200000000000000000000000000000000002
S3150801BF3000000000000000000000000000000000F2
S3150801BF4000000000000000000000000000000000E2
S3150801BF5000000000000000000000000000000000D2
S3150801BF6000000000000000000000000000000000C2
S3150801BF7000000000000000000000000000000000B2
S3150801BF8000000000000000000000000000000000A2
S3150801BF900000000000000000000000000000000092
S3150801BFA00000000000000000000000000000000082
S3150801BFB00000000000000000000000000000000072
S3150801BFC0FFFF9EF7BEF79EF79EF79EF79EF79EF731
S3150801BFD09EF79EF79EF79EF79EF79EF79EF79EF7AA
S3150801BFE09EF79EF79EF79EF79EF79EF79EF79EF79A
S3150801BFF09EF79EF79EF79EF79EF79EF79EF79EF78A
S3150801C0009EF79EF79EF79EF79EF79EF79EF79EF779
S3150801C0109EF79EF79EF79EF79EF79EF79EF79EF769
S3150801C0209EF79EF79EF79EF79EF79EF79EF79EF759
S3150801C0309EF79EF79EF79EF79EF79EF79EF79EF749
S3150801C0409EF79EF79EF79EF79EF79EF79EF79EF739
S3150801C0509EF79EF79EF79EF79EF79EF79EF79EF729
S3150801C0609EF79EF79EF79EF79EF79EF79EF79EF719
S3150801C0709EF79EF79EF79EF79EF79EF79EF79EF709
S3150801C0809EF79EF79EF79EF79EF79EF79EF79EF7F9
S3150801C0909EF79EF79EF79EF79EF79EF79EF79EF7E9
S3150801C0A09EF79EF79EF79EF79EF79EF79EF79EF7D9
S3150801C0B09EF79EF79EF79EF79EF79EF79EF79EF7C9
S3150801C0C09EF79EF79EF7FFF70000000000000000AC
S3150801C0D00000000000000000000000000000000051
S3150801C0E00000000000000000000000000000000041
S3150801C0F00000000000000000000000000000000031
S3150801C1000000000000000000000000000000000020
S3150801C1100000000000000000000000000000000010
S3150801C1200000000000000000000000000000000000
S3150801C13000000000000000000000000000000000F0
S3150801C14000000000000000000000000000000000E0
S3150801C15000000000000000000000000000000000D0
S3150801C16000000000000000000000000000000000C0
S3150801C17000000000000000000000000000000000B0
S3150801C18000000000000000000000000000000000A0
S3150801C1900000000000000000000000000000000090
S3150801C1A000000000FFF79EF79EF79EF79EF79EF7A1
S3150801C1B09EF79EF79EF79EF79EF79EF79EF79EF7C8
S3150801C1C09EF79EF79EF79EF79EF79EF79EF79EF7B8
S3150801C1D09EF79EF79EF79EF79EF79EF79EF79EF7A8
S3150801C1E09EF79EF79EF79EF79EF79EF79EF79EF798
S3150801C1F09EF79EF79EF79EF79EF79EF79EF79EF788
S3150801C2009EF79EF79EF79EF79EF79EF79EF79EF777
S3150801C2109EF79EF79EF79EF79EF79EF79EF79EF767
S3150801C2209EF79EF79EF79EF79EF79EF79EF79EF757
S3150801C2309EF79EF79EF79EF79EF79EF79EF79EF747
S3150801C2409EF79EF79EF79EF79EF79EF79EF79EF737
S3150801C2509EF79EF79EF79EF79EF79EF79EF79EF727
S3150801C2609EF79EF79EF79EF79EF79EF79EF79EF717
S3150801C2709EF79EF79EF79EF79EF79EF79EF79EF707
S3150801C2809EF79EF79EF79EF79EF79EF79EF79EF7F7
S3150801C2909EF79EF79EF79EF79EF79EF79EF79EF7E7
S3150801C2A09EF79EF7FFFF0000000000000000000057
S3150801C2B0000000000000000000000000000000006F
S3150801C2C0000000000000000000000000000000005F
S3150801C2D0000000000000000000000000000000004F
S3150801C2E0000000000000000000000000000000003F
S3150801C2F0000000000000000000000000000000002F
S3150801C300000000000000000000000000000000001E
S3150801C310000000000000000000000000000000000E
S3150801C32000000000000000000000000000000000FE
S3150801C33000000000000000000000000000000000EE
S3150801C34000000000000000000000000000000000DE
S3150801C35000000000000000000000000000000000CE
S3150801C36000000000000000000000000000000000BE
S3150801C37000000000000000000000000000000000AE
S3150801C380000000000000FFFFBEF79EF79EF79EF72C
S3150801C3909EF79EF79EF79EF79EF79EF79EF79EF7E6
S3150801C3A09EF79EF79EF79EF79EF79EF79EF79EF7D6
S3150801C3B09EF79EF79EF79EF79EF79EF79EF79EF7C6
S3150801C3C09EF79EF79EF79EF79EF79EF79EF79EF7B6
S3150801C3D09EF79EF79EF79EF79EF79EF79EF79EF7A6
S3150801C3E09EF79EF79EF79EF79EF79EF79EF79EF796
S3150801C3F09EF79EF79EF79EF79EF79EF79EF79EF786
S3150801C4009EF79EF79EF79EF79EF79EF79EF79EF775
S3150801C4109EF79EF79EF79EF79EF79EF79EF79EF765
S3150801C4209EF79EF79EF79EF79EF79EF79EF79EF755
S3150801C4309EF79EF79EF79EF79EF79EF79EF79EF745
S3150801C4409EF79EF79EF79EF79EF79EF79EF79EF735
S3150801C4509EF79EF79EF79EF79EF79EF79EF79EF725
S3150801C4609EF79EF79EF79EF79EF79EF79EF79EF715
S3150801C4709EF79EF79EF79EF79EF79EF79EF79EF705
S3150801C480FFFF00000000000000000000000000009F
S3150801C490000000000000000000000000000000008D
S3150801C4A0000000000000000000000000000000007D
S3150801C4B0000000000000000000000000000000006D
S3150801C4C0000000000000000000000000000000005D
S3150801C4D0000000000000000000000000000000004D
S3150801C4E0000000000000000000000000000000003D
S3150801C4F0000000000000000000000000000000002D
S3150801C500000000000000000000000000000000001C
S3150801C510000000000000000000000000000000000C
S3150801C52000000000000000000000000000000000FC
S3150801C53000000000000000000000000000000000EC
S3150801C54000000000000000000000000000000000DC
S3150801C55000000000000000000000000000000000CC
S3150801C56000000000000000000000FFFFBEF79EF774
S3150801C5709EF79EF79EF79EF79EF79EF79EF79EF704
S3150801C5809EF79EF79EF79EF79EF79EF79EF79EF7F4
S3150801C5909EF79EF79EF79EF79EF79EF79EF79EF7E4
S3150801C5A09EF79EF79EF79EF79EF79EF79EF79EF7D4
S3150801C5B09EF79EF79EF79EF79EF79EF79EF79EF7C4
S3150801C5C09EF79EF79EF79EF79EF79EF79EF79EF7B4
S3150801C5D09EF79EF79EF79EF79EF79EF79EF79EF7A4
S3150801C5E09EF79EF79EF79EF79EF79EF79EF79EF794
S3150801C5F09EF79EF79EF79EF79EF79EF79EF79EF784
S3150801C6009EF79EF79EF79EF79EF79EF79EF79EF773
S3150801C6109EF79EF79EF79EF79EF79EF79EF79EF763
S3150801C6209EF79EF79EF79EF79EF79EF79EF79EF753
S3150801C6309EF79EF79EF79EF79EF79EF79EF79EF743
S3150801C6409EF79EF79EF79EF79EF79EF79EF79EF733
S3150801C6509EF79EF79EF79EF79EF79EF79FF70000B7
S3150801C66000000000000000000000000000000000BB
S3150801C67000000000000000000000000000000000AB
S3150801C680000000000000000000000000000000009B
S3150801C690000000000000000000000000000000008B
S3150801C6A0000000000000000000000000000000007B
S3150801C6B0000000000000000000000000000000006B
S3150801C6C0000000000000000000000000000000005B
S3150801C6D0000000000000000000000000000000004B
S3150801C6E0000000000000000000000000000000003B
S3150801C6F0000000000000000000000000000000002B
S3150801C700000000000000000000000000000000001A
S3150801C710000000000000000000000000000000000A
S3150801C72000000000000000000000000000000000FA
S3150801C73000000000000000000000000000000000EA
S3150801C7400000000000000000000000000000BEF725
S3150801C7509EF79EF79EF79EF79EF79EF79EF79EF722
S3150801C7609EF79EF79EF79EF79EF79EF79EF79EF712
S3150801C7709EF79EF79EF79EF79EF79EF79EF79EF702
S3150801C7809EF79EF79EF79EF79EF79EF79EF79EF7F2
S3150801C7909EF79EF79EF79EF79EF79EF79EF79EF7E2
S3150801C7A09EF79EF79EF79EF79EF79EF79EF79EF7D2
S3150801C7B09EF79EF79EF79EF79EF79EF79EF79EF7C2
S3150801C7C09EF79EF79EF79EF79EF79EF79EF79EF7B2
S3150801C7D09EF79EF79EF79EF79EF79EF79EF79EF7A2
S3150801C7E09EF79EF79EF79EF79EF79EF79EF79EF792
S3150801C7F09EF79EF79EF79EF79EF79EF79EF79EF782
S3150801C8009EF79EF79EF79EF79EF79EF79EF79EF771
S3150801C8109EF79EF79EF79EF79EF79EF79EF79EF761
S3150801C8209EF79EF79EF79EF79EF79EF79EF79EF751
S3150801C8309EF79EF79EF79EF7BEF7FFFF00000000E2
S3150801C84000000000000000000000000000000000D9
S3150801C85000000000000000000000000000000000C9
S3150801C86000000000000000000000000000000000B9
S3150801C87000000000000000000000000000000000A9
S3150801C8800000000000000000000000000000000099
S3150801C8900000000000000000000000000000000089
S3150801C8A00000000000000000000000000000000079
S3150801C8B00000000000000000000000000000000069
S3150801C8C00000000000000000000000000000000059
S3150801C8D00000000000000000000000000000000049
S3150801C8E00000000000000000000000000000000039
S3150801C8F00000000000000000000000000000000029
S3150801C9000000000000000000000000000000000018
S3150801C9100000000000000000000000000000000008
S3150801C92000000000000000000000000000000000F8
S3150801C930FFFFBFF79EF79EF79EF79EF79EF79EF7B6
S3150801C9409EF79EF79EF79EF79EF79EF79EF79EF730
S3150801C9509EF79EF79EF79EF79EF79EF79EF79EF720
S3150801C9609EF79EF79EF79EF79EF79EF79EF79EF710
S3150801C9709EF79EF79EF79EF79EF79EF79EF79EF700
S3150801C9809EF79EF79EF79EF79EF79EF79EF79EF7F0
S3150801C9909EF79EF79EF79EF79EF79EF79EF79EF7E0
S3150801C9A09EF79EF79EF79EF79EF79EF79EF79EF7D0
S3150801C9B09EF79EF79EF79EF79EF79EF79EF79EF7C0
S3150801C9C09EF79EF79EF79EF79EF79EF79EF79EF7B0
S3150801C9D09EF79EF79EF79EF79EF79EF79EF79EF7A0
S3150801C9E09EF79EF79EF79EF79EF79EF79EF79EF790
S3150801C9F09EF79EF79EF79EF79EF79EF79EF79EF780
S3150801CA009EF79EF79EF79EF79EF79EF79EF79EF76F
S3150801CA109EF79EF7BEF7FFFF00000000000000002A
S3150801CA2000000000000000000000000000000000F7
S3150801CA3000000000000000000000000000000000E7
S3150801CA4000000000000000000000000000000000D7
S3150801CA5000000000000000000000000000000000C7
S3150801CA6000000000000000000000000000000000B7
S3150801CA7000000000000000000000000000000000A7
S3150801CA800000000000000000000000000000000097
S3150801CA900000000000000000000000000000000087
S3150801CAA00000000000000000000000000000000077
S3150801CAB00000000000000000000000000000000067
S3150801CAC00000000000000000000000000000000057
S3150801CAD00000000000000000000000000000000047
S3150801CAE00000000000000000000000000000000037
S3150801CAF00000000000000000000000000000000027
S3150801CB000000000000000000000000000000000016
S3150801CB1000000000FFFF9EF7BEF79EF79EF79EF7FF
S3150801CB209EF79EF79EF79EF79EF79EF79EF79EF74E
S3150801CB309EF79EF79EF79EF79EF79EF79EF79EF73E
S3150801CB409EF79EF79EF79EF79EF79EF79EF79EF72E
S3150801CB509EF79EF79EF79EF79EF79EF79EF79EF71E
S3150801CB609EF79EF79EF79EF79EF79EF79EF79EF70E
S3150801CB709EF79EF79EF79EF79EF79EF79EF79EF7FE
S3150801CB809EF79EF79EF79EF79EF79EF79EF79EF7EE
S3150801CB909EF79EF79EF79EF79EF79EF79EF79EF7DE
S3150801CBA09EF79EF79EF79EF79EF79EF79EF79EF7CE
S3150801CBB09EF79EF79EF79EF79EF79EF79EF79EF7BE
S3150801CBC09EF79EF79EF79EF79EF79EF79EF79EF7AE
S3150801CBD09EF79EF79EF79EF79EF79EF79EF79EF79E
S3150801CBE09EF79EF79EF79EF79EF79EF79EF79EF78E
S3150801CBF09EF7BEF7000000000000000000000000DC
S3150801CC000000000000000000000000000000000015
S3150801CC100000000000000000000000000000000005
S3150801CC2000000000000000000000000000000000F5
S3150801CC3000000000000000000000000000000000E5
S3150801CC4000000000000000000000000000000000D5
S3150801CC5000000000000000000000000000000000C5
S3150801CC6000000000000000000000000000000000B5
S3150801CC7000000000000000000000000000000000A5
S3150801CC800000000000000000000000000000000095
S3150801CC900000000000000000000000000000000085
S3150801CCA00000000000000000000000000000000075
S3150801CCB00000000000000000000000000000000065
S3150801CCC00000000000000000000000000000000055
S3150801CCD00000000000000000000000000000000045
S3150801CCE00000000000000000000000000000000035
S3150801CCF00000000000000000FFFF9EF7BEF79EF748
S3150801CD009EF79EF79EF79EF79EF79EF79EF79EF76C
S3150801CD109EF79EF79EF79EF79EF79EF79EF79EF75C
S3150801CD209EF79EF79EF79EF79EF79EF79EF79EF74C
S3150801CD309EF79EF79EF79EF79EF79EF79EF79EF73C
S3150801CD409EF79EF79EF79EF79EF79EF79EF79EF72C
S3150801CD509EF79EF79EF79EF79EF79EF79EF79EF71C
S3150801CD609EF79EF79EF79EF79EF79EF79EF79EF70C
S3150801CD709EF79EF79EF79EF79EF79EF79EF79EF7FC
S3150801CD809EF79EF79EF79EF79EF79EF79EF79EF7EC
S3150801CD909EF79EF79EF79EF79EF79EF79EF79EF7DC
S3150801CDA09EF79EF79EF79EF79EF79EF79EF79EF7CC
S3150801CDB09EF79EF79EF79EF79EF79EF79EF79EF7BC
S3150801CDC09EF79EF79EF79EF79EF79EF79EF7BEF78C
S3150801CDD00000000000000000000000000000000044
S3150801CDE00000000000000000000000000000000034
S3150801CDF00000000000000000000000000000000024
S3150801CE000000000000000000000000000000000013
S3150801CE100000000000000000000000000000000003
S3150801CE2000000000000000000000000000000000F3
S3150801CE3000000000000000000000000000000000E3
S3150801CE4000000000000000000000000000000000D3
S3150801CE5000000000000000000000000000000000C3
S3150801CE6000000000000000000000000000000000B3
S3150801CE7000000000000000000000000000000000A3
S3150801CE800000000000000000000000000000000093
S3150801CE900000000000000000000000000000000083
S3150801CEA00000000000000000000000000000000073
S3150801CEB00000000000000000000000000000000063
S3150801CEC00000000000000000000000000000000053
S3150801CED0000000000000000000000000FFFF9EF7B0
S3150801CEE0BEF7BEF79EF79EF79EF79EF79EF79EF74B
S3150801CEF09EF79EF79EF79EF79EF79EF79EF79EF77B
S3150801CF009EF79EF79EF79EF79EF79EF79EF79EF76A
S3150801CF109EF79EF79EF79EF79EF79EF79EF79EF75A
S3150801CF209EF79EF79EF79EF79EF79EF79EF79EF74A
S3150801CF309EF79EF79EF79EF79EF79EF79EF79EF73A
S3150801CF409EF79EF79EF79EF79EF79EF79EF79EF72A
S3150801CF509EF79EF79EF79EF79EF79EF79EF79EF71A
S3150801CF609EF79EF79EF79EF79EF79EF79EF79EF70A
S3150801CF709EF79EF79EF79EF79EF79EF79EF79EF7FA
S3150801CF809EF79EF79EF79EF79EF79EF79EF79EF7EA
S3150801CF909EF79EF79EF79EF79EF79EF79EF79EF7DA
S3150801CFA09EF79EF79EF79EF79EF7BEF700000000D4
S3150801CFB00000000000000000000000000000000062
S3150801CFC00000000000000000000000000000000052
S3150801CFD00000000000000000000000000000000042
S3150801CFE00000000000000000000000000000000032
S3150801CFF00000000000000000000000000000000022
S3150801D0000000000000000000000000000000000011
S3150801D0100000000000000000000000000000000001
S3150801D02000000000000000000000000000000000F1
S3150801D03000000000000000000000000000000000E1
S3150801D04000000000000000000000000000000000D1
S3150801D05000000000000000000000000000000000C1
S3150801D06000000000000000000000000000000000B1
S3150801D07000000000000000000000000000000000A1
S3150801D0800000000000000000000000000000000091
S3150801D0900000000000000000000000000000000081
S3150801D0A00000000000000000000000000000000071
S3150801D0B00000000000000000000000000000000061
S3150801D0C0FFFFBEF7BEF79EF79EF79EF79EF79EF700
S3150801D0D09EF79EF79EF79EF79EF79EF79EF79EF799
S3150801D0E09EF79EF79EF79EF79EF79EF79EF79EF789
S3150801D0F09EF79EF79EF79EF79EF79EF79EF79EF779
S3150801D1009EF79EF79EF79EF79EF79EF79EF79EF768
S3150801D1109EF79EF79EF79EF79EF79EF79EF79EF758
S3150801D1209EF79EF79EF79EF79EF79EF79EF79EF748
S3150801D1309EF79EF79EF79EF79EF79EF79EF79EF738
S3150801D1409EF79EF79EF79EF79EF79EF79EF79EF728
S3150801D1509EF79EF79EF79EF79EF79EF79EF79EF718
S3150801D1609EF79EF79EF79EF79EF79EF79EF79EF708
S3150801D1709EF79EF79EF79EF79EF79EF79EF79EF7F8
S3150801D1809EF7BEF7BEF79FF70000000000000000FB
S3150801D1900000000000000000000000000000000080
S3150801D1A00000000000000000000000000000000070
S3150801D1B00000000000000000000000000000000060
S3150801D1C00000000000000000000000000000000050
S3150801D1D00000000000000000000000000000000040
S3150801D1E00000000000000000000000000000000030
S3150801D1F00000000000000000000000000000000020
S3150801D200000000000000000000000000000000000F
S3150801D21000000000000000000000000000000000FF
S3150801D22000000000000000000000000000000000EF
S3150801D23000000000000000000000000000000000DF
S3150801D24000000000000000000000000000000000CF
S3150801D25000000000000000000000000000000000BF
S3150801D26000000000000000000000000000000000AF
S3150801D270000000000000000000000000000000009F
S3150801D280000000000000000000000000000000008F
S3150801D290000000000000000000000000000000007F
S3150801D2A000000000FFFFDFF7BEF79EF79EF79EF727
S3150801D2B09EF79EF79EF79EF79EF79EF79EF79EF7B7
S3150801D2C09EF79EF79EF79EF79EF79EF79EF79EF7A7
S3150801D2D09EF79EF79EF79EF79EF79EF79EF79EF797
S3150801D2E09EF79EF79EF79EF79EF79EF79EF79EF787
S3150801D2F09EF79EF79EF79EF79EF79EF79EF79EF777
S3150801D3009EF79EF79EF79EF79EF79EF79EF79EF766
S3150801D3109EF79EF79EF79EF79EF79EF79EF79EF756
S3150801D3209EF79EF79EF79EF79EF79EF79EF79EF746
S3150801D3309EF79EF79EF79EF79EF79EF79EF79EF736
S3150801D3409EF79EF79EF79EF79EF79EF79EF79EF726
S3150801D3509EF79EF79EF79EF79EF79EF79EF79EF716
S3150801D360BEF7FFFF000000000000000000000000FB
S3150801D370000000000000000000000000000000009E
S3150801D380000000000000000000000000000000008E
S3150801D390000000000000000000000000000000007E
S3150801D3A0000000000000000000000000000000006E
S3150801D3B0000000000000000000000000000000005E
S3150801D3C0000000000000000000000000000000004E
S3150801D3D0000000000000000000000000000000003E
S3150801D3E0000000000000000000000000000000002E
S3150801D3F0000000000000000000000000000000001E
S3150801D400000000000000000000000000000000000D
S3150801D41000000000000000000000000000000000FD
S3150801D42000000000000000000000000000000000ED
S3150801D43000000000000000000000000000000000DD
S3150801D44000000000000000000000000000000000CD
S3150801D45000000000000000000000000000000000BD
S3150801D46000000000000000000000000000000000AD
S3150801D470000000000000000000000000000000009D
S3150801D480000000000000000000009FF7BEF79EF7AD
S3150801D4909EF79EF79EF79EF79EF79EF79EF79EF7D5
S3150801D4A09EF79EF79EF79EF79EF79EF79EF79EF7C5
S3150801D4B09EF79EF79EF79EF79EF79EF79EF79EF7B5
S3150801D4C09EF79EF79EF79EF79EF79EF79EF79EF7A5
S3150801D4D09EF79EF79EF79EF79EF79EF79EF79EF795
S3150801D4E09EF79EF79EF79EF79EF79EF79EF79EF785
S3150801D4F09EF79EF79EF79EF79EF79EF79EF79EF775
S3150801D5009EF79EF79EF79EF79EF79EF79EF79EF764
S3150801D5109EF79EF79EF79EF79EF79EF79EF79EF754
S3150801D5209EF79EF79EF79EF79EF79EF79EF79EF744
S3150801D5309EF79EF79EF79EF79EF7BEF79FF7FFFFAA
S3150801D54000000000000000000000000000000000CC
S3150801D55000000000000000000000000000000000BC
S3150801D56000000000000000000000000000000000AC
S3150801D570000000000000000000000000000000009C
S3150801D580000000000000000000000000000000008C
S3150801D590000000000000000000000000000000007C
S3150801D5A0000000000000000000000000000000006C
S3150801D5B0000000000000000000000000000000005C
S3150801D5C0000000000000000000000000000000004C
S3150801D5D0000000000000000000000000000000003C
S3150801D5E0000000000000000000000000000000002C
S3150801D5F0000000000000000000000000000000001C
S3150801D600000000000000000000000000000000000B
S3150801D61000000000000000000000000000000000FB
S3150801D62000000000000000000000000000000000EB
S3150801D63000000000000000000000000000000000DB
S3150801D64000000000000000000000000000000000CB
S3150801D65000000000000000000000000000000000BB
S3150801D6600000000000000000000000000000FFFFAD
S3150801D6709FF79EF7BEF79EF79EF79EF79EF79EF7D2
S3150801D6809EF79EF79EF79EF79EF79EF79EF79EF7E3
S3150801D6909EF79EF79EF79EF79EF79EF79EF79EF7D3
S3150801D6A09EF79EF79EF79EF79EF79EF79EF79EF7C3
S3150801D6B09EF79EF79EF79EF79EF79EF79EF79EF7B3
S3150801D6C09EF79EF79EF79EF79EF79EF79EF79EF7A3
S3150801D6D09EF79EF79EF79EF79EF79EF79EF79EF793
S3150801D6E09EF79EF79EF79EF79EF79EF79EF79EF783
S3150801D6F09EF79EF79EF79EF79EF79EF79EF79EF773
S3150801D7009EF79EF79EF79EF79EF79EF79EF79EF762
S3150801D7109EF79EF79EF7BFF7FFF70000000000008F
S3150801D72000000000000000000000000000000000EA
S3150801D73000000000000000000000000000000000DA
S3150801D74000000000000000000000000000000000CA
S3150801D75000000000000000000000000000000000BA
S3150801D76000000000000000000000000000000000AA
S3150801D770000000000000000000000000000000009A
S3150801D780000000000000000000000000000000008A
S3150801D790000000000000000000000000000000007A
S3150801D7A0000000000000000000000000000000006A
S3150801D7B0000000000000000000000000000000005A
S3150801D7C0000000000000000000000000000000004A
S3150801D7D0000000000000000000000000000000003A
S3150801D7E0000000000000000000000000000000002A
S3150801D7F0000000000000000000000000000000001A
S3150801D8000000000000000000000000000000000009
S3150801D81000000000000000000000000000000000F9
S3150801D82000000000000000000000000000000000E9
S3150801D83000000000000000000000000000000000D9
S3150801D84000000000000000000000000000000000C9
S3150801D85000000000FFFFBEF79EF79EF79EF79EF7B2
S3150801D8609EF79EF79EF79EF79EF79EF79EF79EF701
S3150801D8709EF79EF79EF79EF79EF79EF79EF79EF7F1
S3150801D8809EF79EF79EF79EF79EF79EF79EF79EF7E1
S3150801D8909EF79EF79EF79EF79EF79EF79EF79EF7D1
S3150801D8A09EF79EF79EF79EF79EF79EF79EF79EF7C1
S3150801D8B09EF79EF79EF79EF79EF79EF79EF79EF7B1
S3150801D8C09EF79EF79EF79EF79EF79EF79EF79EF7A1
S3150801D8D09EF79EF79EF79EF79EF79EF79EF79EF791
S3150801D8E09EF79EF79EF79EF79EF79EF79EF79EF781
S3150801D8F09EF7BEF7FFFF00000000000000000000D1
S3150801D9000000000000000000000000000000000008
S3150801D91000000000000000000000000000000000F8
S3150801D92000000000000000000000000000000000E8
S3150801D93000000000000000000000000000000000D8
S3150801D94000000000000000000000000000000000C8
S3150801D95000000000000000000000000000000000B8
S3150801D96000000000000000000000000000000000A8
S3150801D9700000000000000000000000000000000098
S3150801D9800000000000000000000000000000000088
S3150801D9900000000000000000000000000000000078
S3150801D9A00000000000000000000000000000000068
S3150801D9B00000000000000000000000000000000058
S3150801D9C00000000000000000000000000000000048
S3150801D9D00000000000000000000000000000000038
S3150801D9E00000000000000000000000000000000028
S3150801D9F00000000000000000000000000000000018
S3150801DA000000000000000000000000000000000007
S3150801DA1000000000000000000000000000000000F7
S3150801DA2000000000000000000000000000000000E7
S3150801DA3000000000000000000000FFFFBEF7BEF76F
S3150801DA409EF79EF79EF79EF79EF79EF79EF79EF71F
S3150801DA509EF79EF79EF79EF79EF79EF79EF79EF70F
S3150801DA609EF79EF79EF79EF79EF79EF79EF79EF7FF
S3150801DA709EF79EF79EF79EF79EF79EF79EF79EF7EF
S3150801DA809EF79EF79EF79EF79EF79EF79EF79EF7DF
S3150801DA909EF79EF79EF79EF79EF79EF79EF79EF7CF
S3150801DAA09EF79EF79EF79EF79EF79EF79EF79EF7BF
S3150801DAB09EF79EF79EF79EF79EF79EF79EF79EF7AF
S3150801DAC09EF79EF79EF79EF7BEF79EF7BEF7FFFFF6
S3150801DAD00000000000000000000000000000000037
S3150801DAE00000000000000000000000000000000027
S3150801DAF00000000000000000000000000000000017
S3150801DB000000000000000000000000000000000006
S3150801DB1000000000000000000000000000000000F6
S3150801DB2000000000000000000000000000000000E6
S3150801DB3000000000000000000000000000000000D6
S3150801DB4000000000000000000000000000000000C6
S3150801DB5000000000000000000000000000000000B6
S3150801DB6000000000000000000000000000000000A6
S3150801DB700000000000000000000000000000000096
S3150801DB800000000000000000000000000000000086
S3150801DB900000000000000000000000000000000076
S3150801DBA00000000000000000000000000000000066
S3150801DBB00000000000000000000000000000000056
S3150801DBC00000000000000000000000000000000046
S3150801DBD00000000000000000000000000000000036
S3150801DBE00000000000000000000000000000000026
S3150801DBF00000000000000000000000000000000016
S3150801DC000000000000000000000000000000000005
S3150801DC1000000000000000000000000000000000F5
S3150801DC20FFFF9FF7BEF79EF79EF79EF79EF79EF7B3
S3150801DC309EF79EF79EF79EF79EF79EF79EF79EF72D
S3150801DC409EF79EF79EF79EF79EF79EF79EF79EF71D
S3150801DC509EF79EF79EF79EF79EF79EF79EF79EF70D
S3150801DC609EF79EF79EF79EF79EF79EF79EF79EF7FD
S3150801DC709EF79EF79EF79EF79EF79EF79EF79EF7ED
S3150801DC809EF79EF79EF79EF79EF79EF79EF79EF7DD
S3150801DC909EF79EF79EF79EF79EF79EF79EF79EF7CD
S3150801DCA09EF7BEF79EF79FF7FFFF000000000000F2
S3150801DCB00000000000000000000000000000000055
S3150801DCC00000000000000000000000000000000045
S3150801DCD00000000000000000000000000000000035
S3150801DCE00000000000000000000000000000000025
S3150801DCF00000000000000000000000000000000015
S3150801DD000000000000000000000000000000000004
S3150801DD1000000000000000000000000000000000F4
S3150801DD2000000000000000000000000000000000E4
S3150801DD3000000000000000000000000000000000D4
S3150801DD4000000000000000000000000000000000C4
S3150801DD5000000000000000000000000000000000B4
S3150801DD6000000000000000000000000000000000A4
S3150801DD700000000000000000000000000000000094
S3150801DD800000000000000000000000000000000084
S3150801DD900000000000000000000000000000000074
S3150801DDA00000000000000000000000000000000064
S3150801DDB00000000000000000000000000000000054
S3150801DDC00000000000000000000000000000000044
S3150801DDD00000000000000000000000000000000034
S3150801DDE00000000000000000000000000000000024
S3150801DDF00000000000000000000000000000000014
S3150801DE00000000000000FFFF9FF7BEF7BEF79EF770
S3150801DE109EF79EF79EF79EF79EF79EF79EF79EF74B
S3150801DE209EF79EF79EF79EF79EF79EF79EF79EF73B
S3150801DE309EF79EF79EF79EF79EF79EF79EF79EF72B
S3150801DE409EF79EF79EF79EF79EF79EF79EF79EF71B
S3150801DE509EF79EF79EF79EF79EF79EF79EF79EF70B
S3150801DE609EF79EF79EF79EF79EF79EF79EF79EF7FB
S3150801DE709EF79EF79EF79EF79EF7BEF7BEF7BEF78B
S3150801DE80FFFF000000000000000000000000000085
S3150801DE900000000000000000000000000000000073
S3150801DEA00000000000000000000000000000000063
S3150801DEB00000000000000000000000000000000053
S3150801DEC00000000000000000000000000000000043
S3150801DED00000000000000000000000000000000033
S3150801DEE00000000000000000000000000000000023
S3150801DEF00000000000000000000000000000000013
S3150801DF000000000000000000000000000000000002
S3150801DF1000000000000000000000000000000000F2
S3150801DF2000000000000000000000000000000000E2
S3150801DF3000000000000000000000000000000000D2
S3150801DF4000000000000000000000000000000000C2
S3150801DF5000000000000000000000000000000000B2
S3150801DF6000000000000000000000000000000000A2
S3150801DF700000000000000000000000000000000092
S3150801DF800000000000000000000000000000000082
S3150801DF900000000000000000000000000000000072
S3150801DFA00000000000000000000000000000000062
S3150801DFB00000000000000000000000000000000052
S3150801DFC00000000000000000000000000000000042
S3150801DFD00000000000000000000000000000000032
S3150801DFE00000000000000000000000000000FFFF24
S3150801DFF0FFFFBFF7BEF7BEF7BEF79EF79EF79EF780
S3150801E0009EF79EF79EF79EF79EF79EF79EF79EF759
S3150801E0109EF79EF79EF79EF79EF79EF79EF79EF749
S3150801E0209EF79EF79EF79EF79EF79EF79EF79EF739
S3150801E0309EF79EF79EF79EF79EF79EF79EF79EF729
S3150801E0409EF79EF79EF79EF79EF79EF7BEF79EF7F9
S3150801E050BEF7BEF7BEF7BEF7FFFF000000000000DF
S3150801E06000000000000000000000000000000000A1
S3150801E0700000000000000000000000000000000091
S3150801E0800000000000000000000000000000000081
S3150801E0900000000000000000000000000000000071
S3150801E0A00000000000000000000000000000000061
S3150801E0B00000000000000000000000000000000051
S3150801E0C00000000000000000000000000000000041
S3150801E0D00000000000000000000000000000000031
S3150801E0E00000000000000000000000000000000021
S3150801E0F00000000000000000000000000000000011
S3150801E1000000000000000000000000000000000000
S3150801E11000000000000000000000000000000000F0
S3150801E12000000000000000000000000000000000E0
S3150801E13000000000000000000000000000000000D0
S3150801E14000000000000000000000000000000000C0
S3150801E15000000000000000000000000000000000B0
S3150801E16000000000000000000000000000000000A0
S3150801E1700000000000000000000000000000000090
S3150801E1800000000000000000000000000000000080
S3150801E1900000000000000000000000000000000070
S3150801E1A00000000000000000000000000000000060
S3150801E1B00000000000000000000000000000000050
S3150801E1C00000000000000000000000000000000040
S3150801E1D00000000000000000FFFFFFFFDFFF9EF7C1
S3150801E1E09EF7BEF79EF79EF79EF79EF79EF79EF758
S3150801E1F09EF79EF79EF79EF79EF79EF79EF79EF768
S3150801E2009EF79EF79EF79EF79EF79EF79EF79EF757
S3150801E2109EF79EF79EF79EF79EF79EF79EF79EF747
S3150801E2209EF7BEF79EF7BEF7BEF7BFF7BFF7FFFF2C
S3150801E230FFFF0000000000000000000000000000D1
S3150801E24000000000000000000000000000000000BF
S3150801E25000000000000000000000000000000000AF
S3150801E260000000000000000000000000000000009F
S3150801E270000000000000000000000000000000008F
S3150801E280000000000000000000000000000000007F
S3150801E290000000000000000000000000000000006F
S3150801E2A0000000000000000000000000000000005F
S3150801E2B0000000000000000000000000000000004F
S3150801E2C0000000000000000000000000000000003F
S3150801E2D0000000000000000000000000000000002F
S3150801E2E0000000000000000000000000000000001F
S3150801E2F0000000000000000000000000000000000F
S3150801E30000000000000000000000000000000000FE
S3150801E31000000000000000000000000000000000EE
S3150801E32000000000000000000000000000000000DE
S3150801E33000000000000000000000000000000000CE
S3150801E34000000000000000000000000000000000BE
S3150801E35000000000000000000000000000000000AE
S3150801E360000000000000000000000000000000009E
S3150801E370000000000000000000000000000000008E
S3150801E380000000000000000000000000000000007E
S3150801E390000000000000000000000000000000006E
S3150801E3A0000000000000000000000000000000005E
S3150801E3B0000000000000000000000000000000004E
S3150801E3C0000000000000FFFFFFF7BEF79FF79EF76A
S3150801E3D0BEF79EF79EF7BEF79EF7BEF79EF79EF726
S3150801E3E09EF7BEF7BEF79EF79EF79EF7BEF79EF716
S3150801E3F09EF79EF7BEF7BEF79EF7BEF7DFFFBEF79D
S3150801E400FFFFFFFF00000000000000000000000001
S3150801E41000000000000000000000000000000000ED
S3150801E42000000000000000000000000000000000DD
S3150801E43000000000000000000000000000000000CD
S3150801E44000000000000000000000000000000000BD
S3150801E45000000000000000000000000000000000AD
S3150801E460000000000000000000000000000000009D
S3150801E470000000000000000000000000000000008D
S3150801E480000000000000000000000000000000007D
S3150801E490000000000000000000000000000000006D
S3150801E4A0000000000000000000000000000000005D
S3150801E4B0000000000000000000000000000000004D
S3150801E4C0000000000000000000000000000000003D
S3150801E4D0000000000000000000000000000000002D
S3150801E4E0000000000000000000000000000000001D
S3150801E4F0000000000000000000000000000000000D
S3150801E50000000000000000000000000000000000FC
S3150801E51000000000000000000000000000000000EC
S3150801E52000000000000000000000000000000000DC
S3150801E53000000000000000000000000000000000CC
S3150801E54000000000000000000000000000000000BC
S3150801E55000000000000000000000000000000000AC
S3150801E560000000000000000000000000000000009C
S3150801E570000000000000000000000000000000008C
S3150801E580000000000000000000000000000000007C
S3150801E590000000000000000000000000000000006C
S3150801E5A0000000000000000000000000000000005C
S3150801E5B0000000000000000000000000000000004C
S3150801E5C0000000000000000000000000000000003C
S3150801E5D0000000000000000000000000000000002C
S3150801E5E0000000000000000000000000000000001C
S3150801E5F0000000000000000000000000000000000C
S3150801E60000000000000000000000000000000000FB
S3150801E61000000000000000000000000000000000EB
S3150801E62000000000000000000000000000000000DB
S3150801E63000000000000000000000000000000000CB
S3150801E64000000000000000000000000000000000BB
S3150801E65000000000000000000000000000000000AB
S3150801E660000000000000000000000000000000009B
S3150801E670000000000000000000000000000000008B
S3150801E680000000000000000000000000000000007B
S3150801E690000000000000000000000000000000006B
S3150801E6A0000000000000000000000000000000005B
S3150801E6B0000000000000000000000000000000004B
S3150801E6C0000000000000000000000000000000003B
S3150801E6D0000000000000000000000000000000002B
S3150801E6E0000000000000000000000000000000001B
S3150801E6F0000000000000000000000000000000000B
S3150801E70000000000000000000000000000000000FA
S3150801E71000000000000000000000000000000000EA
S3150801E72000000000000000000000000000000000DA
S3150801E73000000000000000000000000000000000CA
S3150801E74000000000000000000000000000000000BA
S3150801E75000000000000000000000000000000000AA
S3150801E760000000000000000000000000000000009A
S3150801E770000000000000000000000000000000008A
S3150801E780000000000000000000000000000000007A
S3150801E790000000000000000000000000000000006A
S3150801E7A0000000000000000000000000000000005A
S3150801E7B0000000000000000000000000000000004A
S3150801E7C0000000000000000000000000000000003A
S3150801E7D0000000000000000000000000000000002A
S3150801E7E0000000000000000000000000000000001A
S3150801E7F0000000000000000000000000000000000A
S3150801E80000000000000000000000000000000000F9
S3150801E81000000000000000000000000000000000E9
S3150801E82000000000000000000000000000000000D9
S3150801E83000000000000000000000000000000000C9
S3150801E84000000000000000000000000000000000B9
S3150801E85000000000000000000000000000000000A9
S3150801E8600000000000000000000000000000000099
S3150801E8700000000000000000000000000000000089
S3150801E8800000000000000000000000000000000079
S3150801E8900000000000000000000000000000000069
S3150801E8A00000000000000000000000000000000059
S3150801E8B00000000000000000000000000000000049
S3150801E8C00000000000000000000000000000000039
S3150801E8D00000000000000000000000000000000029
S3150801E8E00000000000000000000000000000000019
S3150801E8F00000000000000000000000000000000009
S3150801E90000000000000000000000000000000000F8
S3150801E91000000000000000000000000000000000E8
S3150801E92000000000000000000000000000000000D8
S3150801E93000000000000000000000000000000000C8
S3150801E94000000000000000000000000000000000B8
S3150801E95000000000000000000000000000000000A8
S3150801E9600000000000000000000000000000000098
S3150801E9700000000000000000000000000000000088
S3150801E9800000000000000000000000000000000078
S3150801E9900000000000000000000000000000000068
S3150801E9A00000000000000000000000000000000058
S3150801E9B00000000000000000000000000000000048
S3150801E9C00000000000000000000000000000000038
S3150801E9D00000000000000000000000000000000028
S3150801E9E00000000000000000000000000000000018
S3150801E9F00000000000000000000000000000000008
S3150801EA0000000000000000000000000000000000F7
S3150801EA1000000000000000000000000000000000E7
S3150801EA2000000000000000000000000000000000D7
S3150801EA3000000000000000000000000000000000C7
S3150801EA4000000000000000000000000000000000B7
S3150801EA5000000000000000000000000000000000A7
S3150801EA600000000000000000000000000000000097
S3150801EA700000000000000000000000000000000087
S3150801EA800000000000000000000000000000000077
S3150801EA900000000000000000000000000000000067
S3150801EAA00000000000000000000000000000000057
S3150801EAB00000000000000000000000000000000047
S3150801EAC00000000000000000000000000000000037
S3150801EAD00000000000000000000000000000000027
S3150801EAE00000000000000000000000000000000017
S3150801EAF00000000000000000000000000000000007
S3150801EB0000000000000000000000000000000000F6
S3150801EB1000000000000000000000000000000000E6
S3150801EB2000000000000000000000000000000000D6
S3150801EB3000000000000000000000000000000000C6
S3150801EB4000000000000000000000000000000000B6
S3150801EB5000000000000000000000000000000000A6
S3150801EB600000000000000000000000000000000096
S3150801EB700000000000000000000000000000000086
S3150801EB800000000000000000000000000000000076
S3150801EB900000000000000000000000000000000066
S3150801EBA00000000000000000000000000000000056
S3150801EBB00000000000000000000000000000000046
S3150801EBC00000000000000000000000000000000036
S3150801EBD00000000000000000000000000000000026
S3150801EBE00000000000000000000000000000000016
S3150801EBF00000000000000000000000000000000006
S3150801EC0000000000000000000000000000000000F5
S3150801EC1000000000000000000000000000000000E5
S3150801EC2000000000000000000000000000000000D5
S3150801EC3000000000000000000000000000000000C5
S3150801EC4000000000000000000000000000000000B5
S3150801EC5000000000000000000000000000000000A5
S3150801EC600000000000000000000000000000000095
S3150801EC700000000000000000000000000000000085
S3150801EC800000000000000000000000000000000075
S3150801EC900000000000000000000000000000000065
S3150801ECA00000000000000000000000000000000055
S3150801ECB00000000000000000000000000000000045
S3150801ECC00000000000000000000000000000000035
S3150801ECD00000000000000000000000000000000025
S3150801ECE00000000000000000000000000000000015
S3150801ECF00000000000000000000000000000000005
S3150801ED0000000000000000000000000000000000F4
S3150801ED1000000000000000000000000000000000E4
S3150801ED2000000000000000000000000000000000D4
S3150801ED3000000000000000000000000000000000C4
S3150801ED4000000000000000000000000000000000B4
S3150801ED5000000000000000000000000000000000A4
S3150801ED600000000000000000000000000000000094
S3150801ED700000000000000000000000000000000084
S3150801ED800000000000000000000000000000000074
S3150801ED900000000000000000000000000000000064
S3150801EDA00000000000000000000000000000000054
S3150801EDB00000000000000000000000000000000044
S3150801EDC00000000000000000000000000000000034
S3150801EDD00000000000000000000000000000000024
S3150801EDE00000000000000000000000000000000014
S3150801EDF00000000000000000000000000000000004
S3150801EE0000000000000000000000000000000000F3
S3150801EE1000000000000000000000000000000000E3
S3150801EE2000000000000000000000000000000000D3
S3150801EE3000000000000000000000000000000000C3
S3150801EE4000000000000000000000000000000000B3
S3150801EE5000000000000000000000000000000000A3
S3150801EE600000000000000000000000000000000093
S3150801EE700000000000000000000000000000000083
S3150801EE800000000000000000000000000000000073
S3150801EE900000000000000000000000000000000063
S3150801EEA00000000000000000000000000000000053
S3150801EEB00000000000000000000000000000000043
S3150801EEC00000000000000000000000000000000033
S3150801EED00000000000000000000000000000000023
S3150801EEE00000000000000000000000000000000013
S3150801EEF00000000000000000000000000000000003
S3150801EF0000000000000000000000000000000000F2
S3150801EF1000000000000000000000000000000000E2
S3150801EF2000000000000000000000000000000000D2
S3150801EF3000000000000000000000000000000000C2
S3150801EF4000000000000000000000000000000000B2
S3150801EF5000000000000000000000000000000000A2
S3150801EF600000000000000000000000000000000092
S3150801EF700000000000000000000000000000000082
S3150801EF800000000000000000000000000000000072
S3150801EF900000000000000000000000000000000062
S3150801EFA00000000000000000000000000000000052
S3150801EFB00000000000000000000000000000000042
S3150801EFC00000000000000000000000000000000032
S3150801EFD00000000000000000000000000000000022
S3150801EFE00000000000000000000000000000000012
S3150801EFF00000000000000000000000000000000002
S3150801F00000000000000000000000000000000000F1
S3150801F01000000000000000000000000000000000E1
S3150801F02000000000000000000000000000000000D1
S3150801F03000000000000000000000000000000000C1
S3150801F04000000000000000000000000000000000B1
S3150801F05000000000000000000000000000000000A1
S3150801F0600000000000000000000000000000000091
S3150801F0700000000000000000000000000000000081
S3150801F0800000000000000000000000000000000071
S3150801F0900000000000000000000000000000000061
S3150801F0A00000000000000000000000000000000051
S3150801F0B00000000000000000000000000000000041
S3150801F0C00000000000000000000000000000000031
S3150801F0D00000000000000000000000000000000021
S3150801F0E00000000000000000000000000000000011
S3150801F0F00000000000000000000000000000000001
S3150801F10000000000000000000000000000000000F0
S3150801F11000000000000000000000000000000000E0
S3150801F12000000000000000000000000000000000D0
S3150801F13000000000000000000000000000000000C0
S3150801F14000000000000000000000000000000000B0
S3150801F15000000000000000000000000000000000A0
S3150801F1600000000000000000000000000000000090
S3150801F1700000000000000000000000000000000080
S3150801F1800000000000000000000000000000000070
S3150801F1900000000000000000000000000000000060
S3150801F1A00000000000000000000000000000000050
S3150801F1B00000000000000000000000000000000040
S3150801F1C00000000000000000000000000000000030
S3150801F1D00000000000000000000000000000000020
S3150801F1E00000000000000000000000000000000010
S3150801F1F00000000000000000000000000000000000
S3150801F20000000000000000000000000000000000EF
S3150801F21000000000000000000000000000000000DF
S3150801F22000000000000000000000000000000000CF
S3150801F23000000000000000000000000000000000BF
S3150801F24000000000000000000000000000000000AF
S3150801F250000000000000000000000000000000009F
S3150801F260000000000000000000000000000000008F
S3150801F270000000000000000000000000000000007F
S3150801F280000000000000000000000000000000006F
S3150801F290000000000000000000000000000000005F
S3150801F2A0000000000000000000000000000000004F
S3150801F2B0000000000000000000000000000000003F
S3150801F2C0000000000000000000000000000000002F
S3150801F2D0000000000000000000000000000000001F
S3150801F2E0000000000000000000000000000000000F
S3150801F2F000000000000000000000000000000000FF
S3150801F30000000000000000000000000000000000EE
S3150801F31000000000000000000000000000000000DE
S3150801F32000000000000000000000000000000000CE
S3150801F33000000000000000000000000000000000BE
S3150801F34000000000000000000000000000000000AE
S3150801F350000000000000000000000000000000009E
S3150801F360000000000000000000000000000000008E
S3150801F370000000000000000000000000000000007E
S3150801F380000000000000000000000000000000006E
S3150801F390000000000000000000000000000000005E
S3150801F3A0000000000000000000000000000000004E
S3150801F3B0000000000000000000000000000000003E
S3150801F3C0000000000000000000000000000000002E
S3150801F3D0000000000000000000000000000000001E
S3150801F3E0000000000000000000000000000000000E
S3150801F3F000000000000000000000000000000000FE
S3150801F40000000000000000000000000000000000ED
S3150801F41000000000000000000000000000000000DD
S3150801F42000000000000000000000000000000000CD
S3150801F43000000000000000000000000000000000BD
S3150801F44000000000000000000000000000000000AD
S3150801F450000000000000000000000000000000009D
S3150801F460000000000000000000000000000000008D
S3150801F470000000000000000000000000000000007D
S3150801F480000000000000000000000000000000006D
S3150801F490000000000000000000000000000000005D
S3150801F4A0000000000000000000000000000000004D
S3150801F4B0000000000000000000000000000000003D
S3150801F4C0000000000000000000000000000000002D
S3150801F4D0000000000000000000000000000000001D
S3150801F4E0000000000000000000000000000000000D
S3150801F4F000000000000000000000000000000000FD
S3150801F50000000000000000000000000000000000EC
S3150801F51000000000000000000000000000000000DC
S3150801F52000000000000000000000000000000000CC
S3150801F53000000000000000000000000000000000BC
S3150801F54000000000000000000000000000000000AC
S3150801F550000000000000000000000000000000009C
S3150801F560000000000000000000000000000000008C
S3150801F570000000000000000000000000000000007C
S3150801F580000000000000000000000000000000006C
S3150801F590000000000000000000000000000000005C
S3150801F5A0000000000000000000000000000000004C
S3150801F5B0000000000000000000000000000000003C
S3150801F5C0000000000000000000000000000000002C
S3150801F5D0000000000000000000000000000000001C
S3150801F5E0000000000000000000000000000000000C
S3150801F5F000000000000000000000000000000000FC
S3150801F60000000000000000000000000000000000EB
S3150801F61000000000000000000000000000000000DB
S3150801F62000000000000000000000000000000000CB
S3150801F63000000000000000000000000000000000BB
S3150801F64000000000000000000000000000000000AB
S3150801F650000000000000000000000000000000009B
S3150801F660000000000000000000000000000000008B
S3150801F670000000000000000000000000000000007B
S3150801F680000000000000000000000000000000006B
S3150801F690000000000000000000000000000000005B
S3150801F6A0000000000000000000000000000000004B
S3150801F6B0000000000000000000000000000000003B
S3150801F6C0000000000000000000000000000000002B
S3150801F6D0000000000000000000000000000000001B
S3150801F6E0000000000000000000000000000000000B
S3150801F6F000000000000000000000000000000000FB
S3150801F70000000000000000000000000000000000EA
S3150801F71000000000000000000000000000000000DA
S3150801F72000000000000000000000000000000000CA
S3150801F73000000000000000000000000000000000BA
S3150801F74000000000000000000000000000000000AA
S3150801F750000000000000000000000000000000009A
S3150801F760000000000000000000000000000000008A
S3150801F770000000000000000000000000000000007A
S3150801F780000000000000000000000000000000006A
S3150801F790000000000000000000000000000000005A
S3150801F7A0000000000000000000000000000000004A
S3150801F7B0000000000000000000000000000000003A
S3150801F7C0000000000000000000000000000000002A
S3150801F7D0000000000000000000000000000000001A
S3150801F7E0000000000000000000000000000000000A
S3150801F7F000000000000000000000000000000000FA
S3150801F80000000000000000000000000000000000E9
S3150801F81000000000000000000000000000000000D9
S3150801F82000000000000000000000000000000000C9
S3150801F83000000000000000000000000000000000B9
S3150801F84000000000000000000000000000000000A9
S3150801F8500000000000000000000000000000000099
S3150801F8600000000000000000000000000000000089
S3150801F8700000000000000000000000000000000079
S3150801F8800000000000000000000000000000000069
S3150801F8900000000000000000000000000000000059
S3150801F8A00000000000000000000000000000000049
S3150801F8B00000000000000000000000000000000039
S3150801F8C00000000000000000000000000000000029
S3150801F8D00000000000000000000000000000000019
S3150801F8E00000000000000000000000000000000009
S3150801F8F000000000000000000000000000000000F9
S3150801F90000000000000000000000000000000000E8
S3150801F91000000000000000000000000000000000D8
S3150801F92000000000000000000000000000000000C8
S3150801F93000000000000000000000000000000000B8
S3150801F94000000000000000000000000000000000A8
S3150801F9500000000000000000000000000000000098
S3150801F9600000000000000000000000000000000088
S3150801F9700000000000000000000000000000000078
S3150801F9800000000000000000000000000000000068
S3150801F9900000000000000000000000000000000058
S3150801F9A00000000000000000000000000000000048
S3150801F9B00000000000000000000000000000000038
S3150801F9C00000000000000000000000000000000028
S3150801F9D00000000000000000000000000000000018
S3150801F9E00000000000000000000000000000000008
S3150801F9F000000000000000000000000000000000F8
S3150801FA0000000000000000000000000000000000E7
S3150801FA1000000000000000000000000000000000D7
S3150801FA2000000000000000000000000000000000C7
S3150801FA3000000000000000000000000000000000B7
S3150801FA4000000000000000000000000000000000A7
S3150801FA500000000000000000000000000000000097
S3150801FA600000000000000000000000000000000087
S3150801FA700000000000000000000000000000000077
S3150801FA800000000000000000000000000000000067
S3150801FA900000000000000000000000000000000057
S3150801FAA00000000000000000000000000000000047
S3150801FAB00000000000000000000000000000000037
S3150801FAC00000000000000000000000000000000027
S3150801FAD00000000000000000000000000000000017
S3150801FAE00000000000000000000000000000000007
S3150801FAF000000000000000000000000000000000F7
S3150801FB0000000000000000000000000000000000E6
S3150801FB1000000000000000000000000000000000D6
S3150801FB2000000000000000000000000000000000C6
S3150801FB3000000000000000000000000000000000B6
S3150801FB4000000000000000000000000000000000A6
S3150801FB500000000000000000000000000000000096
S3150801FB600000000000000000000000000000000086
S3150801FB700000000000000000000000000000000076
S3150801FB800000000000000000000000000000000066
S3150801FB900000000000000000000000000000000056
S3150801FBA00000000000000000000000000000000046
S3150801FBB00000000000000000000000000000000036
S3150801FBC00000000000000000000000000000000026
S3150801FBD00000000000000000000000000000000016
S3150801FBE00000000000000000000000000000000006
S3150801FBF000000000000000000000000000000000F6
S3150801FC0000000000000000000000000000000000E5
S3150801FC1000000000000000000000000000000000D5
S3150801FC2000000000000000000000000000000000C5
S3150801FC3000000000000000000000000000000000B5
S3150801FC4000000000000000000000000000000000A5
S3150801FC500000000000000000000000000000000095
S3150801FC600000000000000000000000000000000085
S3150801FC700000000000000000000000000000000075
S3150801FC800000000000000000000000000000000065
S3150801FC900000000000000000000000000000000055
S3150801FCA00000000000000000000000000000000045
S3150801FCB00000000000000000000000000000000035
S3150801FCC00000000000000000000000000000000025
S3150801FCD00000000000000000000000000000000015
S3150801FCE00000000000000000000000000000000005
S3150801FCF000000000000000000000000000000000F5
S3150801FD0000000000000000000000000000000000E4
S3150801FD1000000000000000000000000000000000D4
S3150801FD2000000000000000000000000000000000C4
S3150801FD3000000000000000000000000000000000B4
S3150801FD4000000000000000000000000000000000A4
S3150801FD500000000000000000000000000000000094
S3150801FD600000000000000000000000000000000084
S3150801FD700000000000000000000000000000000074
S3150801FD800000000000000000000000000000000064
S3150801FD900000000000000000000000000000000054
S3150801FDA00000000000000000000000000000000044
S3150801FDB00000000000000000000000000000000034
S3150801FDC00000000000000000000000000000000024
S3150801FDD00000000000000000000000000000000014
S3150801FDE00000000000000000000000000000000004
S3150801FDF000000000000000000000000000000000F4
S3150801FE0000000000000000000000000000000000E3
S3150801FE1000000000000000000000000000000000D3
S3150801FE2000000000000000000000000000000000C3
S3150801FE3000000000000000000000000000000000B3
S3150801FE4000000000000000000000000000000000A3
S3150801FE500000000000000000000000000000000093
S3150801FE600000000000000000000000000000000083
S3150801FE700000000000000000000000000000000073
S3150801FE800000000000000000000000000000000063
S3150801FE900000000000000000000000000000000053
S3150801FEA00000000000000000000000000000000043
S3150801FEB00000000000000000000000000000000033
S3150801FEC00000000000000000000000000000000023
S3150801FED00000000000000000000000000000000013
S3150801FEE00000000000000000000000000000000003
S3150801FEF000000000000000000000000000000000F3
S3150801FF0000000000000000000000000000000000E2
S3150801FF1000000000000000000000000000000000D2
S3150801FF2000000000000000000000000000000000C2
S3150801FF3000000000000000000000000000000000B2
S3150801FF4000000000000000000000000000000000A2
S3150801FF500000000000000000000000000000000092
S3150801FF600000000000000000000000000000000082
S3150801FF700000000000000000000000000000000072
S3150801FF800000000000000000000000000000000062
S3150801FF900000000000000000000000000000000052
S3150801FFA00000000000000000000000000000000042
S3150801FFB00000000000000000000000000000000032
S3150801FFC00000000000000000000000000000000022
S3150801FFD00000000000000000000000000000000012
S3150801FFE00000000000000000000000000000000002
S3150801FFF000000000000000000000000000000000F2
S3150802000000000000000000000000000000000000E0
S3150802001000000000000000000000000000000000D0
S3150802002000000000000000000000000000000000C0
S3150802003000000000000000000000000000000000B0
S3150802004000000000000000000000000000000000A0
S315080200500000000000000000000000000000000090
S315080200600000000000000000000000000000000080
S315080200700000000000000000000000000000000070
S315080200800000000000000000000000000000000060
S315080200900000000000000000000000000000000050
S315080200A00000000000000000000000000000000040
S315080200B00000000000000000000000000000000030
S315080200C00000000000000000000000000000000020
S315080200D00000000000000000000000000000000010
S315080200E00000000000000000000000000000000000
S315080200F000000000000000000000000000000000F0
S3150802010000000000000000000000000000000000DF
S3150802011000000000000000000000000000000000CF
S3150802012000000000000000000000000000000000BF
S3150802013000000000000000000000000000000000AF
S31508020140000000000000000000000000000000009F
S31508020150000000000000000000000000000000008F
S31508020160000000000000000000000000000000007F
S31508020170000000000000000000000000000000006F
S31508020180000000000000000000000000000000005F
S31508020190000000000000000000000000000000004F
S315080201A0000000000000000000000000000000003F
S315080201B0000000000000000000000000000000002F
S315080201C0000000000000000000000000000000001F
S315080201D0000000000000000000000000000000000F
S315080201E000000000000000000000000000000000FF
S315080201F000000000000000000000000000000000EF
S3150802020000000000000000000000000000000000DE
S3150802021000000000000000000000000000000000CE
S3150802022000000000000000000000000000000000BE
S3150802023000000000000000000000000000000000AE
S31508020240000000000000000000000000000000009E
S31508020250000000000000000000000000000000008E
S31508020260000000000000000000000000000000007E
S31508020270000000000000000000000000000000006E
S31508020280000000000000000000000000000000005E
S31508020290000000000000000000000000000000004E
S315080202A0000000000000000000000000000000003E
S315080202B0000000000000000000000000000000002E
S315080202C0000000000000000000000000000000001E
S315080202D0000000000000000000000000000000000E
S315080202E000000000000000000000000000000000FE
S315080202F000000000000000000000000000000000EE
S3150802030000000000000000000000000000000000DD
S3150802031000000000000000000000000000000000CD
S3150802032000000000000000000000000000000000BD
S3150802033000000000000000000000000000000000AD
S31508020340000000000000000000000000000000009D
S31508020350000000000000000000000000000000008D
S31508020360000000000000000000000000000000007D
S31508020370000000000000000000000000000000006D
S31508020380000000000000000000000000000000005D
S31508020390000000000000000000000000000000004D
S315080203A0000000000000000000000000000000003D
S315080203B0000000000000000000000000000000002D
S315080203C0000000000000000000000000000000001D
S315080203D0000000000000000000000000000000000D
S315080203E000000000000000000000000000000000FD
S315080203F000000000000000000000000000000000ED
S3150802040000000000000000000000000000000000DC
S3150802041000000000000000000000000000000000CC
S3150802042000000000000000000000000000000000BC
S3150802043000000000000000000000000000000000AC
S31508020440000000000000000000000000000000009C
S31508020450000000000000000000000000000000008C
S31508020460000000000000000000000000000000007C
S31508020470000000000000000000000000000000006C
S31508020480000000000000000000000000000000005C
S31508020490000000000000000000000000000000004C
S315080204A0000000000000000000000000000000003C
S315080204B00000000000FCFF0000FFFF0380FFFF07AB
S315080204C0C01FE00FE007801FE003001FF001003E97
S315080204D0F001003EF800007CF800007CFC0000FCFD
S315080204E0FC0000FC7C0000F87C0000F87C0000F8A8
S315080204F07C0000F87C0000F87C0000F8FC0000FC98
S31508020500FC0000FCF800007CF800007CF001003ECC
S31508020510F001003EE003001FE007801FC01FE00F46
S3150802052080FFFF0700FFFF0300FCFF00000000003A
S3150802053000000000000000000000000000000000AB
S31508020540000000000000000000000000000000009B
S31508020550000000000000000000000000000000008B
S31508020560000000000000000000000000000000007B
S315080205700000000000803F0000807F000080FF002E
S315080205800080FF010080FF030080FF070080DF0F65
S3150802059000801F1F00801F3C00801F7800801F708C
S315080205A000801F0000801F0000801F0000801F00BF
S315080205B000801F0000801F0000801F0000801F00AF
S315080205C000801F0000801F0000801F0080FFFF7F41
S315080205D080FFFF7F80FFFF7F000000000000000011
S315080205E000000000000000000000000000000000FB
S315080205F000000000000000000000000000000000EB
S3150802060000000000000000000000000000000000DA
S3150802061000000000000000000000000000000000CA
S3150802062000000000000000000000000000000000BA
S315080206300000000000F8FF0100FEFF0700FFFF0FA1
S31508020640803F801F800F001EC00F000CC00F0000E5
S31508020650801F0000803F0000007F000000FE0000AF
S3150802066000FC030000F8070000F00F0000E01F007E
S3150802067000C03F0000807F000000FF000000FE016E
S315080206800000FC030000F8070000F00F0000E01F5E
S315080206900000C03FFCFFFF7FFCFFFF7FFCFFFF7FE0
S315080206A0000000000000000000000000000000003A
S315080206B0000000000000000000000000000000002A
S315080206C0000000000000000000000000000000001A
S315080206D0000000000000000000000000000000000A
S315080206E000000000000000000000000000000000FA
S315080206F00000000000F8FF0100FFFF0780FFFF0F60
S31508020700C03FC01FC01F000F801F0000803F0000AF
S31508020710007F000000FE000000FC010000F8030054
S3150802072000F0070000F81F0000FC1F0000FE07008B
S3150802073000FF0100807F0000803F0000803F00002C
S31508020740803F801F007F803F00FF801F00FEFF1F43
S3150802075000F8FF0F00E0FF030000000000000000A1
S315080207600000000000000000000000000000000079
S315080207700000000000000000000000000000000069
S315080207800000000000000000000000000000000059
S315080207900000000000000000000000000000000049
S315080207A00000000000000000000000000000000039
S315080207B00000000000F0070000F00F0000F01F0024
S315080207C000F03F0000F07F0000E0FF0000E0FB01C0
S315080207D000E0F30300E0E30700E0C30F00E0831F35
S315080207E000E0033F00E0037E00E003FCC0FFFFFFDA
S315080207F0C0FFFFFFC0FFFFFF00E0030000E00300A9
S3150802080000E0030000E0030000E00300000000002F
S3150802081000000000000000000000000000000000C8
S3150802082000000000000000000000000000000000B8
S3150802083000000000000000000000000000000000A8
S315080208400000000000000000000000000000000098
S315080208500000000000000000000000000000000088
S315080208600000000000000000000000000000000078
S3150802087000000000C0FFFF7FC0FFFF7FC0FFFF7FB1
S315080208800000007E0000007C0000007C0000007C66
S3150802089000E0FF7F00F8FF7F00FCFF7F00FE017C7F
S315080208A000FF0000807F0000803F0000803F0000BC
S315080208B0803F0000807F003C00FF003E00FE831F51
S315080208C000FCFF1F00F8FF0F00E0FF030000000016
S315080208D00000000000000000000000000000000008
S315080208E000000000000000000000000000000000F8
S315080208F000000000000000000000000000000000E8
S3150802090000000000000000000000000000000000D7
S3150802091000000000000000000000000000000000C7
S3150802092000000000000000000000000000000000B7
S315080209300000000000F0FF0000FCFF0300FEFF07B6
S31508020940007FE00F801F801FC00F003FC007007E98
S315080209500000007C0000007C00FC3FFC00FE7FFCDF
S3150802096000FFFFFC803F80FDC01F00FFC00F007F15
S31508020970C00F007FC00F007F801F003F003F803FEF
S3150802098000FEE01F00FCFF0F00F8FF0700E0FF0172
S315080209900000000000000000000000000000000047
S315080209A00000000000000000000000000000000037
S315080209B00000000000000000000000000000000027
S315080209C00000000000000000000000000000000017
S315080209D00000000000000000000000000000000007
S315080209E000000000000000000000000000000000F7
S315080209F000000000C0FFFFFFC0FFFFFFC0FFFFFFB0
S31508020A00807F000000FF000000FE010000FC0300DA
S31508020A1000F8070000F00F0000E01F0000C03F00CA
S31508020A2000807F000000FF000000FE010000FC03BA
S31508020A300000F8070000F00F0000E01F0000C03FAA
S31508020A400000803F000000000000000000000000D7
S31508020A500000000000000000000000000000000086
S31508020A600000000000000000000000000000000076
S31508020A700000000000000000000000000000000066
S31508020A800000000000000000000000000000000056
S31508020A900000000000000000000000000000000046
S31508020AA00000000000000000000000000000000036
S31508020AB00000000000F8FF0100FFFF0780FFFF0F9C
S31508020AC0C01FC01FC00F801FC00F801FC00F801F0E
S31508020AD0C00F801FC01FC01F80FFFF0F00FFFF0748
S31508020AE0C03FE01FE00F803FE007003FE007003FFE
S31508020AF0E007003FE007003FC00F801FC03FE01F2E
S31508020B0080FFFF0F00FFFF0700F8FF01000000004B
S31508020B1000000000000000000000000000000000C5
S31508020B2000000000000000000000000000000000B5
S31508020B3000000000000000000000000000000000A5
S31508020B400000000000000000000000000000000095
S31508020B500000000000000000000000000000000085
S31508020B600000000000000000000000000000000075
S31508020B700000000000F8FF0100FEFF0700FFFF0F5C
S31508020B80803FE01FC00F803FC007007FE007007E5E
S31508020B90E007007EE00F007FE01F803FE0FFFF3F97
S31508020BA0E0FFFF1FE07FFF07C07F0000807F000095
S31508020BB0807F000000FF000000FE011E00FCFF1FF0
S31508020BC000F8FF0F00E0FF0300000000000000002D
S31508020BD00000000000000000000000000000000005
S31508020BE000000000000000000000000000000000F5
S31508020BF000000000000000000000000000000000E5
S31508020C0000000000000000000000000000000000D4
S31508020C1000000000000000000000000000000000C4
S31508020C2000000000000000000000000000000000B4
S31508020C3000000000000000000000000000000000A4
S31508020C400000000000000000000000000000000094
S31508020C500000000000000000000000000000000084
S31508020C600000000000000000000000000000000074
S31508020C700000000000000000000000000000000064
S31508020C800000000000000000000000000000000054
S31508020C900000000000000000000000000000000044
S31508020CA00000000000000000000000000000000034
S31508020CB00000000000000000000000000000000024
S31508020CC00000000000000000000000000000000014
S31508020CD00000000000000000000000000000000004
S31508020CE000000000000000000000000000000000F4
S31508020CF0000000001E0000032F686F6D652F6162F9
S31508020D0061726E696B612F53696D706C6963697480
S31508020D107953747564696F2F53444B732F676563F0
S31508020D206B6F5F73646B2F706C6174666F726D2F75
S31508020D30656D6472762F7370696472762F73726347
S31508020D402F7370696472762E63000000000000003B
S31508020D500100000000000000000000000100000081
S31508020D600000000000000000010400000500000069
S31508020D7000000000809698000201000000000000B2
S31508020D80050000000000000040420F0005010000B7
S31508020D900000000000000000000000002F686F6DD0
S31508020DA0652F616261726E696B612F53696D706C32
S31508020DB0696369747953747564696F2F53444B7305
S31508020DC02F6765636B6F5F73646B2F706C617466F4
S31508020DD06F726D2F656D6C69622F7372632F656D05
S31508020DE05F636D752E63002F686F6D652F61626193
S31508020DF0726E696B612F53696D706C696369747978
S31508020E0053747564696F2F53444B732F6765636B0D
S31508020E106F5F73646B2F706C6174666F726D2F658A
S31508020E206D6C69622F7372632F656D5F636F72658E
S31508020E302E63002F686F6D652F616261726E696B32
S31508020E40612F53696D706C6963697479537475643B
S31508020E50696F2F53444B732F6765636B6F5F7364B8
S31508020E606B2F706C6174666F726D2F656D6C69623B
S31508020E702F7372632F656D5F656D752E63002F681C
S31508020E806F6D652F616261726E696B612F53696D51
S31508020E90706C696369747953747564696F2F534406
S31508020EA04B732F6765636B6F5F73646B2F706C612F
S31508020EB074666F726D2F656D6C69622F7372632F1C
S31508020EC0656D5F6575736172742E63002F686F6D49
S31508020ED0652F616261726E696B612F53696D706C01
S31508020EE0696369747953747564696F2F53444B73D4
S31508020EF02F6765636B6F5F73646B2F706C617466C3
S31508020F006F726D2F656D6C69622F7372632F656DD3
S31508020F105F6770696F2E6300FF070F00FF033F00CC
S31508020F202F686F6D652F616261726E696B612F53EF
S31508020F30696D706C696369747953747564696F2F26
S31508020F4053444B732F6765636B6F5F73646B2F70C4
S31508020F506C6174666F726D2F656D6C69622F737240
S31508020F60632F656D5F6C646D612E63002F686F6D0C
S31508020F70652F616261726E696B612F53696D706C60
S31508020F80696369747953747564696F2F53444B7333
S31508020F902F6765636B6F5F73646B2F2F706C617459
S31508020FA0666F726D2F656D6C69622F696E632F6548
S31508020FB06D5F6275732E68002F686F6D652F6162AB
S31508020FC061726E696B612F53696D706C69636974BE
S31508020FD07953747564696F2F53444B732F6765632E
S31508020FE06B6F5F73646B2F706C6174666F726D2FB3
S31508020FF0656D6C69622F7372632F656D5F757361B8
S3150802100072742E63002F686F6D652F616261726E4E
S31508021010696B612F53696D706C696369747953746E
S315080210207564696F2F53444B732F6765636B6F5FE4
S3150802103073646B2F706C6174666F726D2F70657254
S315080210406970686572616C2F7372632F7065726955
S3150802105070686572616C5F7379737274632E63006C
S3150802106001031001010903000B0000000C00000037
S31508021070030000000000202000000000020000001B
S315080210803C3C3C000000000000000000000000009C
S315080210900126000004000000000000000001000014
S315080210A0000000002F686F6D652F616261726E69BC
S315080210B06B612F53696D706C6963697479537475C2
S315080210C064696F2F53444B732F6765636B6F5F7346
S315080210D0646B2F706C6174666F726D2F73657276AE
S315080210E06963652F736C65657074696D65722F73B4
S315080210F072632F736C5F736C65657074696D657264
S309080211002E6300004A
S30D0802110408F1FD7F010000005D
S3110802110C18110208001000201100000053
S3150802111800C00550020202020102030440420F00FF
S31508021128080000000000000000010000000000009E
S315080211385C100020C0EA2101C0EA210100800000F3
S31508021148C0175302FFFFFFFF28010000E901000844
S30908021158C1010008B9
S70508000B15D2
