:020000040800F2
:1000000000100020150B0008CF3D0008CF3D000870
:10001000CF3D0008CF3D0008CF3D0008CF3D000890
:10002000CF3D0008CF3D0008CF3D0008CF3D000880
:10003000CF3D0008CF3D0008CF3D0008CF3D000870
:10004000CF3D0008CF3D0008CF3D0008CF3D000860
:10005000CF3D0008CF3D0008CF3D0008CF3D000850
:10006000CF3D0008CF3D0008CF3D0008CF3D000840
:10007000CF3D0008CF3D0008CF3D0008CF3D000830
:10008000CF3D0008CF3D0008CF3D0008CF3D000820
:10009000CF3D0008CF3D0008550F0008CF3D0008B8
:1000A000CF3D0008CF3D0008CF3D0008CF3D000800
:1000B000CF3D0008CF3D0008CF3D0008CF3D0008F0
:1000C000CF3D0008CF3D0008CF3D0008CF3D0008E0
:1000D000CF3D0008CF3D0008CF3D0008CF3D0008D0
:1000E000CF3D0008CF3D0008CF3D0008CF3D0008C0
:1000F000CF3D0008CF3D0008CF3D0008CF3D0008B0
:10010000CF3D0008CF3D0008CF3D0008CF3D00089F
:10011000CF3D0008CF3D0008CF3D0008CF3D00088F
:10012000CF3D0008CF3D0008CF3D0008CF3D00087F
:10013000CF3D0008CF3D0008CF3D0008CF3D00086F
:10014000CF3D0008CF3D0008CF3D0008CF3D00085F
:10015000CF3D0008CF3D0008CF400008CF3D00084C
:10016000CF3D0008CF3D0008CF3D0008CF3D00083F
:10017000CF3D0008CF3D0008CF3D00080348044BA9
:10018000834202D0034B03B118477047441000204C
:100190004410002000000000064B0749C91A8910CE
:1001A00048BF0131491003D0044B0BB10148184737
:1001B000704700BF441000204410002000000000E1
:1001C00010B5064C237843B9FFF7D8FF044B13B1A1
:1001D0000448AFF300800123237010BD7612002085
:1001E000000000000411020808B5054B1BB10549C9
:1001F0000548AFF30080BDE80840FFF7CDBF00BF62
:10020000000000004410002004110208A3F5803A09
:10021000704700BF174B002B08BF134B9D46FFF7DD
:10022000F5FF00218B460F461348144A121A03F0BB
:1002300083FF0E4B002B00D098470D4B002B00D0B6
:1002400098470020002104000D000D48002802D02E
:100250000C48AFF3008003F0E3FC2000290003F01A
:100260007AFD03F0CBFC00BF000008000000000096
:100270000000000000100020441000208012002028
:10028000000000000000000038B50A4B044633F8B7
:1002900010300D46CB40DB0704D440F20141064844
:1002A00003F0A9FD302301225C43044BAA401A51FC
:1002B00038BD00BFEE410008A041000840E00350F7
:1002C00038B50A4B044633F810300D46CB40DB07F7
:1002D00004D44FF48661064803F08DFD30230122DB
:1002E0005C43044BAA401A5138BD00BFEE410008E0
:1002F000A041000840D0035007B502218DF8070047
:100300000320FFF7C1FF04210220FFF7BDFF074BC9
:10031000012218680DF1070101F0ACF80421022058
:10032000FFF7CEFF03B05DF804FB00BF20100020F4
:1003300038B504460D4603200221FFF7C1FF042112
:100340000220FFF7A1FF064B21462A46186801F05C
:1003500091F8BDE8384004210220FFF7B1BF00BF8B
:10036000201000202DE9F04FBDB0042201231146DA
:10037000022002F0DDFC012304220221032002F00E
:10038000D7FC012304220721022002F0D1FC012323
:10039000142404221946184602F0CAFC0721022040
:1003A000FFF772FF0A2003F047F907210220FFF749
:1003B00087FF782003F040F9EF20FFF79DFFEB2047
:1003C000FFF79AFF012101A88DF80440FFF7B0FF65
:1003D000FE20FFF791FFEF20FFF78EFFEB20FFF7E6
:1003E0008BFF012102A88DF80840FFF7A1FF8420B0
:1003F000FFF782FF4023FF260A274FF021084FF026
:10040000000B012103A88DF80C30FFF791FF852028
:10041000FFF772FF012104A88DF81060FFF788FF35
:100420008620FFF769FF0DEB040001218DF81460B1
:10043000FFF77EFF8720FFF75FFF012106A88DF8F9
:100440001860FFF775FF8820FFF756FF012107A806
:100450008DF81C70FFF76CFF8920FFF74DFF01211D
:1004600008A88DF82080FFF763FF8A20FFF744FF7C
:10047000012109A88DF824B0FFF75AFF8B20FFF760
:100480003BFF8023012501210AA88DF82830FFF7C2
:100490004FFF8C20FFF730FF29460BA88DF82C501A
:1004A000FFF746FF8D20FFF727FF29460CA88DF8A0
:1004B0003050FFF73DFF8E20FFF71EFF29460DA8A5
:1004C0008DF83460FFF734FF8F20FFF715FF2946C2
:1004D0000EA88DF83860FFF72BFFB620FFF70CFF52
:1004E00002211AA8ADF868B0FFF722FF3620FFF707
:1004F00003FF182329460FA8B64C8DF83C30FFF7B0
:1005000017FF3A20FFF7F8FE0523A2464FF0060931
:10051000294610A88DF84030FFF70AFF9020FFF71A
:10052000EBFE5AF8040B0421209020A8FFF700FFEF
:10053000BD20FFF7E1FE294611A88DF84490FFF792
:10054000F7FEBC20FFF7D8FE294612A88DF848B068
:10055000FFF7EEFE30461326FFF7CEFEA2889AF88C
:10056000023003211EA8ADF878208DF87A30FFF70D
:10057000DFFEC320FFF7C0FE294613A88DF84C60AC
:10058000FFF7D6FEC420FFF7B7FE294614A88DF862
:100590005060FFF7CDFEC920FFF7AEFE22231126E3
:1005A000294615A88DF85430FFF7C2FEBE20FFF78C
:1005B000A3FE294616A88DF85860FFF7B9FEE12082
:1005C000FFF79AFEB4F8073002211BA8ADF86C3093
:1005D000FFF7AEFEDF20FFF78FFEB4F80920E37AC5
:1005E00003211FA8ADF87C208DF87E30FFF7A0FE18
:1005F000F020FFF781FEE068B4F810B04946219082
:1006000021A8ADF888B0FFF793FEF120FFF774FE44
:10061000D4F81200B4F816A04946239023A8ADF8E8
:1006200090A0FFF785FEF220FFF766FEE0684946DE
:10063000259025A8ADF898B0FFF77AFEF320FFF7D4
:100640005BFED4F812004946279027A8ADF8A0A079
:10065000FFF76EFEED20FFF74FFE238B02211CA853
:10066000ADF87030FFF764FEAE20FFF745FE77234C
:100670004FF06309294617A88DF85C30FFF758FE44
:10068000CD20FFF739FE294618A88DF86090FFF7B6
:100690004FFE7020FFF730FED4F81A00D4F81E1079
:1006A0002DAB03C394F8222009212DA81A70FFF75F
:1006B0003FFEE820FFF720FE3423294619A88DF8D5
:1006C0006430FFF735FE6220FFF716FED4F82300F2
:1006D000D4F8271036AB03C3D4F82B000C211860D4
:1006E00036A8FFF725FE4846FFF706FED4F82F0090
:1006F000D4F8331039AB03C3D4F837000C21186099
:1007000039A8FFF715FE6420FFF7F6FDD4F83B008B
:10071000B4F83F2094F841300721299029A8ADF87A
:10072000A8208DF8AA30FFF703FE6620FFF7E4FD4E
:10073000D4F84200D4F8461030AB03C3B4F84A20D2
:10074000394630A81A80FFF7F3FD6720FFF7D4FD84
:10075000E06C216D33AB03C3B4F85420394633A8A1
:100760001A80FFF7E5FD7420FFF7C6FDD4F85600A8
:10077000B4F85A2094F85C3007212B902BA8ADF8E0
:10078000B0208DF8B230FFF7D3FD9820FFF7B4FD0D
:10079000B4F85D3002211DA8ADF87430FFF7C8FD34
:1007A0003520FFF7A9FD4046FFF7A6FD3046FFF7CD
:1007B000A3FD782002F040FF2920FFF79DFD3220A5
:1007C00002F03AFF29462846FFF77AFD3DB0BDE822
:1007D000F08F00BFF641000838B50A4B044633F8E5
:1007E00010300D46CB40DB0704D44FF48661064839
:1007F00003F001FB302301225C43044BAA401A5151
:1008000038BD00BF5C420008A041000840D0035042
:100810002DE9F74F134E02EB420406EB8416074610
:100820008846994600244FF0004B002508EB040A47
:1008300056F824301FFA8AFA2BFA05F21A4207D02A
:1008400078194A46514680B2019303F036FA019B6B
:100850000135202DF0D10134302CE6D103B0BDE8B4
:10086000F08F00BFB40402082DE9F84FF0270646C8
:100870000C464F4303EB01080E4B02441FFA88F865
:1008800003EB400A1FFA82F9444511D035460AEBC2
:10089000470B07E0284621463BF8022B03F00DFAF0
:1008A0000135ADB24D45F5D10134F037A4B2EBE7D7
:1008B000BDE8F88FB44200082DE9F04F87B0012160
:1008C0003A2001F0E9F8002304220221032002F07B
:1008D0002FFA02210320FFF77FFF00F007FB00F053
:1008E00001F903F032FAFFF73DFD384B0021009388
:1008F000F02308461A4603F0FFF94FF02D09DFF800
:10090000D4B01BF8014B34B90221032007B0BDE875
:10091000F04FFFF761BF552C4CD84D2C05D8392C22
:1009200046D82F2C46D92F3C09E04E3C072C41D805
:10093000DFE804F043474040404045040D24244B89
:1009400004EB84041C441FFA89F31D462D2600275E
:1009500014F8012B0292029A3A41D2071BD54FF0AC
:10096000000806F1030A1FFA8AFA314605EB08006F
:1009700080B20022CDE90301059303F09EF90499AA
:100980000398013189B25145059BF2D108F1010864
:10099000B8F1050FE9D101370336072FB6B2DAD126
:1009A000053503F11902ADB292B29542CED101E004
:1009B000432C08D009F11E09A3E70E24BFE70F243A
:1009C000BDE70C24BBE70B24B9E700BFB442000825
:1009D000644200085542000870B50026154D0A24EF
:1009E0003C23502296215F20FFF73EFF2B78B3FB7C
:1009F000F4F204FB1234092BE4B24FF0000315D9D2
:100A000096215F20FFF704FF0023224696218720CE
:100A1000FFF7FEFE4FF47A7002F00EFE2B780133E2
:100A2000DBB2142B2B70DAD92E70D8E72246962130
:100A30007320EDE77712002010B5274C01F0E0FAA3
:100A400001F012FD236F23F0070343F00303236734
:100A500003F0B5FA214B00209B6ADB015EBF4FF427
:100A600080321F4B9A62D4F8203123F0070343F001
:100A70000203C4F82031D4F8283123F0070343F0EF
:100A80000203C4F82831D4F8403123F0030343F0C3
:100A90000203C4F84031D4F8603123F0030343F07B
:100AA0000203C4F86031D4F8403223F0030343F06A
:100AB0000203C4F84032D4F8003223F0070343F0B5
:100AC0000203C4F80032D4F8083223F0070343F0DD
:100AD0000203C4F8083210BD008000500040005AE4
:100AE0000060005A024B0349186800F00BBB00BFBE
:100AF00020100020001000200348044A0449121A64
:100B0000921003F065B900BF5C1102085C11020885
:100B10008012002008B500F02FF8FFF7EDFF124B10
:100B200012498B4212D30020114B12498B4218D329
:100B3000FFF770FB186850F82240586840F82240D0
:100B4000013298688242F5D30C33EAE70022F8E7D5
:100B50001C6844F8220001325C68A242F8D30833D2
:100B6000E4E70022F8E700BF0C11020818110208A0
:100B7000181102081811020810B54FF480414FF007
:100B8000FF30114B114A9A60D3F8882042F470026A
:100B9000C3F888200E4A91660E4901F5005210668E
:100BA0000D4850660220C3F8D000BFF34F8FBFF34B
:100BB0006F8F01244FF440330848C0F88041D36060
:100BC00004600B6110BD00BF00ED00E000000008F4
:100BD00000900050008000447FFF7F0300E100E0B0
:100BE000014B1868704700BF28100020084B1B6F8E
:100BF00003F00703022B04D0032B05D0012B05D0F3
:100C0000FEE7044B18687047034BFBE70348704747
:100C1000008000502810002030100020002D3101ED
:100C200008B5FFF7E3FF054B1B6FC3F30333013335
:100C3000B0FBF3F0024B186008BD00BF008000500D
:100C4000241000200048704700B4C404014B186809
:100C5000704700BF30100020054B1860054B1B6F1C
:100C600003F00703032B01D1FFF7DABF704700BF82
:100C7000301000200080005000487047002D3101E6
:100C80004FF0B4439868C0F304400C280AD8DFE85A
:100C900000F00B0909090909072119091B1D1F008B
:100CA0000F487047002070479B6803F04073B3F112
:100CB000807F11D0B3F1007F10D00A4A002B08BF0B
:100CC0001046704708487047084870470848704702
:100CD00008487047084870470848704708487047F8
:100CE000405DC60000093D00C0EA210180BA8C01C8
:100CF0000048E801005A62020024F40080841E00CB
:100D000040420F00014B1868704700BF2C100020B4
:100D10002DE9F04F85B09A46554B06461B780F4695
:100D20001546DDF83C909DF844B0DDF85080002B6E
:100D300000F09780072A00F296800E9B002B00F0AF
:100D40009280B9F1000F00F08E80129BB3F5006F16
:100D500000F38980012803D1109B002B00F08380D1
:100D6000444B03EB05131B7B002B7ED0424C10221F
:100D70000021684603F0E0F904EB45141022A7BBFC
:100D80003946204603F0D8F943F210036380BBF1E3
:100D9000000F03D1E37843F00303E370364A0E9B60
:100DA00002EB451CCCE90193129B6901581E9DF88A
:100DB0004C30C0F30A0003F003039B0643EA001E15
:100DC00053582E48012E00EA03004EEA0003CDF8E6
:100DD00000A0535017D0B8F1000F2ED19CF802306C
:100DE00068F304138CF8023027E00021204603F05A
:100DF000A3F94FF444736380BBF1000FCED1E378C5
:100E000043F03003C9E713230CF1100ECCF80C307B
:100E10009CE80F008EE80F006FF00301DCF81C2047
:100E2000109B61F39F02012FCCF81C20CCF81430EA
:100E300003D1CCF81890CCF8043000270D4A2901D2
:100E400002EB051342F80180159A28465A6069465C
:100E500022469F605E7301F0FFFF384605B0BDE893
:100E6000F08F0748FAE70748F8E70748F6E700BFBA
:100E700078120020E0110020E01000200F80FFF326
:100E8000028000F0018000F0078000F038B5124BBE
:100E900005461B78DBB1E0B103F0ADF80F4A002343
:100EA0001146147B54B92B6001251A0101EB031381
:100EB0001D738C5003F0A5F8204638BD0133082B74
:100EC00002F11002EDD103F09CF80548F5E7054862
:100ED000F3E70548F1E700BF78120020E011002099
:100EE000048000F0028000F0018000F013B5154B83
:100EF0001868002301908DF8043003F07CF8124B41
:100F00001C7824B103F07DF8104802B010BD012216
:100F10001A7003F076F80E4B01A81C731C7783F847
:100F20002C4083F83C4083F84C4083F85C4083F8C5
:100F30006C4083F87C4008238DF8073001F042FFB5
:100F40002046E2E7F40C020878120020038000F04B
:100F5000E01100202DE9F041174B1F6D5B6D1F4024
:100F600000D5FEE701260025144CDFF858803742F3
:100F700018D02368C8F85060A3B1A1682846013191
:100F80006268A1609847637B012B0BD150B90C4B71
:100F900003EB45131A7B60F341021A731A7F60F367
:100FA00041021A770135082D4FEA460604F1100474
:100FB000DDD1BDE8F08100BF00000450E011002049
:100FC000E01000200020045038B5144603F013F858
:100FD0000023A36484F84C302364237F0546012B4F
:100FE00003D104F1600002F0C7FA636B1BB100216A
:100FF0002046E26B9847284603F003F8A36D002BC8
:1010000003DCBB21034802F0F6FEA36D0120013B87
:10101000A36538BDF80C02082DE9F04387B01646E9
:101020000022436390F85C300446884680F85420E0
:10103000C663002B37D14FF4406305686B61436989
:10104000092B03D905F12C03443506E00BBF05F14C
:10105000200305F1240338353C3567694FF000095A
:10106000082F94BF00270127A26D0132A265124A02
:101070000494CDE902720196CDF80090216B04F141
:101080003802A06A02F0D3FE0123CDE90399CDE92D
:10109000016700932A464346E16A606A02F0ADFEAA
:1010A00007B0BDE8F083012BFAD1006802F048FFD9
:1010B000256805F13C03C7E7C90F000838B50546A8
:1010C000B0B1B9B1B2B1B2F5006F13DC02F093FF69
:1010D00095F84C3003F0FF041BB102F092FF064874
:1010E00038BD012385F84C3002F08BFF2046F7E72E
:1010F0000248F5E70248F3E7032000F0012000F082
:10110000022000F0F0B58FB0734A0B680546934299
:101110000C4606AF07D0714A934204D002F58042D4
:10112000934240F0F180BC466D4E05970FCEACE87F
:101130000F0096E80F0010368CE80F000FCE0DF16F
:10114000040CACE80F00002D00F0878100268422FB
:101150000021284602F0F0FF23685F4AAE65934203
:101160000BD05E4A934200F09E8002F5804293428B
:1011700000F09F805B480FB0F0BD56204FF4801206
:1011800059492B600123A44685F85C302F1DC5E921
:101190000B122865BCE80F000FC79CE80F0087E81A
:1011A0000F00637E012B08BF8DF81D30A37E3BB17D
:1011B000012B00F08480022B02D0032BDAD106230E
:1011C000227E8DF81230012AE3687AD1474A934291
:1011D0008CBF04230523059A537700238DF8113023
:1011E000434B01213A20039300F056FC0121286D66
:1011F00000F052FC2369DA1F092ABBD8063B8DF8A0
:101200001030237E2BB9E37EB3FA83F35B098DF8AC
:101210001C300121284602F029FE0028ABD1237A98
:101220002079344A40EA034002EB4611C1F8DC045D
:10123000677A6079730140EA0740C1F8D404A77A5D
:10124000A07940EA0740C1F8D804E17E00293CD1EA
:10125000E17AE27903F1A04342EA014203F57033F7
:10126000C3F8C8241D22C3F8C424206801A901F0D2
:1012700003FC02F0C0FE204B1A78002A40F0E28006
:1012800001221A7002F0BDFE02F03CF9FFF72EFEBB
:10129000002105F12400FFF7F9FD0146002800F0C8
:1012A000D480164867E757204FF488120126144966
:1012B00067E758204FF490120226124961E7042391
:1012C0007EE700228DF834208BE71C23263602EBC4
:1012D00046125360C9E700BF0000015B00000A50DE
:1012E0004C0D0208022000F0010010003F4B4C00A2
:1012F00040420F0000C0035079120020092000F086
:1013000001001100010012003E46DFF864C1BCE894
:101310000F000FC69CE8070086E80700002D00F0CC
:101320009C8084220021284602F006FF00232268C8
:101330004B49AB658A427FF41DAF292129654FF4E3
:101340008021A446474E85F85C30C5E90B612E1D0F
:101350002A60BCE80F000FC69CE80F0086E80F006B
:10136000637E012B08BF8DF82630A37E43B1012B8D
:1013700058D0022B59D0032B7FF4FCAE4FF44073AE
:10138000ADF82830237E0121012B03BF00238DF807
:1013900025304FF4E133E3683A20089300F07CFBFA
:1013A0000121286D00F078FB23691A1F0C2A3FF6F3
:1013B000E1AE033B394620688DF8243001F01AFE77
:1013C000A36923F47F0323F47F432BB94FF48032C6
:1013D0002B6803F580539A60237A2079617940EA7B
:1013E0000340637AA27941EA0341E67EA37A42EAA6
:1013F00003421D4BE6B91D26C3F89867C3F8B00732
:10140000C3F8A817C3F8AC27E17AE27942EA0142AF
:10141000C3F89C270121284602F028FD00287FF40C
:10142000AAAE26E74FF40073AAE74FF48073A7E74C
:101430001C24C3F89847C3F8B007C3F8A817C3F82B
:10144000AC27E7E702F0DDFD20E705F12800FFF714
:101450001DFD00283FF48FAE23E704488BE600BF54
:1014600000C005500200040000C00350012000F03D
:10147000800D020870B5037F0446012B0D46164609
:101480000DD0FFF71BFE48B9324629462046054BD2
:10149000FFF7C2FD204602F05EFDA06C70BD024861
:1014A000FCE700BF633E0008082000F0044BD3F8BF
:1014B0008420D206FBD4D3F88400C0F38110704797
:1014C0000040005038B5124B0546D3F880300C462A
:1014D00003F00303022B0BD0032B0DD0012B0FD1F4
:1014E000FFF784FB0D2305B1286004B1236038BDEC
:1014F000FFF7C6FB0723F6E7FFF772FB0623F2E7C9
:10150000044841F2DF1102F076FC00231846EAE7B6
:10151000008000509C0D020838B51A4B0546D3F8E0
:1015200020010C4600F00700062821D8DFE800F073
:1015300028040C1410181C00FFF752FB052305B1FA
:10154000286004B1236038BDFFF780FB0323F6E772
:10155000FFF796FB0723F2E7FFF78EFB0223EEE788
:10156000FFF73EFB0623EAE7FFF770FB0423E6E7FD
:10157000054841F25C2102F03EFC00231846DEE7FC
:101580000123DCE7008000509C0D020838B5194BA0
:101590000546D3F828310C4603F00703013B052B21
:1015A00020D8DFE803F003131B0F0B17FFF718FB1E
:1015B000052305B1286004B1236038BDFFF710FB97
:1015C0000623F6E7FFF75CFB0723F2E7FFF73EFB96
:1015D0000323EEE7FFF73AFB0423EAE7FFF74CFBB0
:1015E0000223E6E7044841F2640102F004FC002310
:1015F0001846DEE7008000509C0D0208F7B5002772
:10160000144B0197D3F88041064604F00304022CE2
:101610000D4614D0032C0DD0012C14D1394601A84D
:10162000FFF77AFF0F240EB1019B336005B12C60E8
:1016300003B0F0BDFFF724FB07240190F3E7FFF7A9
:101640001BFB0190EFE741F2B131034802F0D3FBFD
:101650003C46E8E7008000509C0D020838B50F4B6F
:101660000546D3F890320C4603F00303012B09D052
:10167000022B0BD1FFF704FB072305B1286004B14F
:10168000236038BDFFF7F8FA0223F6E7044841F279
:10169000501102F0B0FB00231846EEE70080005026
:1016A0009C0D020837B500230193194B0546D3F86A
:1016B00020320C4603F00703042B1FD8DFE803F0A9
:1016C00025030F141900002101A8FFF75FFF112364
:1016D0000DB1019A2A6004B1236003B030BDFFF759
:1016E000CFFA07230190F3E702F07FFB0A23019072
:1016F000EEE7FFF707FB09230190E9E741F2230139
:10170000044802F078FB0023E2E70123E0E700BF92
:10171000008000509C0D020838B5104B0546D3F8E8
:1017200040310C4603F00303022B0BD0032B0DD0EA
:10173000012B0FD102F059FB0A2305B1286004B137
:10174000236038BDFFF7DEFA0923F6E702F050FB0D
:101750000B23F2E701230020EFE700BF00800050D9
:1017600037B500230193184B0546D3F860320C4679
:1017700003F00703013B032B1FD8DFE803F0020E41
:101780001914002101A8FFF7C7FE0F230DB1019A1C
:101790002A6004B1236003B030BD002101A8FFF727
:1017A000BBFF1023F2E7FFF76BFA07230190EDE789
:1017B000FFF762FA02230190E8E741F2C80103480B
:1017C00002F019FB0023E1E7008000509C0D0208A5
:1017D00073B500240F4B0194D3F87032064603F022
:1017E0000303012B0D4607D0022B11D041F2261125
:1017F000094802F000FB04E0214601A8FFF78CFF36
:1018000010240EB1019B336005B12C6002B070BD95
:101810001424F6E7008000509C0D020838B5164BE2
:101820000546D3F800020C4600F00700042819D83A
:10183000DFE800F020030B0F130002F0D6FA0A23B2
:1018400005B1286004B1236038BDFFF75BFA0923B6
:10185000F6E702F0CDFA0B23F2E7FFF7E1F90E23EA
:10186000800AEDE7054841F26F4102F0C4FA002317
:101870001846E5E70123E3E7008000509C0D0208CD
:1018800038B5164B0546D3F808020C4600F00700A1
:10189000042819D8DFE800F020030B0F130002F032
:1018A000A4FA0A2305B1286004B1236038BDFFF70C
:1018B00029FA0923F6E702F09BFA0B23F2E7FFF778
:1018C000AFF90E23800AEDE7054841F2A74102F087
:1018D00092FA00231846E5E70123E3E70080005071
:1018E0009C0D020838B5104B0546D3F840320C4623
:1018F00003F00303022B0BD0032B0DD0012B0FD1D0
:1019000002F073FA0A2305B1286004B1236038BDE0
:10191000FFF7F8F90923F6E702F06AFA0B23F2E77A
:1019200001230020EFE700BF0080005038B5124BC4
:101930000546D3F850320C4603F00303022B0FD0B8
:10194000032B05D0012B0FD102F04FFA0A2302E03E
:1019500002F04EFA0B2305B1286004B1236038BDB4
:10196000FFF7D0F90923F6E7044841F2940102F0A9
:1019700042FA00231846EEE7008000509C0D020852
:1019800038B5104B0546D3F860310C4603F003031D
:10199000022B0BD0032B0DD0012B0FD102F025FA17
:1019A0000A2305B1286004B1236038BDFFF7AAF906
:1019B0000923F6E702F01CFA0B23F2E701230020CB
:1019C000EFE700BF0080005010B5B0F5207F2ED0AB
:1019D00009D8B0F5007F24D003D868B1B0F5C07F36
:1019E0000AD000241BE0B0F5607FFAD1124BD3F887
:1019F0008040C4F3011412E00F4B1C6F230B13F053
:101A00000E0FC4F303340AD0072C08D00F2C06D0D5
:101A1000032C04D040F28521084802F0ECF9601C48
:101A200010BD054BD3F89040C4F30464F7E7024BB4
:101A30001C6FC4F38024F2E7008000509C0D020864
:101A400038B54FF48032104B04469A6600200D469C
:101A5000FFF7BAFF41F671320C4B6043DC69DA6381
:101A60005A6804F4803422F440125DB9084988426F
:101A700094BF00200120000502435A600CB10022EF
:101A8000DA6338BD0349F2E70090005000000350CC
:101A9000005A6202002D310138B5430904460D4653
:101AA0000ED140F22F310D4802F0A5F9002304F0C9
:101AB0001F0485B103F580530122A2401A6038BD8E
:101AC000012B04D0022B04D040F23D31EBE7044B54
:101AD000EDE7044BEBE703F50053EDE79C0D02083F
:101AE000648000506880005030B585B00021B0F5AA
:101AF000807F0446CDE9001100F006816BD80028F4
:101B000000F0DB80A0F12004602C75D8602C73D825
:101B1000DFE814F0D300E000D300E000F000F000B4
:101B2000F000F000F000E000F5007E000B019E00E8
:101B30007E00E000E000E0007200720072007200BF
:101B40007200720072000B01E000E000E00023016F
:101B50001001E000720072007200720072007200E8
:101B60007200720072007200720072001501F000C3
:101B7000D300D300D300B1007E007E00B9001A016B
:101B80009300C800C8007200720072007200D30097
:101B900072007200720072007200720072007200B5
:101BA00072007200720072007200720072007200A5
:101BB0007200720072007200720072007200720095
:101BC0007200720072007200720072007200720085
:101BD00072007200CD00B0F5E06F00F0AB803CD831
:101BE000B0F5607F00F081801DD8B0F5007F67D030
:101BF00008D8B0F5C07F60D040F29441594802F057
:101C0000FAF857E0B0F5207F64D0B0F5407FF3D10B
:101C1000FFF706F804464FF42070FFF7D5FEB4FB3B
:101C2000F0F464085FE0B0F5B06F68D00AD8B0F5A2
:101C3000806F5FD0B0F5A06FDED100216846FFF75E
:101C400031FD37E0B0F5C06F6FD0B0F5D06FD3D1B4
:101C500000216846FFF7E2FD2CE0B0F5286F73D055
:101C600016D8B0F5186F6AD00AD8B0F5F06F74D0F6
:101C7000B0F5106FC0D100216846FFF701FE19E0F2
:101C8000B0F5206FB8D100216846FFF769FD11E07B
:101C9000B0F5306F5DD0AFD3B0F5386F45D0B0F54B
:101CA000406FA9D100216846FFF770FC02E0FEF703
:101CB0009DFF0090009805B030BDFEF7B1FFF8E73A
:101CC000FEF794FF05462046FFF77EFEB5FBF0F5D4
:101CD0000095EFE7FEF7A4FF04464FF42070FFF7EE
:101CE00073FEB4FBF0F40094E4E701A8FFF7EAFB0D
:101CF000019DE8E700216846FFF70EFCDAE70021C6
:101D00006846FFF77BFCD5E74FF0E02302911B69A3
:101D10005B0705D5FEF784FF0290029B0093C9E79D
:101D200003A902A8FFF7F8FCF7E700216846FFF7D0
:101D3000F3FCBFE700216846FFF7D4FDBAE70021B6
:101D40006846FFF7F3FDB5E700216846FFF740FD61
:101D5000B0E76846FFF782FCACE700216846FFF772
:101D60000FFEA7E79C0D020808B58020FFF7BCFE18
:101D7000034B98429EBF4FF48032024B1A6708BD56
:101D8000005A620200A000501FB503460020B3F5C0
:101D9000607F019000F00E817BD8582B68D8382BDB
:101DA00005D8243B092B49D940F27951CEE0393B83
:101DB0001F2BF9D801A252F823F000BF6F1F0008B3
:101DC000A91D0008A91D0008A91D0008791F000809
:101DD000C71F0008A91D0008A91D0008A91D0008AB
:101DE000A91D0008A91D0008A91D0008A91D0008BB
:101DF000A91D0008A91D0008A91D0008A91D0008AB
:101E0000A91D0008A91D0008D11F0008B91E00085F
:101E1000A91D0008A91D0008A91D0008FD1E000835
:101E2000A91D0008A91D0008DB1F0008E51F000808
:101E3000BD1F00081F1F00081F1F0008092BB3D873
:101E400001A252F823F000BFB91E0008B91E000815
:101E5000B91E0008B91E0008B91E0008A91D000817
:101E6000551F0008A91D00086F1F0008D71E000895
:101E7000802B59D0B3F5807F96D14FF0E0230290AC
:101E80001B695B076ED5FEF7CBFE0C230393039B08
:101E900056E0B3F5086F74D022D8B3F5C06F66D0A2
:101EA0000FD8B3F5A06F00F08980B3F5B06F51D0B3
:101EB000B3F5806F7FF478AF002001A9FFF72CFB0A
:101EC0004CE0B3F5E06F7ED0B3F5F06F54D0B3F5CE
:101ED000D06F7FF469AF002001A9FFF79FFC3DE0C0
:101EE000B3F5286F7ED00ED8B3F5186F70D0B3F568
:101EF000206F72D0B3F5106F7FF456AF002001A9A8
:101F0000FFF7BEFC2AE0B3F5306F70D0FFF44CAFA2
:101F1000B3F5386F2BD0B3F5406F7FF445AF002099
:101F200001A9FFF733FB19E0334B1B6F03F00703E5
:101F3000013B032B08D8DFE803F005023139052304
:101F400001930BE00223FBE740F2C6412B4801F06E
:101F500052FF03E0002001A9FFF750FB019805B0F4
:101F60005DF804FB03A902A8FFF7D6FB8FE700206A
:101F700001A9FFF7D1FBF1E7002001A9FFF700FD60
:101F8000ECE71D4BD3F8003103F00303022B07D01D
:101F9000032B09D0012B0BD1FEF758FE0323CFE70B
:101FA000FEF7B0FE0923CBE701F01DFF0823C7E7CA
:101FB0000123C5E701A9FFF785FACFE7002001A9B2
:101FC000FFF770FBCAE7002001A9FFF78BFCC5E70C
:101FD000002001A9FFF7AAFCC0E7002001A9FFF734
:101FE000BFFBBBE7002001A9FFF7F2FBB6E701A9A1
:101FF000FFF734FBB2E700BF008000509C0D0208E1
:102000004FF48012034B5A664FF48032024B9A62AF
:10201000704700BF009000500050005AF8B50368A8
:1020200004460F2B04D940F66D31804801F0E3FEE1
:1020300063680F2B04D94FF437617C4801F0DBFE55
:10204000A3680F2B04D940F67331784801F0D3FE12
:10205000237B0F2B04D940F67631744801F0CBFE78
:10206000637B0F2B04D940F67931704801F0C3FE31
:10207000A37B3F2B04D940F67C316C4801F0BBFEBA
:10208000E37B3F2B04D940F67F31684801F0B3FE73
:102090002369032B04D940F68231644801F0ABFE7A
:1020A0006369032B04D940F68531604801F0A3FE33
:1020B000E369032B04D940F688315C4801F09BFEAC
:1020C0008020FFF761FE032800F08A804FF4801221
:1020D000574B584D5A6645F60E034FF0A062C5F8AF
:1020E0008030554B9A624FF4803203F580539A62E8
:1020F000AB6DDA03FCD4AE6D16F08046FBD1D4E9AB
:1021000000231B0543EA0263E27B4C481343227B16
:102110004B4F43EA0243627B43EA0233A27B43EA2A
:1021200082132B61AA69D4E904131B0643EA816375
:1021300002F000421343A27E4FF440611343227E1B
:1021400043EA0243627E43EA0223AB614FF400623A
:1021500001F013FF2B6AE17EE26923F00F0343EAEB
:102160008103002A3DD12B6294F8243094F820108A
:10217000AA6ADB0043EA41133A40134394F8212052
:10218000304943EA021343F480332A4AAB62936D29
:1021900031EA0303FBD14FF0807127488162136954
:1021A000A56823F4700343EA055313614FF000431D
:1021B000836194F822300BB9234B996294F8233051
:1021C0003BB94FF48032204B9A621A4A936D5B0000
:1021D000FCD494F825301BB1164B1C4AC3F8802060
:1021E000F8BD134343F00803022A2B6208D12E6185
:1021F0004FF408524FF47F411548AE6101F0BDFE27
:102200000C4994F822308A6A94F820001B063A4060
:1022100043EA4013134394F8242043EAC20394F89A
:10222000232043EA02438B62D3E700BF9C0D0208E0
:10223000009000500040005A0050005A3840005AA8
:10224000C7FFFEFE030001000060005AF1A7FFFF78
:102250003440005A014B93F90000704738100020B9
:1022600010B543680446072B04D940F6B3512A48F9
:1022700001F0C1FDA368032B04D940F6B5512648EF
:1022800001F0B9FD2378032B04D940F6B751224859
:1022900001F0B1FD94F90130002B04DA40F6B95198
:1022A0001D4801F0A8FD4FF400011C4A63785166F7
:1022B0004FF4D151022002F5B832516218494F2B28
:1022C00048604FF0010028BF4F2301F5805148605E
:1022D0001169C903FCD4217843EA01235361D4E98D
:1022E00001131B0143EA0123617B0B43217B43EA7A
:1022F00041039360E37BA17B1B0143EA4113617CB3
:102300000B43217C43EA41035360A37C13B16FF478
:10231000D153536210BD00BF9C0D020800900050C5
:1023200000100250014B1880704700BF361000208B
:10233000014B1880704700BF3410002038B5B0F54D
:10234000207F77D00ED8B0F5007F61D003D890B34E
:10235000B0F5C07F2FD040F21231BDE838403D4883
:1023600001F049BDB0F5607FF5D13B4A4C1ED2F873
:10237000FC5015F080751EBFD2F8FC3023F080733E
:10238000C2F8FC30032C04D940F2F221314801F0AC
:1023900032FD324AD2F8803023F0300343EA04138E
:1023A000C2F8803035B12C4AD2F8FC3043F080734B
:1023B000C2F8FC3038BD4C1E012C0AD9102903D8B4
:1023C000274BCB40DB0704D440F2C721214801F062
:1023D00012FD01F0E1FD01F0EDFD4FF48031214BE4
:1023E0001E4A1967136F23F4704343EA04331367DB
:1023F000FEF716FC0446FFF759F8C0F1020120462B
:1024000001F0D2FD00F040F8BDE83840FFF7ACBC69
:102410004C1E1F2C04D940F206310E4801F0EBFC93
:102420000E4AD2F8903023F0F85343EA0463C2F81E
:102430009030BFE74C1E012C04D94FF4437105487E
:1024400001F0D9FC054A136F23F4806343EA842327
:102450001367AFE79C0D020800ED00E0008000501C
:10246000100101000090005008B50121022000F089
:1024700091F801F091FD01F09DFD4FF48032014B88
:102480001A6708BD0090005008B54FF4C070FFF700
:102490002BFBBDE808400449884294BF012102217A
:1024A0004FF42070FFF74ABF80F0FA020028ABBF5C
:1024B00000F16040054B00F5614000F00F00ACBF3B
:1024C00090F80003185C0009704700BF14ED00E0AD
:1024D00010B5C3B24E2B044604D94FF44D710748D2
:1024E00001F089FC064B620953F8220004F01F0436
:1024F000E040C04300F0010010BD00BFE70D02083E
:1025000000E100E010B500F10C03DBB25A2B0446E9
:1025100004D940F2C221144801F06DFCEFF310839E
:10252000DB0702D50122104610BD2046FFF7D0FF81
:1025300002460028F6D12046FFF7B8FF0146EFF328
:10254000118313B1B0EB131FECD2084B5B68C3F3DC
:102550000803002BE7D0103B58B2FFF7A7FF8842D3
:102560008CBF00220122DEE7E70D020800ED00E04B
:10257000024A536B0342FCD1704700BF0040095030
:10258000034A0179D36E23F030030B43D3667047BF
:1025900000400050F8B50446244BD3F88420D00600
:1025A000FBD4D3F88430C3F381139C423CD0FEF7B4
:1025B0001DFB012C05460BD11D4B984204D940F25E
:1025C00092711C4801F017FC0121284601F0ECFC37
:1025D00001F00AFD4FF00072174B07465A6620467D
:1025E00001F012FD4FF48063104E621E934033677A
:1025F000736E9A0103D4D6F884309B060AD5384608
:1026000001F0F6FC022C0FD12846BDE8F84000216D
:1026100001F0CABCD6F884309906E9D54FF4F461CC
:10262000044801F0E8FBE3E7F8BD00BF00400050BC
:10263000005A6202330E02080060005010B50C46CA
:1026400008B9FEF7D3FA074B21461B783BB1064B7E
:10265000984204D80120BDE81040FFF79BBF02203C
:10266000F9E700BF7A120020005A620238B54FF035
:102670000042244B244C5A664AF6CD33656C014621
:1026800005F00105236428BB0120FFF771FF636893
:10269000DB0715D51D4B586008461D4B226BD20732
:1026A0000CD4984208D1072415B1174B194A1A6463
:1026B00001F0ABFC204638BD0130EFE79842F2D084
:1026C0000024F1E70132236B13F0080305D08A429E
:1026D000F8D1E8E700220E49F5E78A42E3D020214D
:1026E0000A4A91620121A2F5805251600649084AC6
:1026F000886A800603D49342D5D00133F8E7934229
:10270000DDE700BF00900050004009500060095014
:1027100040420F003254FFFF38B54FF00042164BD5
:1027200001465A664AF6CD33144C154A656C23644B
:1027300043780B205B0043F00103D363FFF718FFDE
:1027400063688A7823F4F87343EA02136360CA78F3
:102750004B7943EA0223A3600A798B7943EA022387
:1027600023610878FFF782FFEB0744BF054B236422
:1027700001F04BFC012038BD009000500040095092
:10278000004000503254FFFF70B50F28044605D9B1
:1027900040F63961124801F02EFB0F244FF0004241
:1027A000104B11495D6E03F580535A664AF6CD33DE
:1027B0004E6C80200B64FFF7DBFE0B6A23F00F03E7
:1027C00023430B62F30744BF084B0B64002DA2BFE9
:1027D0004FF00042064B5A6601F017FC70BD00BF77
:1027E000330E020800800050004009503254FFFFB1
:1027F00000A0005010B501F00DFC202341F20202B0
:1028000003610023C360836042614FF4A022074943
:102810008361426200F50052C36103628362C36256
:1028200043630365D164036310BD00BFFF3F0D0325
:1028300038B5194B044698420D460BD0174B9842B9
:1028400008D003F58043984204D04FF4B371144884
:1028500001F0D1FA25B92046BDE8384001F0DABBD5
:10286000012204F580535A6040F6FF71204605F0BE
:102870000F0201F0CBFBA263782101F0C7FB05F04A
:1028800001036A0748BF43F00203A26C02F003028F
:102890009A42FAD138BD00BF0000015B00000A5027
:1028A0007E0E0208F8B505460C46164622B94FF4CE
:1028B00009716D4801F09FFA6C4B9D4202D1BCB981
:1028C000562411E06A4B9D424FD003F580439D4250
:1028D00047D040F22721644801F08DFA44B940F214
:1028E0007631614801F087FA2046FFF7FDF804468B
:1028F000AB68D90749D5B44204D240F231215A48D5
:1029000001F079FAB4FBF6F46F68013CFF2C07F094
:10291000010704D940F23921534801F06CFA24062A
:102920006FB32821284601F071FBAB6C9A0720D1C8
:10293000AB6CDB071FD4AE6C16F002061DD140F263
:102940004621494801F057FA284601F063FB2B69FC
:10295000314623F07F4323432B61BDE8F840FFF766
:1029600067BF002CC4D15824BEE7002CC0D1572427
:10297000BAE70526E8E70926E6E70626E4E72B6935
:1029800023F07F4323432B61F8BD6B68012B04D0F8
:1029900040F25921344801F02EFAAB6803F0E0030D
:1029A000402B42D009D893B1202B1AD040F29B2162
:1029B000BDE8F8402C4801F01EBA602B42D0802BB5
:1029C000F4D106EB4603A34247D801230DE0B6EB52
:1029D000141F04D940F28121234801F00CFA10237E
:1029E00003E0B6EBD40F1AD8082373436401B4FB99
:1029F000F3F4204F203CB7EBC40F4FEAC40604D2D7
:102A000040F2A621184801F0F6F928463E4001217F
:102A100001F0FCFA2E63BDE8F84001F0F7BA40F28D
:102A20008621114801F0E7F9DEE70623B4FBF3F352
:102A3000B34201D30623D8E740F28B210A4801F0C4
:102A4000DAF9F7E7B6EB940F01D80423CDE74FF49A
:102A50002471054801F0CFF9F7E740F295210248CB
:102A600001F0C9F9B1E700BF7E0E02080000015B6A
:102A700000000A50F8FF7F00F8B5884B04469842E2
:102A80000E460AD0864B984207D003F58043984201
:102A900003D0DF21834801F0AEF91EB9E12181485E
:102AA00001F0A9F9727BB3687AB17F4A934203D9E6
:102AB000E3217C4801F09FF93369C3B1DB7BB3B1FB
:102AC000E621784801F097F911E0784A934203D95A
:102AD000E921744801F08FF9336943B11A7F32B1AB
:102AE000B168734A5B7F91427DD9042B7DD86368BE
:102AF000356923B140F6FF71204601F087FA204680
:102B0000FFF778FE2269737BB17B22F087020B43CB
:102B1000134343F080032361002D68D02369297F8C
:102B200023F0F80343EAC1132978EA7B0B432979A0
:102B300043EA4113697A43EA011343EA82132361AA
:102B4000E068D5E9053720F0F0403B4320F47020E1
:102B50000343287B697B43EA802343EAC133E36074
:102B6000A368F07B23F00303034343F00103A36056
:102B70006B88A06803F4C0430343A360A36868792B
:102B800043EA8023A360AB79EF79606A1B013F02BF
:102B900003F0700307F4E06720F4772020F4EE6080
:102BA0003B430343287A000300F4E0400343687F7B
:102BB000000400F47020034363626369307B23F0F8
:102BC0000F03034363616B89A361002934D1E2B130
:102BD000324B9C423AD0324B9C4258D003F5804352
:102BE0009C4247D011E0042B81D8F02169E7A3680B
:102BF000F27B23F00303134343F00103A3606369F3
:102C0000327B23F00F0313436361D6E901122046A0
:102C1000FFF748FE05212046FFF70AFE282120463F
:102C200001F0F4F93378A36301F0F0F9A36CDB430E
:102C300013F4405FFAD1F8BD184B9C420CD1AB7B2A
:102C40001C4903F00F034B66002ADED02B7C194A87
:102C500003F00F031366D8E7114B9C4210D003F525
:102C600080439C42D1D1AB7B124903F00F03CB6769
:102C7000002ACAD02B7C0F4A03F00F039367C4E7E6
:102C8000AB7B0C4903F00F030B67002ABDD02B7CF4
:102C9000084A03F00F03D366B7E700BF0000015BEB
:102CA00000000A507E0E0208002D31018096980027
:102CB0003F4B4C000090035038B5032804460D46A6
:102CC00005D8094B33F81030CB40DB0704D44FF460
:102CD0008661064801F08FF8302301225C43044BE3
:102CE000AA401A5138BD00BF180F0208A0410008C1
:102CF00040D0035038B5032804460D4605D8094B8B
:102D000033F81030CB40DB0704D440F201410648D1
:102D100001F071F8302301225C43044BAA401A51A0
:102D200038BD00BF180F0208A041000840E0035062
:102D30002DE9F041032804460D461746984605D86C
:102D40001D4B33F81030CB40DB0704D44FF4B07187
:102D50001A4801F050F837B129462046B8F1000F63
:102D600020D0FFF7A9FF0F21072D04EB440688BFF1
:102D7000A5F108034FEA0616114895BFAB009B006A
:102D800004360C3607FA03F29940304401F05CF93E
:102D90007FB929462046B8F1000F06D0BDE8F041C2
:102DA000FFF78ABFFFF7A6FFDDE7BDE8F041FFF7B9
:102DB000A1BFBDE8F08100BF180F0208CC0E0208C9
:102DC00030C0035010B5044618B991211F4801F0D6
:102DD00012F823781B0613F0604F03D092211B4892
:102DE00001F009F8E3780F2B03D99521174801F07A
:102DF00002F801212020FEF74FFE01212120FEF7DD
:102E00004BFE0122124B5A60227812069A606178BA
:102E1000A27842EA01429A61FF229A6200229A63F2
:102E20001A644FF000425A654FF0FF324FF48001B0
:102E300003F500531A65074AC2F88011E3781B01B5
:102E4000DBB282F81633116010BD00BF200F0208FC
:102E50000000045000E100E02DE9F0410126C3B27A
:102E6000072805460C46174606FA03F603DDDE2161
:102E7000344800F0C0FF1CB9DF21324800F0BBFF2E
:102E8000236823F47C1323F00F031BB1E2212D48A8
:102E900000F0B1FFA37A1B0413F47C0F03D0E721E9
:102EA000284800F0A8FFE37A1B0513F07E6F03D0DB
:102EB000E921244800F09FFF237B5B0513F0FE5FB0
:102EC00003D0EB211F4800F096FF1F4BDFF88080F6
:102ED0001E65AB00226803F1A04303F588235A6006
:102EE000302202FB0585637B27F003072B66E37A1C
:102EF000A27A1B0543EA0243227B43EA4253EB6575
:102F00002F6701F078F8D8F85430227A3343C8F8A4
:102F100054300E4B02B11E64627A02B19E63227974
:102F2000A37943EA0243084A93616179E37943EA6A
:102F3000014306498B61064B56639E64BDE8F04130
:102F400001F05FB8200F0208002004500010045068
:102F50000000045070B506460C46154622B940F2F2
:102F6000A6210C4800F047FF24B94FF42070FEF76B
:102F7000BBFD04466D00013CB4FBF5F4064B250295
:102F800013EA042304D040F2CB21024800F033FFBF
:102F9000F56170BDB80F0208070080FF10B5124B35
:102FA0000446984204D040F25E41104800F023FFEE
:102FB000012104F58053596040F6AA6341F20502ED
:102FC000636100230A48A360E365E26004F50052F0
:102FD0002361E361E36490640348A365844204BF12
:102FE00023656365516010BD00C00550B80F02082D
:102FF000FFFF010038B5284B044698420D4604D027
:1030000040F28131254800F0F6FE2046FFF7C6FF6A
:10301000012304F5805253602B8AA16843F0010319
:103020000B43A97B43EA8123A360A368297D43EA7C
:103030004173A360AB7C4BB1174B9C4202BFE97C50
:10304000A3F51033C3F8D4118023D3652B7B20461E
:10305000D5E9011243F48053E360FFF77BFF6B7BFC
:103060000BB1102363616B7D1BB1A36843F4803304
:10307000A360AB7D1BB1A36843F40043A360EB7D69
:103080002A7E1B07120503F0E04302F4E00213431B
:10309000A3652B78636138BD00C00550B80F0208E6
:1030A000034B5A68D20702D5DA69002AF9D1704772
:1030B00000800A50054B9A689107FCD45A68920721
:1030C000F9D4DA69002AF6D1704700BF00800A50AF
:1030D00008B5FFF7E5FF0222014B1A6108BD00BFEA
:1030E00000800A5008B5FFF7E5FF0122024B03F507
:1030F00080514A601A6108BD00800A5008B5044B2F
:103100005968012903D1FFF7E3FF024B596008BD5D
:1031100000800A5000A00A5010B5064CFFF7CAFF05
:103120006368012B03D1FFF7E9FFFFF7C3FF0378C3
:10313000E36010BD00800A50A8B94A680B78B2B9A4
:103140004A7843EA42038A6812B1127843EA82134A
:103150008A7843EA8203CA6812B1127843EA4223AA
:10316000054A936470477F21044800F044BE1278FA
:1031700043EAC203E4E700BF00800A5005100208DA
:1031800010B9044B596470474FF48971024800F03C
:1031900032BE00BF00900A500510020810B9044B5F
:1031A000596470474FF4A771024800F024BE00BF75
:1031B00000A00A500510020810B9044B19647047AA
:1031C0004FF4C571024800F016BE00BF00A00A50BF
:1031D0000510020808B510B9044B186C08BD044866
:1031E00040F2C51100F007FE0020F7E700800A500A
:1031F0000510020808B520B949B101290AD00020FC
:1032000008BD4FF41D71054800F0F5FDF7E7044BCC
:10321000D86CF5E7024B186DF2E700BF0510020805
:1032200000800A5018B939B1012908D0704740F21E
:103230001231044800F0DFBD034BDA647047024BE3
:103240001A6570470510020800800A5007B5094B3F
:1032500018689A889B7900906846ADF804208DF82C
:103260000630FFF759FA0920FFF78EFA002003B065
:103270005DF804FB6010020813B50024064A684696
:10328000536F43F00103536700948DF80440FFF738
:1032900077F9204602B010BD0040005030B58BB029
:1032A0006C46174D0FCD0FC40FCD0FC495E803002A
:1032B00084E80300134BD3F84C2112031CD5A3F56B
:1032C000FE431C884FF6FF739C4208BF64248DF8B0
:1032D0001940FEF7BFFF204480F308008DF8180066
:1032E0000948FDF7B9FC6846FEF798FE3220FFF763
:1032F0001FF800200BB030BDD3F85041E4B2E6E730
:10330000681002080080E00FC017530230B587B084
:10331000084D01AC0FCD0FC42B6801A823602323F7
:103320008DF80530FEF79CFF3220FEF7FBFF0020F2
:1033300007B030BD9010020810B56FF004035021A3
:103340000A480B4C13F0800F03F1010207D123440C
:103350004F2A83F800131346F4D1002010BD03F068
:103360000F03043B034419761346EBE700ED00E03E
:1033700000E100E030B50E4C416123688BB920605C
:1033800083600DE0891A9A681D4641616AB113464F
:103390005A698A42F6D935B1A860521A83605A61D7
:1033A00030BD0025F4E72060F7E798608260F7E71A
:1033B0006812002038B500F037FA0025084B094C98
:1033C0001A682368C31A2AB123B15169994203D3F9
:1033D000C91A5161206038BD55615B1A9268F2E7E5
:1033E000681200206412002038B5134D2B685B6909
:1033F00093B1124A022014681C4400F05FFE20467C
:1034000000F01AFA00230E492A680B70D088800752
:1034100009D501230B7038BD022000F04FFE0220B9
:1034200000F054FAEEE79268002AF4D050690344A1
:10343000012BEBD9EFE700BF6812002064120020D7
:103440007C12002070B516469DF81420C0E90336A2
:103450000271049ABDF818300260002204460D463D
:103460008260C380EEB900F0DFF92844A0619DB10D
:103470002E4600F0B9FD0546FFF79CFF3146204679
:10348000FFF778FF104B1B68A34201D1FFF7ACFF99
:10349000284600F0ADFD02E0E36865617BB90020DD
:1034A00070BD00F0C1F93044A061002DE0D1E368A7
:1034B0006561002BDDD0204621689847D9E720467A
:1034C00021689847EBE700BF6812002000220C49F2
:1034D0000B687BB183420AD183687AB193608368B9
:1034E0001BB15A6941690A445A61002070471A4663
:1034F0009B68EEE70028EFD0022070470B60EEE7F4
:103500006812002070B500F076FD144E0546347840
:10351000FCB9134B1C60134B1C60134B1C8000F058
:1035200051F9012000F0CAFD00F0EBFD0F4B0246FF
:10353000186020B9284600F064FD232070BD2346A2
:1035400040F2E7310A4800F0C9F90A4B186001233C
:103550003370284600F055FD0020EFE77D12002073
:103560006812002064120020741200206C120020E7
:1035700018FCFFFF6012002070B5044640B300F055
:1035800033FD144E0546FFF715FF3068A04209D001
:103590002046FFF79BFF0446B0B1284600F028FD07
:1035A000204670BDFFF792FF04460028F5D133682E
:1035B0003BB9022000F078F9284600F019FD0024FC
:1035C000EEE7FFF711FFF7E73368002BF4D1F0E7E0
:1035D0002224E5E76812002038B50C460546A8B15C
:1035E000A1B100230B7000F006FD0121084B1B6800
:1035F00033B900F006FD002038BD9D4204D1217092
:103600002278002AF9D0F4E79B68F1E72220F3E75B
:103610006812002038B50021044640F2E730054B1F
:103620004FF47A721D680023E5FB040100F056F99F
:1036300038BD00BF6C12002000B58DB001238DF89D
:103640000F30FFF7E7FF00230146CDE90033074ABB
:103650000DF10F0304A800F009FD18B99DF80F3013
:10366000002BFBD10DB05DF804FB00BF67400008E4
:103670002DE9F843C20704460BD54E4A138801339F
:103680009BB21380FFF796FE4B4B1B680BB1FFF705
:10369000ABFEA30740F18B8000F0ADFC4FF00008BB
:1036A00005464646FFF786FE434F3C680CB163690A
:1036B0008BB10022414B012E1A7003D118F0020F7A
:1036C00018BF1E70002C6ED0FFF78EFE2846BDE896
:1036D000F84300F096BC23465A693AB91A79217921
:1036E000914288BF1C469B68002BF5D1284600F00C
:1036F00088FC2569DDB100F097F8A269A0EB02080B
:103700004FEAE873A84573F1000311DB2369134402
:10371000A361E368B4F80680013613B1204621683E
:10372000984700F068FC0546FFF744FEBDE7A84651
:1037300000F061FC81462046FFF7C8FE484600F0D5
:1037400060FC2369002BE4D0B5EB08054FEAE87371
:1037500063EB4303012D73F1000304DA40F22A51B5
:10376000174800F048FBA38B33B1E28B13449BB2A4
:10377000B3F57A7F0FD2E38300F03DFC8046294603
:103780002046FFF7F7FDA369226940461344A36171
:1037900000F037FCBDE7A3F57A73E383A369013D2D
:1037A000013BA361E8E7022000F07EF88EE7BDE868
:1037B000F88300BF74120020681200207B120020E2
:1037C000A410020810B586B0002401213E20ADF8F7
:1037D0000810CDE903448DF804408DF80A400594A3
:1037E000FEF75AF901A8FFF797FC204602A98DF8C9
:1037F0000840FFF7A1FC20460F21FFF7CFFC0F2167
:103800002046FFF7D9FCFFF76DFCFFF749FC40228B
:10381000034B9C61034BC3F888219A6006B010BD2E
:1038200000800A5000E100E008B5FFF739FC014BC9
:10383000986908BD00800A50F8B5044600F0D4FB32
:103840000746FFF72DFC154B9D6900F033FC06463B
:103850000020FFF7BFFC830704D4731B032B01D8A0
:10386000AE420FD10021631B022B98BFEC1C08460F
:10387000B4F1FF3F2CBF2246621EFFF7D3FC0220AB
:1038800000F01CFC384600F0B3FB054B1A7822B15F
:103890000121044A916400221A70F8BD00800A5088
:1038A0003910002000900A50830700F0010106D56E
:1038B0000123044A41F002011370034A936400207B
:1038C000FFF76CBC3910002000A00A50830742BFEC
:1038D0000222014B1A64704700900A5053B94AB94A
:1038E000002908BF00281CBF4FF0FF314FF0FF3008
:1038F00000F082B9ADF1080C6DE904CE00F006F8D5
:10390000DDF804E0DDE9022304B070472DE9F04F53
:10391000099D0C46002B4DD18A420F46844696469F
:10392000B2FA82F360D94BB102FA03FEC3F120026E
:103930009F4000FA03FC20FA02F217434FEA1E46AA
:103940001FFA8EF44FEA1C42B7FBF6F106FB117723
:1039500001FB04F042EA0742904208D91EEB020242
:1039600001F1FF3702D2904200F231813946121A3A
:103970001FFA8CFCB2FBF6F006FB102200FB04F4ED
:103980004CEA024C644508D91EEB0C0C00F1FF32E6
:1039900002D2644500F21E81104640EA0140ACEBC1
:1039A000040C002125B12CFA03F30022C5E90032F2
:1039B000BDE8F08F8B4205D90DB1C5E900010021AA
:1039C0000846F5E7B3FA83F100294DD1A342C0F0D0
:1039D000F380904280F0F080064623460846002D92
:1039E000E6D0C5E90063E3E7002B40F0A3808A1A24
:1039F0004FEA1E471FFA8EF60121B2FBF7F407FBD0
:103A000014204FEA1C4242EA004206FB04F09042B6
:103A10000FD91EEB020204F1FF382CBF4FF0010951
:103A20004FF00009904203D9B9F1000F00F0CC80AB
:103A30004446121A1FFA8CFCB2FBF7F007FB102267
:103A400000FB06F64CEA024C664508D91EEB0C0C4E
:103A500000F1FF3202D2664500F2B3801046ACEBB3
:103A6000060C40EA04409DE7C1F120068B4004FAB1
:103A700001FE22FA06F720FA06FCF4408A401F43B2
:103A80004EEA0C0300FA01FE4FEA17484FEA1349C9
:103A90001FFA87FCB4FBF8F008FB104449EA044421
:103AA00000FB0CF9A1450ED93C1900F1FF3A2CBFDF
:103AB0004FF0010B4FF0000BA14503D9BBF1000FF4
:103AC00000F08B805046A4EB09041FFA83F9B4FB85
:103AD000F8F308FB134403FB0CFC49EA0444A44537
:103AE00006D93C1903F1FF3801D2A4457BD84346DF
:103AF00043EA0040A4EB0C04A0FB02984445CC46EA
:103B0000434602D306D1CE4504D20138B9EB020CAC
:103B100068EB0703002D6CD0BEEB0C0264EB0304D2
:103B200022FA01F304FA06F6CC4000211E43C5E94F
:103B300000643DE702FA03FEC3F1200104FA03F238
:103B400000FA03FCCC404FEA1E4720FA01F11FFAAD
:103B50008EF6B4FBF7F00A4307FB1044110C41EA60
:103B6000044100FB06F48C420ED91EEB010100F16A
:103B7000FF382CBF4FF001094FF000098C4202D9E9
:103B8000B9F1000F2CD04046091B92B2B1FBF7F4FB
:103B900007FB141142EA014204FB06F1914207D9E6
:103BA0001EEB020204F1FF3801D291421ED84446B6
:103BB000521A44EA004120E7861A64EB030301200D
:103BC0000DE7F44402384AE7023C724431E7023917
:103BD0007244CCE6F4440238DFE602383C4472E733
:103BE00002387144D0E7023B3C4481E7023C724416
:103BF000DEE72946DCE600BF704700BF08B5064B8C
:103C0000044613B10021AFF30080044B1B6803B1DD
:103C10009847204600F0F0F80000000070120020E5
:103C200070B50D4D00260D4C641BA410A64209D1A1
:103C30000B4D00260B4C00F093FA641BA410A64217
:103C400005D170BD55F8043B01369847EEE755F8AD
:103C5000043B01369847F2E73C1000203C1000205E
:103C60003C10002040100020F0B585B06B4683E882
:103C70000300BDF80070BDF804602A20BDF80250B2
:103C8000BDF806407FBAFCF737FB76BA042103A8DB
:103C9000ADF80C70ADF80E60FCF74AFB2B20FCF77A
:103CA0002BFB6DBA042164BA03A8ADF80C50ADF833
:103CB0000E40FCF73DFB05B0F0BD1FB5EF281446E4
:103CC00018D8EF2916D804ABADF80800ADF80A10E3
:103CD000ADF80C00ADF80E1013E90300FFF7C4FFB8
:103CE00064BA2C20ADF80440FCF706FB022101A8C1
:103CF000FCF71EFB04B010BD7FB51D461446531ED5
:103D0000ADF8080018446B1EADF80A101944ADF860
:103D10000C0004ABADF80E1013E90300089EFFF78A
:103D2000A3FF2C206C43FCF7E7FA0025AC4201D13D
:103D300004B070BD36F8153002215BBA01A8ADF8A9
:103D400004300135FCF7F4FAF0E7002101230422E6
:103D50000846FEF7EDBF08B500F0D6F9FCF7ACFD5C
:103D600000F0DFF9FCF738FEFAE7704708B5FFF717
:103D7000E3FA00F028F8FFF769FAFFF7C7FAFFF750
:103D80008DFAFCF759FEFFF777FABDE8084000F01E
:103D900011B8FCF7A7BE08B500F00AF8BDE8084066
:103DA000FFF7B0BB70477047704770477047704768
:103DB0000F20704708B501213A20FDF76DFEBDE8E0
:103DC0000840FFF7D2BF01213A20FDF765BEFEE7AC
:103DD00010B53AB1002350F8234041F82340013395
:103DE0009A42F8D110BD002070474FF40040704750
:103DF0004FF47A707047FEE7FEE710B588B00C46C6
:103E00000E99009207910D99024606919DF8301087
:103E100005910B9904919DF8281003910021CDE99B
:103E2000013108462346FCF773FF08B010BD10B5FA
:103E300088B004460E98009207900D98224606908E
:103E40009DF8300005900B9804909DF82800039091
:103E50000020CDE901300B460121FCF759FF08B0E5
:103E600010BD0123816480F8543070472DE9F84378
:103E700004460F46E37BE27A007A94F80980A57A3B
:103E8000217B94F80D90A67B84F8442084F845307B
:103E9000002F3CD0277F07BB3B460422FEF748FF9C
:103EA0003B46012249464046FEF742FFA37F0422DB
:103EB000012B94BF3B46012331462846FEF738FFCD
:103EC000E37F3BB90123042294F8451094F84400A1
:103ED000FEF72EFF0020BDE8F88300230122FEF745
:103EE00027FF0023042249464046FEF721FFA37F17
:103EF0000222012B94BF0023012331462846FEF7FE
:103F000017FFE37F002BE5D101230222DCE73B46CC
:103F10000222FEF70DFF3B46022249464046FEF7CD
:103F200007FFA37F0222012B94BF3B4601233146AA
:103F30002846FEF7FDFEE37F002BCBD11A46C3E7F0
:103F400010B504460021FEF773FC2046BDE8104082
:103F50000521FEF76DBC10B504461620FEF7D2FA17
:103F600030B994F85430002BFBD005E0FCF7F2FF99
:103F700094F85430002BF9D010BD70B505461446A6
:103F80000E4600F031F82B685C4034405C402C60F9
:103F9000BDE8704000F02CB808B5FCF753FEBDE852
:103FA00008400021FDF74CBD0029CCBF01210021B4
:103FB000FDF746BD02214FF42070FEF7BFB910B5E2
:103FC000FCF72EFE0446FDF771FAC0F1020120460F
:103FD000FFF7EAFF01210020FEF730FBFEF754FA5D
:103FE000BDE81040FDF7C0BEEFF3108072B6704719
:103FF00000B962B67047EFF31180302383F3118864
:10400000704780F31188704770477047436D0B42CB
:10401000FCD1704708B54368DA0714D58368DB071D
:1040200002D50369D90707D50A2350218363FFF717
:10403000EDFF836C9A07FCD1012200F500535A6012
:1040400043689B07FCD408BD70B5054614460E4670
:10405000FFF7CAFF2B685C4034405C402C60BDE831
:104060007040FFF7C5BF00230B707047F0B587B0F5
:104070001F4600230D46164604468DF81730A8B19A
:10408000C3610DF11701FFF7A7FA9DF817207AB960
:10409000BDF83430294602939DF830302046CDE9F2
:1040A00000733346FFF7CEF907B0F0BD2220FBE7DF
:1040B0000320F9E700210846FFF79CB800F0010152
:1040C000830748BF41F002010020FFF759B838B517
:1040D000FFF791FF04460020FFF77CF8830700F00C
:1040E000010548BF45F0020500F003010020FFF77D
:1040F00063F82846FFF7BCFA2046BDE83840FFF7D2
:1041000080BF3E20FDF7F0BC08B5FFF72FFEFFF79C
:1041100040FEFFF740FEFFF745FEBDE80840FFF711
:1041200042BE08B5FFF740FEFFF73FFEFFF73EFE39
:10413000BDE80840FFF73BBE02440346934200D16E
:10414000704703F8011BF9E70000000000000000C1
:10415000000000000000000000000000000000005F
:10416000F8B500BFF8BC08BC9E467047F8B500BF64
:10417000F8BC08BC9E46704700000000000000002C
:10418000000000000000000000000000000000002F
:10419000000000000000000000000000000000001F
:1041A0002F686F6D652F616261726E696B612F534D
:1041B000696D706C696369747953747564696F2F84
:1041C00053444B732F6765636B6F5F73646B2F2F63
:1041D000706C6174666F726D2F656D6C69622F69AA
:1041E0006E632F656D5F6770696F2E680000FF0753
:1041F0000F00FF033F0008080808600104100E21AB
:104200000C0245090808262A43707236376F1B0BCB
:104210000707040E0F09070803180D71ED707018D9
:104220000F71EF7070181171F17070181371F370D5
:10423000702829F101F100073C00CD6745451000C9
:104240000000003C000000015410329810858000EE
:10425000004E003E07434F554E540000FF070F002D
:10426000FF033F0000000000003E5149453E004270
:104270007F400042615149462141454B311814129B
:104280007F1027454545393C4A49493001710905A8
:10429000033649494936064949291E3E41414122D2
:1042A0003E4141413E3F4040403F7F0408107F0176
:1042B000017F01010000000000000000000000007C
:1042C00000000000000000000000000000000000EE
:1042D00000000000000000000000000000000000DE
:1042E00000000000000000000000000000000000CE
:1042F00000000000000000000000000000000000BE
:1043000000000000000000000000000000000000AD
:10431000000000000000000000000000000000009D
:10432000000000000000000000000000000000008D
:10433000000000000000000000000000000000007D
:10434000000000000000000000000000000000006D
:10435000000000000000000000000000000000005D
:10436000000000000000000000000000000000004D
:10437000000000000000000000000000000000003D
:10438000000000000000000000000000000000002D
:10439000000000000000000000000000000000001D
:1043A000000000000000000000000000000000000D
:1043B00000000000000000000000000000000000FD
:1043C00000000000000000000000000000000000ED
:1043D00000000000000000000000000000000000DD
:1043E00000000000000000000000000000000000CD
:1043F00000000000000000000000000000000000BD
:1044000000000000000000000000000000000000AC
:10441000000000000000000000000000000000009C
:10442000000000000000000000000000000000008C
:10443000000000000000000000000000000000007C
:10444000000000000000000000000000000000006C
:10445000000000000000000000000000000000005C
:10446000000000000000000000000000000000004C
:10447000000000000000000000000000000000003C
:10448000000000000000000000000000000000002C
:10449000000000000000000000000000000000001C
:1044A000000000000000000000000000000000000C
:1044B00000000000000000000000000000000000FC
:1044C00000000000000000000000000000000000EC
:1044D00000000000000000000000000000000000DC
:1044E00000000000000000000000000000000000CC
:1044F00000000000000000000000000000000000BC
:1045000000000000000000000000000000000000AB
:10451000000000000000000000000000000000009B
:10452000000000000000000000000000000000008B
:10453000000000000000000000000000000000007B
:10454000000000000000000000000000000000006B
:10455000000000000000000000000000000000005B
:10456000000000000000000000000000000000004B
:10457000000000000000000000000000000000003B
:10458000000000000000000000000000000000002B
:10459000000000000000000000000000000000001B
:1045A000000000000000000000000000000000000B
:1045B00000000000000000000000000000000000FB
:1045C00000000000000000000000000000000000EB
:1045D00000000000000000000000000000000000DB
:1045E00000000000000000000000000000000000CB
:1045F00000000000000000000000000000000000BB
:1046000000000000000000000000000000000000AA
:10461000000000000000000000000000000000009A
:10462000000000000000000000000000000000008A
:10463000000000000000000000000000000000007A
:10464000000000000000000000000000000000006A
:10465000000000000000000000000000000000005A
:10466000000000000000000000000000000000004A
:10467000000000000000000000000000000000003A
:10468000000000000000000000000000000000002A
:10469000000000000000000000000000000000001A
:1046A000000000000000000000000000000000000A
:1046B00000000000000000000000000000000000FA
:1046C00000000000000000000000000000000000EA
:1046D00000000000000000000000000000000000DA
:1046E00000000000000000000000000000000000CA
:1046F00000000000000000000000000000000000BA
:1047000000000000000000000000000000000000A9
:104710000000000000000000000000000000000099
:104720000000000000000000000000000000000089
:104730000000000000000000000000000000000079
:104740000000000000000000000000000000000069
:104750000000000000000000000000000000000059
:104760000000000000000000000000000000000049
:104770000000000000000000000000000000000039
:104780000000000000000000000000000000000029
:104790000000000000000000000000000000000019
:1047A0000000000000000000000000000000000009
:1047B00000000000000000000000000000000000F9
:1047C00000000000000000000000000000000000E9
:1047D00000000000000000000000000000000000D9
:1047E00000000000000000000000000000000000C9
:1047F00000000000000000000000000000000000B9
:1048000000000000000000000000000000000000A8
:104810000000000000000000000000000000000098
:104820000000000000000000000000000000000088
:104830000000000000000000000000000000000078
:104840000000000000000000000000000000000068
:104850000000000000000000000000000000000058
:104860000000000000000000000000000000000048
:104870000000000000000000000000000000000038
:104880000000000000000000000000000000000028
:104890000000000000000000000000000000000018
:1048A0000000000000000000000000000000000008
:1048B00000000000000000000000000000000000F8
:1048C00000000000000000000000000000000000E8
:1048D00000000000000000000000000000000000D8
:1048E00000000000000000000000000000000000C8
:1048F00000000000000000000000000000000000B8
:1049000000000000000000000000000000000000A7
:104910000000000000000000000000000000000097
:104920000000000000000000000000000000000087
:104930000000000000000000000000000000000077
:104940000000000000000000000000000000000067
:104950000000000000000000000000000000000057
:104960000000000000000000000000000000000047
:104970000000000000000000000000000000000037
:104980000000000000000000000000000000000027
:104990000000000000000000000000000000000017
:1049A0000000000000000000000000000000000007
:1049B00000000000000000000000000000000000F7
:1049C00000000000000000000000000000000000E7
:1049D00000000000000000000000000000000000D7
:1049E00000000000000000000000000000000000C7
:1049F00000000000000000000000000000000000B7
:104A000000000000000000000000000000000000A6
:104A10000000000000000000000000000000000096
:104A20000000000000000000000000000000000086
:104A30000000000000000000000000000000000076
:104A40000000000000000000000000000000000066
:104A50000000000000000000000000000000000056
:104A60000000000000000000000000000000000046
:104A70000000000000000000000000000000000036
:104A80000000000000000000000000000000000026
:104A90000000000000000000000000000000000016
:104AA0000000000000000000000000000000000006
:104AB00000000000000000000000000000000000F6
:104AC00000000000000000000000000000000000E6
:104AD00000000000000000000000000000000000D6
:104AE00000000000000000000000000000000000C6
:104AF00000000000000000000000000000000000B6
:104B000000000000000000000000000000000000A5
:104B10000000000000000000000000000000000095
:104B20000000000000000000000000000000000085
:104B30000000000000000000000000000000000075
:104B40000000000000000000000000000000000065
:104B50000000000000000000000000000000000055
:104B60000000000000000000000000000000000045
:104B70000000000000000000000000000000000035
:104B80000000000000000000000000000000000025
:104B90000000000000000000000000000000000015
:104BA0000000000000000000000000000000000005
:104BB00000000000000000000000000000000000F5
:104BC00000000000000000000000000000000000E5
:104BD00000000000000000000000000000000000D5
:104BE00000000000000000000000000000000000C5
:104BF00000000000000000000000000000000000B5
:104C000000000000000000000000000000000000A4
:104C10000000000000000000000000000000000094
:104C20000000000000000000000000000000000084
:104C30000000000000000000000000000000000074
:104C40000000000000000000000000000000000064
:104C50000000000000000000000000000000000054
:104C60000000000000000000000000000000000044
:104C70000000000000000000000000000000000034
:104C80000000000000000000000000000000000024
:104C90000000000000000000000000000000000014
:104CA0000000000000000000000000000000000004
:104CB00000000000000000000000000000000000F4
:104CC00000000000000000000000000000000000E4
:104CD00000000000000000000000000000000000D4
:104CE00000000000000000000000000000000000C4
:104CF00000000000000000000000000000000000B4
:104D000000000000000000000000000000000000A3
:104D10000000000000000000000000000000000093
:104D20000000000000000000000000000000000083
:104D30000000000000000000000000000000000073
:104D40000000000000000000000000000000000063
:104D50000000000000000000000000000000000053
:104D60000000000000000000000000000000000043
:104D70000000000000000000000000000000000033
:104D80000000000000000000000000000000000023
:104D90000000000000000000000000000000000013
:104DA0000000000000000000000000000000000003
:104DB00000000000000000000000000000000000F3
:104DC00000000000000000000000000000000000E3
:104DD00000000000000000000000000000000000D3
:104DE00000000000000000000000000000000000C3
:104DF00000000000000000000000000000000000B3
:104E000000000000000000000000000000000000A2
:104E10000000000000000000000000000000000092
:104E20000000000000000000000000000000000082
:104E30000000000000000000000000000000000072
:104E40000000000000000000000000000000000062
:104E50000000000000000000000000000000000052
:104E60000000000000000000000000000000000042
:104E70000000000000000000000000000000000032
:104E80000000000000000000000000000000000022
:104E90000000000000000000000000000000000012
:104EA0000000000000000000000000000000000002
:104EB00000000000000000000000000000000000F2
:104EC00000000000000000000000000000000000E2
:104ED00000000000000000000000000000000000D2
:104EE00000000000000000000000000000000000C2
:104EF00000000000000000000000000000000000B2
:104F000000000000000000000000000000000000A1
:104F10000000000000000000000000000000000091
:104F20000000000000000000000000000000000081
:104F30000000000000000000000000000000000071
:104F40000000000000000000000000000000000061
:104F50000000000000000000000000000000000051
:104F60000000000000000000000000000000000041
:104F70000000000000000000000000000000000031
:104F80000000000000000000000000000000000021
:104F90000000000000000000000000000000000011
:104FA0000000000000000000000000000000000001
:104FB00000000000000000000000000000000000F1
:104FC00000000000000000000000000000000000E1
:104FD00000000000000000000000000000000000D1
:104FE00000000000000000000000000000000000C1
:104FF00000000000000000000000000000000000B1
:1050000000000000000000000000000000000000A0
:105010000000000000000000000000000000000090
:105020000000000000000000000000000000000080
:105030000000000000000000000000000000000070
:105040000000000000000000000000000000000060
:105050000000000000000000000000000000000050
:105060000000000000000000000000000000000040
:105070000000000000000000000000000000000030
:105080000000000000000000000000000000000020
:105090000000000000000000000000000000000010
:1050A0000000000000000000000000000000000000
:1050B00000000000000000000000000000000000F0
:1050C00000000000000000000000000000000000E0
:1050D00000000000000000000000000000000000D0
:1050E00000000000000000000000000000000000C0
:1050F00000000000000000000000000000000000B0
:10510000000000000000000000000000000000009F
:10511000000000000000000000000000000000008F
:10512000000000000000000000000000000000007F
:10513000000000000000000000000000000000006F
:10514000000000000000000000000000000000005F
:10515000000000000000000000000000000000004F
:10516000000000000000000000000000000000003F
:10517000000000000000000000000000000000002F
:10518000000000000000000000000000000000001F
:10519000000000000000000000000000000000000F
:1051A00000000000000000000000000000000000FF
:1051B00000000000000000000000000000000000EF
:1051C00000000000000000000000000000000000DF
:1051D00000000000000000000000000000000000CF
:1051E00000000000000000000000000000000000BF
:1051F00000000000000000000000000000000000AF
:10520000000000000000000000000000000000009E
:10521000000000000000000000000000000000008E
:10522000000000000000000000000000000000007E
:10523000000000000000000000000000000000006E
:10524000000000000000000000000000000000005E
:10525000000000000000000000000000000000004E
:10526000000000000000000000000000000000003E
:10527000000000000000000000000000000000002E
:10528000000000000000000000000000000000001E
:10529000000000000000000000000000000000000E
:1052A00000000000000000000000000000000000FE
:1052B00000000000000000000000000000000000EE
:1052C00000000000000000000000000000000000DE
:1052D00000000000000000000000000000000000CE
:1052E00000000000000000000000000000000000BE
:1052F00000000000000000000000000000000000AE
:10530000000000000000000000000000000000009D
:10531000000000000000000000000000000000008D
:10532000000000000000000000000000000000007D
:10533000000000000000000000000000000000006D
:10534000000000000000000000000000000000005D
:10535000000000000000000000000000000000004D
:10536000000000000000000000000000000000003D
:10537000000000000000000000000000000000002D
:10538000000000000000000000000000000000001D
:10539000000000000000000000000000000000000D
:1053A00000000000000000000000000000000000FD
:1053B00000000000000000000000000000000000ED
:1053C00000000000000000000000000000000000DD
:1053D00000000000000000000000000000000000CD
:1053E00000000000000000000000000000000000BD
:1053F00000000000000000000000000000000000AD
:10540000000000000000000000000000000000009C
:10541000000000000000000000000000000000008C
:10542000000000000000000000000000000000007C
:10543000000000000000000000000000000000006C
:10544000000000000000000000000000000000005C
:10545000000000000000000000000000000000004C
:10546000000000000000000000000000000000003C
:10547000000000000000000000000000000000002C
:10548000000000000000000000000000000000001C
:10549000000000000000000000000000000000000C
:1054A00000000000000000000000000000000000FC
:1054B00000000000000000000000000000000000EC
:1054C00000000000000000000000000000000000DC
:1054D00000000000000000000000000000000000CC
:1054E00000000000000000000000000000000000BC
:1054F00000000000000000000000000000000000AC
:10550000000000000000000000000000000000009B
:10551000000000000000000000000000000000008B
:10552000000000000000000000000000000000007B
:10553000000000000000000000000000000000006B
:10554000000000000000000000000000000000005B
:10555000000000000000000000000000000000004B
:10556000000000000000000000000000000000003B
:10557000000000000000000000000000000000002B
:10558000000000000000000000000000000000001B
:10559000000000000000000000000000000000000B
:1055A00000000000000000000000000000000000FB
:1055B00000000000000000000000000000000000EB
:1055C00000000000000000000000000000000000DB
:1055D00000000000000000000000000000000000CB
:1055E00000000000000000000000000000000000BB
:1055F00000000000000000000000000000000000AB
:10560000000000000000000000000000000000009A
:10561000000000000000000000000000000000008A
:10562000000000000000000000000000000000007A
:10563000000000000000000000000000000000006A
:10564000000000000000000000000000000000005A
:10565000000000000000000000000000000000004A
:10566000000000000000000000000000000000003A
:10567000000000000000000000000000000000002A
:10568000000000000000000000000000000000001A
:10569000000000000000000000000000000000000A
:1056A00000000000000000000000000000000000FA
:1056B00000000000000000000000000000000000EA
:1056C00000000000000000000000000000000000DA
:1056D00000000000000000000000000000000000CA
:1056E00000000000000000000000000000000000BA
:1056F00000000000000000000000000000000000AA
:105700000000000000000000000000000000000099
:105710000000000000000000000000000000000089
:105720000000000000000000000000000000000079
:105730000000000000000000000000000000000069
:105740000000000000000000000000000000000059
:105750000000000000000000000000000000000049
:105760000000000000000000000000000000000039
:105770000000000000000000000000000000000029
:105780000000000000000000000000000000000019
:105790000000000000000000000000000000000009
:1057A00000000000000000000000000000000000F9
:1057B00000000000000000000000000000000000E9
:1057C00000000000000000000000000000000000D9
:1057D00000000000000000000000000000000000C9
:1057E00000000000000000000000000000000000B9
:1057F00000000000000000000000000000000000A9
:105800000000000000000000000000000000000098
:105810000000000000000000000000000000000088
:105820000000000000000000000000000000000078
:105830000000000000000000000000000000000068
:105840000000000000000000000000000000000058
:105850000000000000000000000000000000000048
:105860000000000000000000000000000000000038
:105870000000000000000000000000000000000028
:105880000000000000000000000000000000000018
:105890000000000000000000000000000000000008
:1058A00000000000000000000000000000000000F8
:1058B00000000000000000000000000000000000E8
:1058C00000000000000000000000000000000000D8
:1058D00000000000000000000000000000000000C8
:1058E00000000000000000000000000000000000B8
:1058F00000000000000000000000000000000000A8
:105900000000000000000000000000000000000097
:105910000000000000000000000000000000000087
:105920000000000000000000000000000000000077
:105930000000000000000000000000000000000067
:105940000000000000000000000000000000000057
:105950000000000000000000000000000000000047
:105960000000000000000000000000000000000037
:105970000000000000000000000000000000000027
:105980000000000000000000000000000000000017
:105990000000000000000000000000000000000007
:1059A00000000000000000000000000000000000F7
:1059B00000000000000000000000000000000000E7
:1059C00000000000000000000000000000000000D7
:1059D00000000000000000000000000000000000C7
:1059E00000000000000000000000000000000000B7
:1059F00000000000000000000000000000000000A7
:105A00000000000000000000000000000000000096
:105A10000000000000000000000000000000000086
:105A20000000000000000000000000000000000076
:105A30000000000000000000000000000000000066
:105A40000000000000000000000000000000000056
:105A50000000000000000000000000000000000046
:105A60000000000000000000000000000000000036
:105A70000000000000000000000000000000000026
:105A80000000000000000000000000000000000016
:105A90000000000000000000000000000000000006
:105AA00000000000000000000000000000000000F6
:105AB00000000000000000000000000000000000E6
:105AC00000000000000000000000000000000000D6
:105AD00000000000000000000000000000000000C6
:105AE00000000000000000000000000000000000B6
:105AF00000000000000000000000000000000000A6
:105B00000000000000000000000000000000000095
:105B10000000000000000000000000000000000085
:105B20000000000000000000000000000000000075
:105B30000000000000000000000000000000000065
:105B40000000000000000000000000000000000055
:105B50000000000000000000000000000000000045
:105B60000000000000000000000000000000000035
:105B70000000000000000000000000000000000025
:105B80000000000000000000000000000000000015
:105B90000000000000000000000000000000000005
:105BA00000000000000000000000000000000000F5
:105BB00000000000000000000000000000000000E5
:105BC00000000000000000000000000000000000D5
:105BD00000000000000000000000000000000000C5
:105BE00000000000000000000000000000000000B5
:105BF00000000000000000000000000000000000A5
:105C00000000000000000000000000000000000094
:105C10000000000000000000000000000000000084
:105C20000000000000000000000000000000000074
:105C30000000000000000000000000000000000064
:105C40000000000000000000000000000000000054
:105C50000000000000000000000000000000000044
:105C60000000000000000000000000000000000034
:105C70000000000000000000000000000000000024
:105C80000000000000000000000000000000000014
:105C90000000000000000000000000000000000004
:105CA00000000000000000000000000000000000F4
:105CB00000000000000000000000000000000000E4
:105CC00000000000000000000000000000000000D4
:105CD00000000000000000000000000000000000C4
:105CE00000000000000000000000000000000000B4
:105CF00000000000000000000000000000000000A4
:105D00000000000000000000000000000000000093
:105D10000000000000000000000000000000000083
:105D20000000000000000000000000000000000073
:105D30000000000000000000000000000000000063
:105D40000000000000000000000000000000000053
:105D50000000000000000000000000000000000043
:105D60000000000000000000000000000000000033
:105D70000000000000000000000000000000000023
:105D80000000000000000000000000000000000013
:105D90000000000000000000000000000000000003
:105DA00000000000000000000000000000000000F3
:105DB00000000000000000000000000000000000E3
:105DC00000000000000000000000000000000000D3
:105DD00000000000000000000000000000000000C3
:105DE00000000000000000000000000000000000B3
:105DF00000000000000000000000000000000000A3
:105E00000000000000000000000000000000000092
:105E10000000000000000000000000000000000082
:105E20000000000000000000000000000000000072
:105E30000000000000000000000000000000000062
:105E40000000000000000000000000000000000052
:105E50000000000000000000000000000000000042
:105E60000000000000000000000000000000000032
:105E70000000000000000000000000000000000022
:105E80000000000000000000000000000000000012
:105E90000000000000000000000000000000000002
:105EA00000000000000000000000000000000000F2
:105EB00000000000000000000000000000000000E2
:105EC00000000000000000000000000000000000D2
:105ED00000000000000000000000000000000000C2
:105EE00000000000000000000000000000000000B2
:105EF00000000000000000000000000000000000A2
:105F00000000000000000000000000000000000091
:105F10000000000000000000000000000000000081
:105F20000000000000000000000000000000000071
:105F30000000000000000000000000000000000061
:105F40000000000000000000000000000000000051
:105F50000000000000000000000000000000000041
:105F60000000000000000000000000000000000031
:105F70000000000000000000000000000000000021
:105F80000000000000000000000000000000000011
:105F90000000000000000000000000000000000001
:105FA00000000000000000000000000000000000F1
:105FB00000000000000000000000000000000000E1
:105FC00000000000000000000000000000000000D1
:105FD00000000000000000000000000000000000C1
:105FE00000000000000000000000000000000000B1
:105FF00000000000000000000000000000000000A1
:106000000000000000000000000000000000000090
:106010000000000000000000000000000000000080
:106020000000000000000000000000000000000070
:106030000000000000000000000000000000000060
:106040000000000000000000000000000000000050
:106050000000000000000000000000000000000040
:106060000000000000000000000000000000000030
:106070000000000000000000000000000000000020
:106080000000000000000000000000000000000010
:106090000000000000000000000000000000000000
:1060A00000000000000000000000000000000000F0
:1060B00000000000000000000000000000000000E0
:1060C00000000000000000000000000000000000D0
:1060D00000000000000000000000000000000000C0
:1060E00000000000000000000000000000000000B0
:1060F00000000000000000000000000000000000A0
:10610000000000000000000000000000000000008F
:10611000000000000000000000000000000000007F
:10612000000000000000000000000000000000006F
:10613000000000000000000000000000000000005F
:10614000000000000000000000000000000000004F
:10615000000000000000000000000000000000003F
:10616000000000000000000000000000000000002F
:10617000000000000000000000000000000000001F
:10618000000000000000000000000000000000000F
:1061900000000000000000000000000000000000FF
:1061A00000000000000000000000000000000000EF
:1061B00000000000000000000000000000000000DF
:1061C00000000000000000000000000000000000CF
:1061D00000000000000000000000000000000000BF
:1061E00000000000000000000000000000000000AF
:1061F000000000000000000000000000000000009F
:10620000000000000000000000000000000000008E
:10621000000000000000000000000000000000007E
:10622000000000000000000000000000000000006E
:10623000000000000000000000000000000000005E
:10624000000000000000000000000000000000004E
:10625000000000000000000000000000000000003E
:10626000000000000000000000000000000000002E
:10627000000000000000000000000000000000001E
:10628000000000000000000000000000000000000E
:1062900000000000000000000000000000000000FE
:1062A00000000000000000000000000000000000EE
:1062B00000000000000000000000000000000000DE
:1062C00000000000000000000000000000000000CE
:1062D00000000000000000000000000000000000BE
:1062E00000000000000000000000000000000000AE
:1062F000000000000000000000000000000000009E
:10630000000000000000000000000000000000008D
:10631000000000000000000000000000000000007D
:10632000000000000000000000000000000000006D
:10633000000000000000000000000000000000005D
:10634000000000000000000000000000000000004D
:10635000000000000000000000000000000000003D
:10636000000000000000FFFFFFF7BEF79FF7BEF739
:10637000BEF79EF79EF7BEF79EF7BEF79EF79EF715
:106380009EF7BEF7BEF79EF79EF79EF7BEF79EF705
:106390009EF79EF7BEF7BEF79EF7BEF7DFFFBEF78C
:1063A000FFFFFFFF000000000000000000000000F1
:1063B00000000000000000000000000000000000DD
:1063C00000000000000000000000000000000000CD
:1063D00000000000000000000000000000000000BD
:1063E00000000000000000000000000000000000AD
:1063F000000000000000000000000000000000009D
:10640000000000000000000000000000000000008C
:10641000000000000000000000000000000000007C
:10642000000000000000000000000000000000006C
:10643000000000000000000000000000000000005C
:10644000000000000000000000000000000000004C
:10645000000000000000000000000000000000003C
:10646000000000000000000000000000000000002C
:10647000000000000000000000000000000000001C
:10648000000000000000000000000000000000000C
:1064900000000000000000000000000000000000FC
:1064A00000000000000000000000000000000000EC
:1064B00000000000000000000000000000000000DC
:1064C00000000000000000000000000000000000CC
:1064D00000000000000000000000000000000000BC
:1064E00000000000000000000000000000000000AC
:1064F000000000000000000000000000000000009C
:10650000000000000000000000000000000000008B
:10651000000000000000000000000000000000007B
:10652000000000000000000000000000000000006B
:106530000000000000000000FFFFFFFFDFFF9EF7EC
:106540009EF7BEF79EF79EF79EF79EF79EF79EF783
:106550009EF79EF79EF79EF79EF79EF79EF79EF793
:106560009EF79EF79EF79EF79EF79EF79EF79EF783
:106570009EF79EF79EF79EF79EF79EF79EF79EF773
:10658000BEF79EF79EF7BEF7BEF7BFF7BFF7FFFF58
:1065900000000000000000000000000000000000FB
:1065A00000000000000000000000000000000000EB
:1065B00000000000000000000000000000000000DB
:1065C00000000000000000000000000000000000CB
:1065D00000000000000000000000000000000000BB
:1065E00000000000000000000000000000000000AB
:1065F000000000000000000000000000000000009B
:10660000000000000000000000000000000000008A
:10661000000000000000000000000000000000007A
:10662000000000000000000000000000000000006A
:10663000000000000000000000000000000000005A
:10664000000000000000000000000000000000004A
:10665000000000000000000000000000000000003A
:10666000000000000000000000000000000000002A
:10667000000000000000000000000000000000001A
:10668000000000000000000000000000000000000A
:1066900000000000000000000000000000000000FA
:1066A00000000000000000000000000000000000EA
:1066B00000000000000000000000000000000000DA
:1066C00000000000000000000000000000000000CA
:1066D00000000000000000000000000000000000BA
:1066E00000000000000000000000000000000000AA
:1066F000000000000000000000000000000000009A
:106700000000000000000000000000000000FFFF8B
:10671000FFFFBFF79EF79EF79EF79EF79EF79EF747
:106720009EF79EF79EF79EF79EF79EF79EF79EF7C1
:106730009EF79EF79EF79EF79EF79EF79EF79EF7B1
:106740009EF79EF79EF79EF79EF79EF79EF79EF7A1
:106750009EF79EF79EF79EF79EF79EF79EF79EF791
:106760009EF79EF79EF79EF79EF79EF7BEF79EF761
:10677000BEF7BEF7BEF7BEF7FFFF00000000000047
:106780000000000000000000000000000000000009
:1067900000000000000000000000000000000000F9
:1067A00000000000000000000000000000000000E9
:1067B00000000000000000000000000000000000D9
:1067C00000000000000000000000000000000000C9
:1067D00000000000000000000000000000000000B9
:1067E00000000000000000000000000000000000A9
:1067F0000000000000000000000000000000000099
:106800000000000000000000000000000000000088
:106810000000000000000000000000000000000078
:106820000000000000000000000000000000000068
:106830000000000000000000000000000000000058
:106840000000000000000000000000000000000048
:106850000000000000000000000000000000000038
:106860000000000000000000000000000000000028
:106870000000000000000000000000000000000018
:106880000000000000000000000000000000000008
:1068900000000000000000000000000000000000F8
:1068A00000000000000000000000000000000000E8
:1068B00000000000000000000000000000000000D8
:1068C00000000000000000000000000000000000C8
:1068D00000000000000000000000000000000000B8
:1068E000000000000000FFFFFFF7BEF79EF79EF7D5
:1068F0009EF79EF79EF79EF79EF79EF79EF79EF7F0
:106900009EF79EF79EF79EF79EF79EF79EF79EF7DF
:106910009EF79EF79EF79EF79EF79EF79EF79EF7CF
:106920009EF79EF79EF79EF79EF79EF79EF79EF7BF
:106930009EF79EF79EF79EF79EF79EF79EF79EF7AF
:106940009EF79EF79EF79EF79EF79EF79EF79EF79F
:106950009EF79EF79EF79EF79EF7BEF7BEF7BEF72F
:10696000FFFF000000000000000000000000000029
:106970000000000000000000000000000000000017
:106980000000000000000000000000000000000007
:1069900000000000000000000000000000000000F7
:1069A00000000000000000000000000000000000E7
:1069B00000000000000000000000000000000000D7
:1069C00000000000000000000000000000000000C7
:1069D00000000000000000000000000000000000B7
:1069E00000000000000000000000000000000000A7
:1069F0000000000000000000000000000000000097
:106A00000000000000000000000000000000000086
:106A10000000000000000000000000000000000076
:106A20000000000000000000000000000000000066
:106A30000000000000000000000000000000000056
:106A40000000000000000000000000000000000046
:106A50000000000000000000000000000000000036
:106A60000000000000000000000000000000000026
:106A70000000000000000000000000000000000016
:106A80000000000000000000000000000000000006
:106A900000000000000000000000000000000000F6
:106AA00000000000000000000000000000000000E6
:106AB00000000000000000000000000000000000D6
:106AC000FFFF9FF7BEF79EF79EF79EF79EF79EF794
:106AD0009EF79EF79EF79EF79EF79EF79EF79EF70E
:106AE0009EF79EF79EF79EF79EF79EF79EF79EF7FE
:106AF0009EF79EF79EF79EF79EF79EF79EF79EF7EE
:106B00009EF79EF79EF79EF79EF79EF79EF79EF7DD
:106B10009EF79EF79EF79EF79EF79EF79EF79EF7CD
:106B20009EF79EF79EF79EF79EF79EF79EF79EF7BD
:106B30009EF79EF79EF79EF79EF79EF79EF79EF7AD
:106B40009EF79EF79EF79FF7FFFF000000000000F2
:106B50000000000000000000000000000000000035
:106B60000000000000000000000000000000000025
:106B70000000000000000000000000000000000015
:106B80000000000000000000000000000000000005
:106B900000000000000000000000000000000000F5
:106BA00000000000000000000000000000000000E5
:106BB00000000000000000000000000000000000D5
:106BC00000000000000000000000000000000000C5
:106BD00000000000000000000000000000000000B5
:106BE00000000000000000000000000000000000A5
:106BF0000000000000000000000000000000000095
:106C00000000000000000000000000000000000084
:106C10000000000000000000000000000000000074
:106C20000000000000000000000000000000000064
:106C30000000000000000000000000000000000054
:106C40000000000000000000000000000000000044
:106C50000000000000000000000000000000000034
:106C60000000000000000000000000000000000024
:106C70000000000000000000000000000000000014
:106C80000000000000000000000000000000000004
:106C900000000000000000000000FFFFBEF7BEF78C
:106CA0009EF79EF79EF79EF79EF79EF79EF79EF73C
:106CB0009EF79EF79EF79EF79EF79EF79EF79EF72C
:106CC0009EF79EF79EF79EF79EF79EF79EF79EF71C
:106CD0009EF79EF79EF79EF79EF79EF79EF79EF70C
:106CE0009EF79EF79EF79EF79EF79EF79EF79EF7FC
:106CF0009EF79EF79EF79EF79EF79EF79EF79EF7EC
:106D00009EF79EF79EF79EF79EF79EF79EF79EF7DB
:106D10009EF79EF79EF79EF79EF79EF79EF79EF7CB
:106D20009EF79EF79EF79EF7BEF79EF7BEF7FFFF12
:106D30000000000000000000000000000000000053
:106D40000000000000000000000000000000000043
:106D50000000000000000000000000000000000033
:106D60000000000000000000000000000000000023
:106D70000000000000000000000000000000000013
:106D80000000000000000000000000000000000003
:106D900000000000000000000000000000000000F3
:106DA00000000000000000000000000000000000E3
:106DB00000000000000000000000000000000000D3
:106DC00000000000000000000000000000000000C3
:106DD00000000000000000000000000000000000B3
:106DE00000000000000000000000000000000000A3
:106DF0000000000000000000000000000000000093
:106E00000000000000000000000000000000000082
:106E10000000000000000000000000000000000072
:106E20000000000000000000000000000000000062
:106E30000000000000000000000000000000000052
:106E40000000000000000000000000000000000042
:106E50000000000000000000000000000000000032
:106E60000000000000000000000000000000000022
:106E700000000000FFFFBEF79EF7BEF79EF79EF7EB
:106E80009EF79EF79EF79EF79EF79EF79EF79EF75A
:106E90009EF79EF79EF79EF79EF79EF79EF79EF74A
:106EA0009EF79EF79EF79EF79EF79EF79EF79EF73A
:106EB0009EF79EF79EF79EF79EF79EF79EF79EF72A
:106EC0009EF79EF79EF79EF79EF79EF79EF79EF71A
:106ED0009EF79EF79EF79EF79EF79EF79EF79EF70A
:106EE0009EF79EF79EF79EF79EF79EF79EF79EF7FA
:106EF0009EF79EF79EF79EF79EF79EF79EF79EF7EA
:106F00009EF79EF79EF79EF79EF79EF79EF79EF7D9
:106F10009EF7BEF7FFFF0000000000000000000029
:106F20000000000000000000000000000000000061
:106F30000000000000000000000000000000000051
:106F40000000000000000000000000000000000041
:106F50000000000000000000000000000000000031
:106F60000000000000000000000000000000000021
:106F70000000000000000000000000000000000011
:106F80000000000000000000000000000000000001
:106F900000000000000000000000000000000000F1
:106FA00000000000000000000000000000000000E1
:106FB00000000000000000000000000000000000D1
:106FC00000000000000000000000000000000000C1
:106FD00000000000000000000000000000000000B1
:106FE00000000000000000000000000000000000A1
:106FF0000000000000000000000000000000000091
:107000000000000000000000000000000000000080
:107010000000000000000000000000000000000070
:107020000000000000000000000000000000000060
:107030000000000000000000000000000000000050
:107040000000000000000000000000000000FFFF42
:107050009FF79EF7BEF79EF79EF79EF79EF79EF767
:107060009EF79EF79EF79EF79EF79EF79EF79EF778
:107070009EF79EF79EF79EF79EF79EF79EF79EF768
:107080009EF79EF79EF79EF79EF79EF79EF79EF758
:107090009EF79EF79EF79EF79EF79EF79EF79EF748
:1070A0009EF79EF79EF79EF79EF79EF79EF79EF738
:1070B0009EF79EF79EF79EF79EF79EF79EF79EF728
:1070C0009EF79EF79EF79EF79EF79EF79EF79EF718
:1070D0009EF79EF79EF79EF79EF79EF79EF79EF708
:1070E0009EF79EF79EF79EF79EF79EF79EF79EF7F8
:1070F0009EF79EF79EF7BEF7FFF700000000000026
:10710000000000000000000000000000000000007F
:10711000000000000000000000000000000000006F
:10712000000000000000000000000000000000005F
:10713000000000000000000000000000000000004F
:10714000000000000000000000000000000000003F
:10715000000000000000000000000000000000002F
:10716000000000000000000000000000000000001F
:10717000000000000000000000000000000000000F
:1071800000000000000000000000000000000000FF
:1071900000000000000000000000000000000000EF
:1071A00000000000000000000000000000000000DF
:1071B00000000000000000000000000000000000CF
:1071C00000000000000000000000000000000000BF
:1071D00000000000000000000000000000000000AF
:1071E000000000000000000000000000000000009F
:1071F000000000000000000000000000000000008F
:10720000000000000000000000000000000000007E
:10721000000000000000000000000000000000006E
:10722000000000000000000000009FF7BEF79EF77E
:107230009EF79EF79EF79EF79EF79EF79EF79EF7A6
:107240009EF79EF79EF79EF79EF79EF79EF79EF796
:107250009EF79EF79EF79EF79EF79EF79EF79EF786
:107260009EF79EF79EF79EF79EF79EF79EF79EF776
:107270009EF79EF79EF79EF79EF79EF79EF79EF766
:107280009EF79EF79EF79EF79EF79EF79EF79EF756
:107290009EF79EF79EF79EF79EF79EF79EF79EF746
:1072A0009EF79EF79EF79EF79EF79EF79EF79EF736
:1072B0009EF79EF79EF79EF79EF79EF79EF79EF726
:1072C0009EF79EF79EF79EF79EF79EF79EF79EF716
:1072D0009EF79EF79EF79EF79EF7BEF79FF7FFFF7C
:1072E000000000000000000000000000000000009E
:1072F000000000000000000000000000000000008E
:10730000000000000000000000000000000000007D
:10731000000000000000000000000000000000006D
:10732000000000000000000000000000000000005D
:10733000000000000000000000000000000000004D
:10734000000000000000000000000000000000003D
:10735000000000000000000000000000000000002D
:10736000000000000000000000000000000000001D
:10737000000000000000000000000000000000000D
:1073800000000000000000000000000000000000FD
:1073900000000000000000000000000000000000ED
:1073A00000000000000000000000000000000000DD
:1073B00000000000000000000000000000000000CD
:1073C00000000000000000000000000000000000BD
:1073D00000000000000000000000000000000000AD
:1073E000000000000000000000000000000000009D
:1073F000000000000000000000000000000000008D
:1074000000000000FFFFDFF7BEF79EF79EF79EF734
:107410009EF79EF79EF79EF79EF79EF79EF79EF7C4
:107420009EF79EF79EF79EF79EF79EF79EF79EF7B4
:107430009EF79EF79EF79EF79EF79EF79EF79EF7A4
:107440009EF79EF79EF79EF79EF79EF79EF79EF794
:107450009EF79EF79EF79EF79EF79EF79EF79EF784
:107460009EF79EF79EF79EF79EF79EF79EF79EF774
:107470009EF79EF79EF79EF79EF79EF79EF79EF764
:107480009EF79EF79EF79EF79EF79EF79EF79EF754
:107490009EF79EF79EF79EF79EF79EF79EF79EF744
:1074A0009EF79EF79EF79EF79EF79EF79EF79EF734
:1074B0009EF79EF79EF79EF79EF79EF79EF79EF724
:1074C000BFF7FFFF00000000000000000000000008
:1074D00000000000000000000000000000000000AC
:1074E000000000000000000000000000000000009C
:1074F000000000000000000000000000000000008C
:10750000000000000000000000000000000000007B
:10751000000000000000000000000000000000006B
:10752000000000000000000000000000000000005B
:10753000000000000000000000000000000000004B
:10754000000000000000000000000000000000003B
:10755000000000000000000000000000000000002B
:10756000000000000000000000000000000000001B
:10757000000000000000000000000000000000000B
:1075800000000000000000000000000000000000FB
:1075900000000000000000000000000000000000EB
:1075A00000000000000000000000000000000000DB
:1075B00000000000000000000000000000000000CB
:1075C00000000000000000000000000000000000BB
:1075D00000000000000000000000000000000000AB
:1075E000FFFFBEF7BEF79EF79EF79EF79EF79EF74A
:1075F0009EF79EF79EF79EF79EF79EF79EF79EF7E3
:107600009EF79EF79EF79EF79EF79EF79EF79EF7D2
:107610009EF79EF79EF79EF79EF79EF79EF79EF7C2
:107620009EF79EF79EF79EF79EF79EF79EF79EF7B2
:107630009EF79EF79EF79EF79EF79EF79EF79EF7A2
:107640009EF79EF79EF79EF79EF79EF79EF79EF792
:107650009EF79EF79EF79EF79EF79EF79EF79EF782
:107660009EF79EF79EF79EF79EF79EF79EF79EF772
:107670009EF79EF79EF79EF79EF79EF79EF79EF762
:107680009EF79EF79EF79EF79EF79EF79EF79EF752
:107690009EF79EF79EF79EF79EF79EF79EF79EF742
:1076A0009EF7BEF7BEF79FF7000000000000000045
:1076B00000000000000000000000000000000000CA
:1076C00000000000000000000000000000000000BA
:1076D00000000000000000000000000000000000AA
:1076E000000000000000000000000000000000009A
:1076F000000000000000000000000000000000008A
:107700000000000000000000000000000000000079
:107710000000000000000000000000000000000069
:107720000000000000000000000000000000000059
:107730000000000000000000000000000000000049
:107740000000000000000000000000000000000039
:107750000000000000000000000000000000000029
:107760000000000000000000000000000000000019
:107770000000000000000000000000000000000009
:1077800000000000000000000000000000000000F9
:1077900000000000000000000000000000000000E9
:1077A00000000000000000000000000000000000D9
:1077B000000000000000000000000000FFFF9EF736
:1077C0009EF7BEF79EF79EF79EF79EF79EF79EF7F1
:1077D0009EF79EF79EF79EF79EF79EF79EF79EF701
:1077E0009EF79EF79EF79EF79EF79EF79EF79EF7F1
:1077F0009EF79EF79EF79EF79EF79EF79EF79EF7E1
:107800009EF79EF79EF79EF79EF79EF79EF79EF7D0
:107810009EF79EF79EF79EF79EF79EF79EF79EF7C0
:107820009EF79EF79EF79EF79EF79EF79EF79EF7B0
:107830009EF79EF79EF79EF79EF79EF79EF79EF7A0
:107840009EF79EF79EF79EF79EF79EF79EF79EF790
:107850009EF79EF79EF79EF79EF79EF79EF79EF780
:107860009EF79EF79EF79EF79EF79EF79EF79EF770
:107870009EF79EF79EF79EF79EF79EF79EF79EF760
:107880009EF79EF79EF79EF79EF7BEF7000000005A
:1078900000000000000000000000000000000000E8
:1078A00000000000000000000000000000000000D8
:1078B00000000000000000000000000000000000C8
:1078C00000000000000000000000000000000000B8
:1078D00000000000000000000000000000000000A8
:1078E0000000000000000000000000000000000098
:1078F0000000000000000000000000000000000088
:107900000000000000000000000000000000000077
:107910000000000000000000000000000000000067
:107920000000000000000000000000000000000057
:107930000000000000000000000000000000000047
:107940000000000000000000000000000000000037
:107950000000000000000000000000000000000027
:107960000000000000000000000000000000000017
:107970000000000000000000000000000000000007
:1079800000000000000000000000000000000000F7
:107990000000000000000000FFFFBEF7BEF79EF7EA
:1079A0009EF79EF79EF79EF79EF79EF79EF79EF72F
:1079B0009EF79EF79EF79EF79EF79EF79EF79EF71F
:1079C0009EF79EF79EF79EF79EF79EF79EF79EF70F
:1079D0009EF79EF79EF79EF79EF79EF79EF79EF7FF
:1079E0009EF79EF79EF79EF79EF79EF79EF79EF7EF
:1079F0009EF79EF79EF79EF79EF79EF79EF79EF7DF
:107A00009EF79EF79EF79EF79EF79EF79EF79EF7CE
:107A10009EF79EF79EF79EF79EF79EF79EF79EF7BE
:107A20009EF79EF79EF79EF79EF79EF79EF79EF7AE
:107A30009EF79EF79EF79EF79EF79EF79EF79EF79E
:107A40009EF79EF79EF79EF79EF79EF79EF79EF78E
:107A50009EF79EF79EF79EF79EF79EF79EF79EF77E
:107A60009EF79EF79EF79EF79EF79EF79EF7BEF74E
:107A70000000000000000000000000000000000006
:107A800000000000000000000000000000000000F6
:107A900000000000000000000000000000000000E6
:107AA00000000000000000000000000000000000D6
:107AB00000000000000000000000000000000000C6
:107AC00000000000000000000000000000000000B6
:107AD00000000000000000000000000000000000A6
:107AE0000000000000000000000000000000000096
:107AF0000000000000000000000000000000000086
:107B00000000000000000000000000000000000075
:107B10000000000000000000000000000000000065
:107B20000000000000000000000000000000000055
:107B30000000000000000000000000000000000045
:107B40000000000000000000000000000000000035
:107B50000000000000000000000000000000000025
:107B60000000000000000000000000000000000015
:107B700000000000FFFF9EF7BEF79EF79EF79EF7FE
:107B80009EF79EF79EF79EF79EF79EF79EF79EF74D
:107B90009EF79EF79EF79EF79EF79EF79EF79EF73D
:107BA0009EF79EF79EF79EF79EF79EF79EF79EF72D
:107BB0009EF79EF79EF79EF79EF79EF79EF79EF71D
:107BC0009EF79EF79EF79EF79EF79EF79EF79EF70D
:107BD0009EF79EF79EF79EF79EF79EF79EF79EF7FD
:107BE0009EF79EF79EF79EF79EF79EF79EF79EF7ED
:107BF0009EF79EF79EF79EF79EF79EF79EF79EF7DD
:107C00009EF79EF79EF79EF79EF79EF79EF79EF7CC
:107C10009EF79EF79EF79EF79EF79EF79EF79EF7BC
:107C20009EF79EF79EF79EF79EF79EF79EF79EF7AC
:107C30009EF79EF79EF79EF79EF79EF79EF79EF79C
:107C40009EF79EF79EF79EF79EF79EF79EF79EF78C
:107C50009EF7BEF7000000000000000000000000DA
:107C60000000000000000000000000000000000014
:107C70000000000000000000000000000000000004
:107C800000000000000000000000000000000000F4
:107C900000000000000000000000000000000000E4
:107CA00000000000000000000000000000000000D4
:107CB00000000000000000000000000000000000C4
:107CC00000000000000000000000000000000000B4
:107CD00000000000000000000000000000000000A4
:107CE0000000000000000000000000000000000094
:107CF0000000000000000000000000000000000084
:107D00000000000000000000000000000000000073
:107D10000000000000000000000000000000000063
:107D20000000000000000000000000000000000053
:107D30000000000000000000000000000000000043
:107D40000000000000000000000000000000000033
:107D5000FFFFBFF79EF79EF79EF79EF79EF79EF7F1
:107D60009EF79EF79EF79EF79EF79EF79EF79EF76B
:107D70009EF79EF79EF79EF79EF79EF79EF79EF75B
:107D80009EF79EF79EF79EF79EF79EF79EF79EF74B
:107D90009EF79EF79EF79EF79EF79EF79EF79EF73B
:107DA0009EF79EF79EF79EF79EF79EF79EF79EF72B
:107DB0009EF79EF79EF79EF79EF79EF79EF79EF71B
:107DC0009EF79EF79EF79EF79EF79EF79EF79EF70B
:107DD0009EF79EF79EF79EF79EF79EF79EF79EF7FB
:107DE0009EF79EF79EF79EF79EF79EF79EF79EF7EB
:107DF0009EF79EF79EF79EF79EF79EF79EF79EF7DB
:107E00009EF79EF79EF79EF79EF79EF79EF79EF7CA
:107E10009EF79EF79EF79EF79EF79EF79EF79EF7BA
:107E20009EF79EF79EF79EF79EF79EF79EF79EF7AA
:107E30009EF79EF7BEF7FFFF000000000000000065
:107E40000000000000000000000000000000000032
:107E50000000000000000000000000000000000022
:107E60000000000000000000000000000000000012
:107E70000000000000000000000000000000000002
:107E800000000000000000000000000000000000F2
:107E900000000000000000000000000000000000E2
:107EA00000000000000000000000000000000000D2
:107EB00000000000000000000000000000000000C2
:107EC00000000000000000000000000000000000B2
:107ED00000000000000000000000000000000000A2
:107EE0000000000000000000000000000000000092
:107EF0000000000000000000000000000000000082
:107F00000000000000000000000000000000000071
:107F10000000000000000000000000000000000061
:107F20000000000000000000000000000000BEF79C
:107F30009EF79EF79EF79EF79EF79EF79EF79EF799
:107F40009EF79EF79EF79EF79EF79EF79EF79EF789
:107F50009EF79EF79EF79EF79EF79EF79EF79EF779
:107F60009EF79EF79EF79EF79EF79EF79EF79EF769
:107F70009EF79EF79EF79EF79EF79EF79EF79EF759
:107F80009EF79EF79EF79EF79EF79EF79EF79EF749
:107F90009EF79EF79EF79EF79EF79EF79EF79EF739
:107FA0009EF79EF79EF79EF79EF79EF79EF79EF729
:107FB0009EF79EF79EF79EF79EF79EF79EF79EF719
:107FC0009EF79EF79EF79EF79EF79EF79EF79EF709
:107FD0009EF79EF79EF79EF79EF79EF79EF79EF7F9
:107FE0009EF79EF79EF79EF79EF79EF79EF79EF7E9
:107FF0009EF79EF79EF79EF79EF79EF79EF79EF7D9
:108000009EF79EF79EF79EF79EF79EF79EF79EF7C8
:108010009EF79EF79EF79EF7BEF7FFFF0000000059
:108020000000000000000000000000000000000050
:108030000000000000000000000000000000000040
:108040000000000000000000000000000000000030
:108050000000000000000000000000000000000020
:108060000000000000000000000000000000000010
:108070000000000000000000000000000000000000
:1080800000000000000000000000000000000000F0
:1080900000000000000000000000000000000000E0
:1080A00000000000000000000000000000000000D0
:1080B00000000000000000000000000000000000C0
:1080C00000000000000000000000000000000000B0
:1080D00000000000000000000000000000000000A0
:1080E0000000000000000000000000000000000090
:1080F0000000000000000000000000000000000080
:1081000000000000000000000000FFFFBEF79EF727
:108110009EF79EF79EF79EF79EF79EF79EF79EF7B7
:108120009EF79EF79EF79EF79EF79EF79EF79EF7A7
:108130009EF79EF79EF79EF79EF79EF79EF79EF797
:108140009EF79EF79EF79EF79EF79EF79EF79EF787
:108150009EF79EF79EF79EF79EF79EF79EF79EF777
:108160009EF79EF79EF79EF79EF79EF79EF79EF767
:108170009EF79EF79EF79EF79EF79EF79EF79EF757
:108180009EF79EF79EF79EF79EF79EF79EF79EF747
:108190009EF79EF79EF79EF79EF79EF79EF79EF737
:1081A0009EF79EF79EF79EF79EF79EF79EF79EF727
:1081B0009EF79EF79EF79EF79EF79EF79EF79EF717
:1081C0009EF79EF79EF79EF79EF79EF79EF79EF707
:1081D0009EF79EF79EF79EF79EF79EF79EF79EF7F7
:1081E0009EF79EF79EF79EF79EF79EF79EF79EF7E7
:1081F0009EF79EF79EF79EF79EF79EF79FF700006B
:10820000000000000000000000000000000000006E
:10821000000000000000000000000000000000005E
:10822000000000000000000000000000000000004E
:10823000000000000000000000000000000000003E
:10824000000000000000000000000000000000002E
:10825000000000000000000000000000000000001E
:10826000000000000000000000000000000000000E
:1082700000000000000000000000000000000000FE
:1082800000000000000000000000000000000000EE
:1082900000000000000000000000000000000000DE
:1082A00000000000000000000000000000000000CE
:1082B00000000000000000000000000000000000BE
:1082C00000000000000000000000000000000000AE
:1082D000000000000000000000000000000000009E
:1082E000000000000000FFFFBEF79EF79EF79EF71C
:1082F0009EF79EF79EF79EF79EF79EF79EF79EF7D6
:108300009EF79EF79EF79EF79EF79EF79EF79EF7C5
:108310009EF79EF79EF79EF79EF79EF79EF79EF7B5
:108320009EF79EF79EF79EF79EF79EF79EF79EF7A5
:108330009EF79EF79EF79EF79EF79EF79EF79EF795
:108340009EF79EF79EF79EF79EF79EF79EF79EF785
:108350009EF79EF79EF79EF79EF79EF79EF79EF775
:108360009EF79EF79EF79EF79EF79EF79EF79EF765
:108370009EF79EF79EF79EF79EF79EF79EF79EF755
:108380009EF79EF79EF79EF79EF79EF79EF79EF745
:108390009EF79EF79EF79EF79EF79EF79EF79EF735
:1083A0009EF79EF79EF79EF79EF79EF79EF79EF725
:1083B0009EF79EF79EF79EF79EF79EF79EF79EF715
:1083C0009EF79EF79EF79EF79EF79EF79EF79EF705
:1083D0009EF79EF79EF79EF79EF79EF79EF79EF7F5
:1083E000FFFF00000000000000000000000000008F
:1083F000000000000000000000000000000000007D
:10840000000000000000000000000000000000006C
:10841000000000000000000000000000000000005C
:10842000000000000000000000000000000000004C
:10843000000000000000000000000000000000003C
:10844000000000000000000000000000000000002C
:10845000000000000000000000000000000000001C
:10846000000000000000000000000000000000000C
:1084700000000000000000000000000000000000FC
:1084800000000000000000000000000000000000EC
:1084900000000000000000000000000000000000DC
:1084A00000000000000000000000000000000000CC
:1084B00000000000000000000000000000000000BC
:1084C00000000000FFF7BEF79EF79EF79EF79EF7AD
:1084D0009EF79EF79EF79EF79EF79EF79EF79EF7F4
:1084E0009EF79EF79EF79EF79EF79EF79EF79EF7E4
:1084F0009EF79EF79EF79EF79EF79EF79EF79EF7D4
:108500009EF79EF79EF79EF79EF79EF79EF79EF7C3
:108510009EF79EF79EF79EF79EF79EF79EF79EF7B3
:108520009EF79EF79EF79EF79EF79EF79EF79EF7A3
:108530009EF79EF79EF79EF79EF79EF79EF79EF793
:108540009EF79EF79EF79EF79EF79EF79EF79EF783
:108550009EF79EF79EF79EF79EF79EF79EF79EF773
:108560009EF79EF79EF79EF79EF79EF79EF79EF763
:108570009EF79EF79EF79EF79EF79EF79EF79EF753
:108580009EF79EF79EF79EF79EF79EF79EF79EF743
:108590009EF79EF79EF79EF79EF79EF79EF79EF733
:1085A0009EF79EF79EF79EF79EF79EF79EF79EF723
:1085B0009EF79EF79EF79EF79EF79EF79EF79EF713
:1085C0009EF7BEF7FFFF0000000000000000000063
:1085D000000000000000000000000000000000009B
:1085E000000000000000000000000000000000008B
:1085F000000000000000000000000000000000007B
:10860000000000000000000000000000000000006A
:10861000000000000000000000000000000000005A
:10862000000000000000000000000000000000004A
:10863000000000000000000000000000000000003A
:10864000000000000000000000000000000000002A
:10865000000000000000000000000000000000001A
:10866000000000000000000000000000000000000A
:1086700000000000000000000000000000000000FA
:1086800000000000000000000000000000000000EA
:1086900000000000000000000000000000000000DA
:1086A000FFFF9EF79EF79EF79EF79EF79EF79EF7B9
:1086B0009EF79EF79EF79EF79EF79EF79EF79EF712
:1086C0009EF79EF79EF79EF79EF79EF79EF79EF702
:1086D0009EF79EF79EF79EF79EF79EF79EF79EF7F2
:1086E0009EF79EF79EF79EF79EF79EF79EF79EF7E2
:1086F0009EF79EF79EF79EF79EF79EF79EF79EF7D2
:108700009EF79EF79EF79EF79EF79EF79EF79EF7C1
:108710009EF79EF79EF79EF79EF79EF79EF79EF7B1
:108720009EF79EF79EF79EF79EF79EF79EF79EF7A1
:108730009EF79EF79EF79EF79EF79EF79EF79EF791
:108740009EF79EF79EF79EF79EF79EF79EF79EF781
:108750009EF79EF79EF79EF79EF79EF79EF79EF771
:108760009EF79EF79EF79EF79EF79EF79EF79EF761
:108770009EF79EF79EF79EF79EF79EF79EF79EF751
:108780009EF79EF79EF79EF79EF79EF79EF79EF741
:108790009EF79EF79EF79EF79EF79EF79EF79EF731
:1087A0009EF79EF79EF7FFFF00000000000000000C
:1087B00000000000000000000000000000000000B9
:1087C00000000000000000000000000000000000A9
:1087D0000000000000000000000000000000000099
:1087E0000000000000000000000000000000000089
:1087F0000000000000000000000000000000000079
:108800000000000000000000000000000000000068
:108810000000000000000000000000000000000058
:108820000000000000000000000000000000000048
:108830000000000000000000000000000000000038
:108840000000000000000000000000000000000028
:108850000000000000000000000000000000000018
:108860000000000000000000000000000000000008
:108870000000000000000000000000000000FFF702
:10888000BEF79EF79EF79EF79EF79EF79EF79EF720
:108890009EF79EF79EF79EF79EF79EF79EF79EF730
:1088A0009EF79EF79EF79EF79EF79EF79EF79EF720
:1088B0009EF79EF79EF79EF79EF79EF79EF79EF710
:1088C0009EF79EF79EF79EF79EF79EF79EF79EF700
:1088D0009EF79EF79EF79EF79EF79EF79EF79EF7F0
:1088E0009EF79EF79EF79EF79EF79EF79EF79EF7E0
:1088F0009EF79EF79EF79EF79EF79EF79EF79EF7D0
:108900009EF79EF79EF79EF79EF79EF79EF79EF7BF
:108910009EF79EF79EF79EF79EF79EF79EF79EF7AF
:108920009EF79EF79EF79EF79EF79EF79EF79EF79F
:108930009EF79EF79EF79EF79EF79EF79EF79EF78F
:108940009EF79EF79EF79EF79EF79EF79EF79EF77F
:108950009EF79EF79EF79EF79EF79EF79EF79EF76F
:108960009EF79EF79EF79EF79EF79EF79EF79EF75F
:108970009EF79EF79EF79EF79EF79EF79EF79EF74F
:108980009EF79EF79EF79EF79EF7000000000000FE
:1089900000000000000000000000000000000000D7
:1089A00000000000000000000000000000000000C7
:1089B00000000000000000000000000000000000B7
:1089C00000000000000000000000000000000000A7
:1089D0000000000000000000000000000000000097
:1089E0000000000000000000000000000000000087
:1089F0000000000000000000000000000000000077
:108A00000000000000000000000000000000000066
:108A10000000000000000000000000000000000056
:108A20000000000000000000000000000000000046
:108A30000000000000000000000000000000000036
:108A40000000000000000000000000000000000026
:108A5000000000000000000000000000BFF79EF7CB
:108A60009EF79EF79EF79EF79EF79EF79EF79EF75E
:108A70009EF79EF79EF79EF79EF79EF79EF79EF74E
:108A80009EF79EF79EF79EF79EF79EF79EF79EF73E
:108A90009EF79EF79EF79EF79EF79EF79EF79EF72E
:108AA0009EF79EF79EF79EF79EF79EF79EF79EF71E
:108AB0009EF79EF79EF79EF79EF79EF79EF79EF70E
:108AC0009EF79EF79EF79EF79EF79EF79EF79EF7FE
:108AD0009EF79EF79EF79EF79EF79EF79EF79EF7EE
:108AE0009EF79EF79EF79EF79EF79EF79EF79EF7DE
:108AF0009EF79EF79EF79EF79EF79EF79EF79EF7CE
:108B00009EF79EF79EF79EF79EF79EF79EF79EF7BD
:108B10009EF79EF79EF79EF79EF79EF79EF79EF7AD
:108B20009EF79EF79EF79EF79EF79EF79EF79EF79D
:108B30009EF79EF79EF79EF79EF79EF79EF79EF78D
:108B40009EF79EF79EF79EF79EF79EF79EF79EF77D
:108B50009EF79EF79EF79EF79EF79EF79EF79EF76D
:108B60009EF79EF79EF79EF79EF79EF7FFFF000089
:108B700000000000000000000000000000000000F5
:108B800000000000000000000000000000000000E5
:108B900000000000000000000000000000000000D5
:108BA00000000000000000000000000000000000C5
:108BB00000000000000000000000000000000000B5
:108BC00000000000000000000000000000000000A5
:108BD0000000000000000000000000000000000095
:108BE0000000000000000000000000000000000085
:108BF0000000000000000000000000000000000075
:108C00000000000000000000000000000000000064
:108C10000000000000000000000000000000000054
:108C20000000000000000000000000000000000044
:108C30000000000000000000FFFFBEF79EF79EF757
:108C40009EF79EF79EF79EF79EF79EF79EF79EF77C
:108C50009EF79EF79EF79EF79EF79EF79EF79EF76C
:108C60009EF79EF79EF79EF79EF79EF79EF79EF75C
:108C70009EF79EF79EF79EF79EF79EF79EF79EF74C
:108C80009EF79EF79EF79EF79EF79EF79EF79EF73C
:108C90009EF79EF79EF79EF79EF79EF79EF79EF72C
:108CA0009EF79EF79EF79EF79EF79EF79EF79EF71C
:108CB0009EF79EF79EF79EF79EF79EF79EF79EF70C
:108CC0009EF79EF79EF79EF79EF79EF79EF79EF7FC
:108CD0009EF79EF79EF79EF79EF79EF79EF79EF7EC
:108CE0009EF79EF79EF79EF79EF79EF79EF79EF7DC
:108CF0009EF79EF79EF79EF79EF79EF79EF79EF7CC
:108D00009EF79EF79EF79EF79EF79EF79EF79EF7BB
:108D10009EF79EF79EF79EF79EF79EF79EF79EF7AB
:108D20009EF79EF79EF79EF79EF79EF79EF79EF79B
:108D30009EF79EF79EF79EF79EF79EF79EF79EF78B
:108D40009EF79EF79EF79EF79EF79EF79EF7BEF75B
:108D50000000000000000000000000000000000013
:108D60000000000000000000000000000000000003
:108D700000000000000000000000000000000000F3
:108D800000000000000000000000000000000000E3
:108D900000000000000000000000000000000000D3
:108DA00000000000000000000000000000000000C3
:108DB00000000000000000000000000000000000B3
:108DC00000000000000000000000000000000000A3
:108DD0000000000000000000000000000000000093
:108DE0000000000000000000000000000000000083
:108DF0000000000000000000000000000000000073
:108E00000000000000000000000000000000000062
:108E1000000000000000BFF7BEF79EF79EF79EF728
:108E20009EF79EF79EF79EF79EF79EF79EF79EF79A
:108E30009EF79EF79EF79EF79EF79EF79EF79EF78A
:108E40009EF79EF79EF79EF79EF79EF79EF79EF77A
:108E50009EF79EF79EF79EF79EF79EF79EF79EF76A
:108E60009EF79EF79EF79EF79EF79EF79EF79EF75A
:108E70009EF79EF79EF79EF79EF79EF79EF79EF74A
:108E80009EF79EF79EF79EF79EF79EF79EF79EF73A
:108E90009EF79EF79EF79EF79EF79EF79EF79EF72A
:108EA0009EF79EF79EF79EF79EF79EF79EF79EF71A
:108EB0009EF79EF79EF79EF79EF79EF79EF79EF70A
:108EC0009EF79EF79EF79EF79EF79EF79EF79EF7FA
:108ED0009EF79EF79EF79EF79EF79EF79EF79EF7EA
:108EE0009EF79EF79EF79EF79EF79EF79EF79EF7DA
:108EF0009EF79EF79EF79EF79EF79EF79EF79EF7CA
:108F00009EF79EF79EF79EF79EF79EF79EF79EF7B9
:108F10009EF79EF79EF79EF79EF79EF79EF79EF7A9
:108F20009EF79EF79EF79EF79EF79EF79EF79EF799
:108F30009EF7FFFF0000000000000000000000009E
:108F40000000000000000000000000000000000021
:108F50000000000000000000000000000000000011
:108F60000000000000000000000000000000000001
:108F700000000000000000000000000000000000F1
:108F800000000000000000000000000000000000E1
:108F900000000000000000000000000000000000D1
:108FA00000000000000000000000000000000000C1
:108FB00000000000000000000000000000000000B1
:108FC00000000000000000000000000000000000A1
:108FD0000000000000000000000000000000000091
:108FE0000000000000000000000000000000000081
:108FF00000000000BEF79EF79EF79EF79EF79EF7D3
:109000009EF79EF79EF79EF79EF79EF79EF79EF7B8
:109010009EF79EF79EF79EF79EF79EF79EF79EF7A8
:109020009EF79EF79EF79EF79EF79EF79EF79EF798
:109030009EF79EF79EF79EF79EF79EF79EF79EF788
:109040009EF79EF79EF79EF79EF79EF79EF79EF778
:109050009EF79EF79EF79EF79EF79EF79EF79EF768
:109060009EF79EF79EF79EF79EF79EF79EF79EF758
:109070009EF79EF79EF79EF79EF79EF79EF79EF748
:109080009EF79EF79EF79EF79EF79EF79EF79EF738
:109090009EF79EF79EF79EF79EF79EF79EF79EF728
:1090A0009EF79EF79EF79EF79EF79EF79EF79EF718
:1090B0009EF79EF79EF79EF79EF79EF79EF79EF708
:1090C0009EF79EF79EF79EF79EF79EF79EF79EF7F8
:1090D0009EF79EF79EF79EF79EF79EF79EF79EF7E8
:1090E0009EF79EF79EF79EF79EF79EF79EF79EF7D8
:1090F0009EF79EF79EF79EF79EF79EF79EF79EF7C8
:109100009EF79EF79EF79EF79EF79EF79EF79EF7B7
:109110009EF79EF7FFFF0000000000000000000027
:10912000000000000000000000000000000000003F
:10913000000000000000000000000000000000002F
:10914000000000000000000000000000000000001F
:10915000000000000000000000000000000000000F
:1091600000000000000000000000000000000000FF
:1091700000000000000000000000000000000000EF
:1091800000000000000000000000000000000000DF
:1091900000000000000000000000000000000000CF
:1091A00000000000000000000000000000000000BF
:1091B00000000000000000000000000000000000AF
:1091C000000000000000000000000000000000009F
:1091D000FFFFBEF7BEF79EF79EF79EF79EF79EF73E
:1091E0009EF79EF79EF79EF79EF79EF79EF79EF7D7
:1091F0009EF79EF79EF79EF79EF79EF79EF79EF7C7
:109200009EF79EF79EF79EF79EF79EF79EF79EF7B6
:109210009EF79EF79EF79EF79EF79EF79EF79EF7A6
:109220009EF79EF79EF79EF79EF79EF79EF79EF796
:109230009EF79EF79EF79EF79EF79EF79EF79EF786
:109240009EF79EF79EF79EF79EF79EF79EF79EF776
:109250009EF79EF79EF79EF79EF79EF79EF79EF766
:109260009EF79EF79EF79EF79EF79EF79EF79EF756
:109270009EF79EF79EF79EF79EF79EF79EF79EF746
:109280009EF79EF79EF79EF79EF79EF79EF79EF736
:109290009EF79EF79EF79EF79EF79EF79EF79EF726
:1092A0009EF79EF79EF79EF79EF79EF79EF79EF716
:1092B0009EF79EF79EF79EF79EF79EF79EF79EF706
:1092C0009EF79EF79EF79EF79EF79EF79EF79EF7F6
:1092D0009EF79EF79EF79EF79EF79EF79EF79EF7E6
:1092E0009EF79EF79EF79EF79EF79EF79EF79EF7D6
:1092F0009EF79EF7BEF79FF70000000000000000F9
:10930000000000000000000000000000000000005D
:10931000000000000000000000000000000000004D
:10932000000000000000000000000000000000003D
:10933000000000000000000000000000000000002D
:10934000000000000000000000000000000000001D
:10935000000000000000000000000000000000000D
:1093600000000000000000000000000000000000FD
:1093700000000000000000000000000000000000ED
:1093800000000000000000000000000000000000DD
:1093900000000000000000000000000000000000CD
:1093A0000000000000000000000000000000FFFFBF
:1093B0009EF7BEF79EF79EF79EF79EF79EF79EF7E5
:1093C0009EF79EF79EF79EF79EF79EF79EF79EF7F5
:1093D0009EF79EF79EF79EF79EF79EF79EF79EF7E5
:1093E0009EF79EF79EF79EF79EF79EF79EF79EF7D5
:1093F0009EF79EF79EF79EF79EF79EF79EF79EF7C5
:109400009EF79EF79EF79EF79EF79EF79EF79EF7B4
:109410009EF79EF79EF79EF79EF79EF79EF79EF7A4
:109420009EF79EF79EF79EF79EF79EF79EF79EF794
:109430009EF79EF79EF79EF79EF79EF79EF79EF784
:109440009EF79EF79EF79EF79EF79EF79EF79EF774
:109450009EF79EF79EF79EF79EF79EF79EF79EF764
:109460009EF79EF79EF79EF79EF79EF79EF79EF754
:109470009EF79EF79EF79EF79EF79EF79EF79EF744
:109480009EF79EF79EF79EF79EF79EF79EF79EF734
:109490009EF79EF79EF79EF79EF79EF79EF79EF724
:1094A0009EF79EF79EF79EF79EF79EF79EF79EF714
:1094B0009EF79EF79EF79EF79EF79EF79EF79EF704
:1094C0009EF79EF79EF79EF79EF79EF79EF79EF7F4
:1094D0009EF79EF79EF79EF79FF7000000000000A2
:1094E000000000000000000000000000000000007C
:1094F000000000000000000000000000000000006C
:10950000000000000000000000000000000000005B
:10951000000000000000000000000000000000004B
:10952000000000000000000000000000000000003B
:10953000000000000000000000000000000000002B
:10954000000000000000000000000000000000001B
:10955000000000000000000000000000000000000B
:1095600000000000000000000000000000000000FB
:1095700000000000000000000000000000000000EB
:10958000000000000000000000000000FFFF9EF748
:109590009EF79EF79EF79EF79EF79EF79EF79EF723
:1095A0009EF79EF79EF79EF79EF79EF79EF79EF713
:1095B0009EF79EF79EF79EF79EF79EF79EF79EF703
:1095C0009EF79EF79EF79EF79EF79EF79EF79EF7F3
:1095D0009EF79EF79EF79EF79EF79EF79EF79EF7E3
:1095E0009EF79EF79EF79EF79EF79EF79EF79EF7D3
:1095F0009EF79EF79EF79EF79EF79EF79EF79EF7C3
:109600009EF79EF79EF79EF79EF79EF79EF79EF7B2
:109610009EF79EF79EF79EF79EF79EF79EF79EF7A2
:109620009EF79EF79EF79EF79EF79EF79EF79EF792
:109630009EF79EF79EF79EF79EF79EF79EF79EF782
:109640009EF79EF79EF79EF79EF79EF79EF79EF772
:109650009EF79EF79EF79EF79EF79EF79EF79EF762
:109660009EF79EF79EF79EF79EF79EF79EF79EF752
:109670009EF79EF79EF79EF79EF79EF79EF79EF742
:109680009EF79EF79EF79EF79EF79EF79EF79EF732
:109690009EF79EF79EF79EF79EF79EF79EF79EF722
:1096A0009EF79EF79EF79EF79EF79EF79EF79EF712
:1096B0009EF79EF79EF79EF79EF7BEF7000000000C
:1096C000000000000000000000000000000000009A
:1096D000000000000000000000000000000000008A
:1096E000000000000000000000000000000000007A
:1096F000000000000000000000000000000000006A
:109700000000000000000000000000000000000059
:109710000000000000000000000000000000000049
:109720000000000000000000000000000000000039
:109730000000000000000000000000000000000029
:109740000000000000000000000000000000000019
:109750000000000000000000000000000000000009
:1097600000000000000000000000BEF79EF79EF71A
:109770009EF79EF79EF79EF79EF79EF79EF79EF741
:109780009EF79EF79EF79EF79EF79EF79EF79EF731
:109790009EF79EF79EF79EF79EF79EF79EF79EF721
:1097A0009EF79EF79EF79EF79EF79EF79EF79EF711
:1097B0009EF79EF79EF79EF79EF79EF79EF79EF701
:1097C0009EF79EF79EF79EF79EF79EF79EF79EF7F1
:1097D0009EF79EF79EF79EF79EF79EF79EF79EF7E1
:1097E0009EF79EF79EF79EF79EF79EF79EF79EF7D1
:1097F0009EF79EF79EF79EF79EF79EF79EF79EF7C1
:109800009EF79EF79EF79EF79EF79EF79EF79EF7B0
:109810009EF79EF79EF79EF79EF79EF79EF79EF7A0
:109820009EF79EF79EF79EF79EF79EF79EF79EF790
:109830009EF79EF79EF79EF79EF79EF79EF79EF780
:109840009EF79EF79EF79EF79EF79EF79EF79EF770
:109850009EF79EF79EF79EF79EF79EF79EF79EF760
:109860009EF79EF79EF79EF79EF79EF79EF79EF750
:109870009EF79EF79EF79EF79EF79EF79EF79EF740
:109880009EF79EF79EF79EF79EF79EF79EF79EF730
:109890009EF79EF79EF79EF79EF79EF7BEF7000095
:1098A00000000000000000000000000000000000B8
:1098B00000000000000000000000000000000000A8
:1098C0000000000000000000000000000000000098
:1098D0000000000000000000000000000000000088
:1098E0000000000000000000000000000000000078
:1098F0000000000000000000000000000000000068
:109900000000000000000000000000000000000057
:109910000000000000000000000000000000000047
:109920000000000000000000000000000000000037
:109930000000000000000000000000000000000027
:109940000000000000000000BEF79EF79EF79EF7A3
:109950009EF79EF79EF79EF79EF79EF79EF79EF75F
:109960009EF79EF79EF79EF79EF79EF79EF79EF74F
:109970009EF79EF79EF79EF79EF79EF79EF79EF73F
:109980009EF79EF79EF79EF79EF79EF79EF79EF72F
:109990009EF79EF79EF79EF79EF79EF79EF79EF71F
:1099A0009EF79EF79EF79EF79EF79EF79EF79EF70F
:1099B0009EF79EF79EF79EF79EF79EF79EF79EF7FF
:1099C0009EF79EF79EF79EF79EF79EF79EF79EF7EF
:1099D0009EF79EF79EF79EF79EF79EF79EF79EF7DF
:1099E0009EF79EF79EF79EF79EF79EF79EF79EF7CF
:1099F0009EF79EF79EF79EF79EF79EF79EF79EF7BF
:109A00009EF79EF79EF79EF79EF79EF79EF79EF7AE
:109A10009EF79EF79EF79EF79EF79EF79EF79EF79E
:109A20009EF79EF79EF79EF79EF79EF79EF79EF78E
:109A30009EF79EF79EF79EF79EF79EF79EF79EF77E
:109A40009EF79EF79EF79EF79EF79EF79EF79EF76E
:109A50009EF79EF79EF79EF79EF79EF79EF79EF75E
:109A60009EF79EF79EF79EF79EF79EF79EF79EF74E
:109A70009EF79EF79EF79EF79EF79EF79EF7BEF71E
:109A8000FFFF0000000000000000000000000000D8
:109A900000000000000000000000000000000000C6
:109AA00000000000000000000000000000000000B6
:109AB00000000000000000000000000000000000A6
:109AC0000000000000000000000000000000000096
:109AD0000000000000000000000000000000000086
:109AE0000000000000000000000000000000000076
:109AF0000000000000000000000000000000000066
:109B00000000000000000000000000000000000055
:109B10000000000000000000000000000000000045
:109B20000000000000009FF79EF79EF79EF79EF74B
:109B30009EF79EF79EF79EF79EF79EF79EF79EF77D
:109B40009EF79EF79EF79EF79EF79EF79EF79EF76D
:109B50009EF79EF79EF79EF79EF79EF79EF79EF75D
:109B60009EF79EF79EF79EF79EF79EF79EF79EF74D
:109B70009EF79EF79EF79EF79EF79EF79EF79EF73D
:109B80009EF79EF79EF79EF79EF79EF79EF79EF72D
:109B90009EF79EF79EF79EF79EF79EF79EF79EF71D
:109BA0009EF79EF79EF79EF79EF79EF79EF79EF70D
:109BB0009EF79EF79EF79EF79EF79EF79EF79EF7FD
:109BC0009EF79EF79EF79EF79EF79EF79EF79EF7ED
:109BD0009EF79EF79EF79EF79EF79EF79EF79EF7DD
:109BE0009EF79EF79EF79EF79EF79EF79EF79EF7CD
:109BF0009EF79EF79EF79EF79EF79EF79EF79EF7BD
:109C00009EF79EF79EF79EF79EF79EF79EF79EF7AC
:109C10009EF79EF79EF79EF79EF79EF79EF79EF79C
:109C20009EF79EF79EF79EF79EF79EF79EF79EF78C
:109C30009EF79EF79EF79EF79EF79EF79EF79EF77C
:109C40009EF79EF79EF79EF79EF79EF79EF79EF76C
:109C50009EF79EF79EF79EF79EF79EF79EF79EF75C
:109C60009EF7FFFF00000000000000000000000061
:109C700000000000000000000000000000000000E4
:109C800000000000000000000000000000000000D4
:109C900000000000000000000000000000000000C4
:109CA00000000000000000000000000000000000B4
:109CB00000000000000000000000000000000000A4
:109CC0000000000000000000000000000000000094
:109CD0000000000000000000000000000000000084
:109CE0000000000000000000000000000000000074
:109CF0000000000000000000000000000000000064
:109D000000000000BFF79EF79EF79EF79EF79EF7B4
:109D10009EF79EF79EF79EF79EF79EF79EF79EF79B
:109D20009EF79EF79EF79EF79EF79EF79EF79EF78B
:109D30009EF79EF79EF79EF79EF79EF79EF79EF77B
:109D40009EF79EF79EF79EF79EF79EF79EF79EF76B
:109D50009EF79EF79EF79EF79EF79EF79EF79EF75B
:109D60009EF79EF79EF79EF79EF79EF79EF79EF74B
:109D70009EF79EF79EF79EF79EF79EF79EF79EF73B
:109D80009EF79EF79EF79EF79EF79EF79EF79EF72B
:109D90009EF79EF79EF79EF79EF79EF79EF79EF71B
:109DA0009EF79EF79EF79EF79EF79EF79EF79EF70B
:109DB0009EF79EF79EF79EF79EF79EF79EF79EF7FB
:109DC0009EF79EF79EF79EF79EF79EF79EF79EF7EB
:109DD0009EF79EF79EF79EF79EF79EF79EF79EF7DB
:109DE0009EF79EF79EF79EF79EF79EF79EF79EF7CB
:109DF0009EF79EF79EF79EF79EF79EF79EF79EF7BB
:109E00009EF79EF79EF79EF79EF79EF79EF79EF7AA
:109E10009EF79EF79EF79EF79EF79EF79EF79EF79A
:109E20009EF79EF79EF79EF79EF79EF79EF79EF78A
:109E30009EF79EF79EF79EF79EF79EF79EF79EF77A
:109E40009EF79EF7FFFF00000000000000000000EA
:109E50000000000000000000000000000000000002
:109E600000000000000000000000000000000000F2
:109E700000000000000000000000000000000000E2
:109E800000000000000000000000000000000000D2
:109E900000000000000000000000000000000000C2
:109EA00000000000000000000000000000000000B2
:109EB00000000000000000000000000000000000A2
:109EC0000000000000000000000000000000000092
:109ED0000000000000000000000000000000000082
:109EE0000000BEF79EF79EF79EF79EF79EF79EF73F
:109EF0009EF79EF79EF79EF79EF79EF79EF79EF7BA
:109F00009EF79EF79EF79EF79EF79EF79EF79EF7A9
:109F10009EF79EF79EF79EF79EF79EF79EF79EF799
:109F20009EF79EF79EF79EF79EF79EF79EF79EF789
:109F30009EF79EF79EF79EF79EF79EF79EF79EF779
:109F40009EF79EF79EF79EF79EF79EF79EF79EF769
:109F50009EF79EF79EF79EF79EF79EF79EF79EF759
:109F60009EF79EF79EF79EF79EF79EF79EF79EF749
:109F70009EF79EF79EF79EF79EF79EF79EF79EF739
:109F80009EF79EF79EF79EF79EF79EF79EF79EF729
:109F90009EF79EF79EF79EF79EF79EF79EF79EF719
:109FA0009EF79EF79EF79EF79EF79EF79EF79EF709
:109FB0009EF79EF79EF79EF79EF79EF79EF79EF7F9
:109FC0009EF79EF79EF79EF79EF79EF79EF79EF7E9
:109FD0009EF79EF79EF79EF79EF79EF79EF79EF7D9
:109FE0009EF79EF79EF79EF79EF79EF79EF79EF7C9
:109FF0009EF79EF79EF79EF79EF79EF79EF79EF7B9
:10A000009EF79EF79EF79EF79EF79EF79EF79EF7A8
:10A010009EF79EF79EF79EF79EF79EF79EF79EF798
:10A020009EF79EF7BEF7FFFF000000000000000053
:10A030000000000000000000000000000000000020
:10A040000000000000000000000000000000000010
:10A050000000000000000000000000000000000000
:10A0600000000000000000000000000000000000F0
:10A0700000000000000000000000000000000000E0
:10A0800000000000000000000000000000000000D0
:10A0900000000000000000000000000000000000C0
:10A0A00000000000000000000000000000000000B0
:10A0B00000000000000000000000000000000000A0
:10A0C000BEF79EF79EF79EF79EF79EF79EF79EF7C8
:10A0D0009EF79EF79EF79EF79EF79EF79EF79EF7D8
:10A0E0009EF79EF79EF79EF79EF79EF79EF79EF7C8
:10A0F0009EF79EF79EF79EF79EF79EF79EF79EF7B8
:10A100009EF79EF79EF79EF79EF79EF79EF79EF7A7
:10A110009EF79EF79EF79EF79EF79EF79EF79EF797
:10A120009EF79EF79EF79EF79EF79EF79EF79EF787
:10A130009EF79EF79EF79EF79EF79EF79EF79EF777
:10A140009EF79EF79EF79EF79EF79EF79EF79EF767
:10A150009EF79EF79EF79EF79EF79EF79EF79EF757
:10A160009EF79EF79EF79EF79EF79EF79EF79EF747
:10A170009EF79EF79EF79EF79EF79EF79EF79EF737
:10A180009EF79EF79EF79EF79EF79EF79EF79EF727
:10A190009EF79EF79EF79EF79EF79EF79EF79EF717
:10A1A0009EF79EF79EF79EF79EF79EF79EF79EF707
:10A1B0009EF79EF79EF79EF79EF79EF79EF79EF7F7
:10A1C0009EF79EF79EF79EF79EF79EF79EF79EF7E7
:10A1D0009EF79EF79EF79EF79EF79EF79EF79EF7D7
:10A1E0009EF79EF79EF79EF79EF79EF79EF79EF7C7
:10A1F0009EF79EF79EF79EF79EF79EF79EF79EF7B7
:10A200009EF79EF79EF7BEF7FFFF000000000000DC
:10A21000000000000000000000000000000000003E
:10A22000000000000000000000000000000000002E
:10A23000000000000000000000000000000000001E
:10A24000000000000000000000000000000000000E
:10A2500000000000000000000000000000000000FE
:10A2600000000000000000000000000000000000EE
:10A2700000000000000000000000000000000000DE
:10A2800000000000000000000000000000000000CE
:10A290000000000000000000000000000000BFF708
:10A2A0009EF79EF79EF79EF79EF79EF79EF79EF706
:10A2B0009EF79EF79EF79EF79EF79EF79EF79EF7F6
:10A2C0009EF79EF79EF79EF79EF79EF79EF79EF7E6
:10A2D0009EF79EF79EF79EF79EF79EF79EF79EF7D6
:10A2E0009EF79EF79EF79EF79EF79EF79EF79EF7C6
:10A2F0009EF79EF79EF79EF79EF79EF79EF79EF7B6
:10A300009EF79EF79EF79EF79EF79EF79EF79EF7A5
:10A310009EF79EF79EF79EF79EF79EF79EF79EF795
:10A320009EF79EF79EF79EF79EF79EF79EF79EF785
:10A330009EF79EF79EF79EF79EF79EF79EF79EF775
:10A340009EF79EF79EF79EF79EF79EF79EF79EF765
:10A350009EF79EF79EF79EF79EF79EF79EF79EF755
:10A360009EF79EF79EF79EF79EF79EF79EF79EF745
:10A370009EF79EF79EF79EF79EF79EF79EF79EF735
:10A380009EF79EF79EF79EF79EF79EF79EF79EF725
:10A390009EF79EF79EF79EF79EF79EF79EF79EF715
:10A3A0009EF79EF79EF79EF79EF79EF79EF79EF705
:10A3B0009EF79EF79EF79EF79EF79EF79EF79EF7F5
:10A3C0009EF79EF79EF79EF79EF79EF79EF79EF7E5
:10A3D0009EF79EF79EF79EF79EF79EF79EF79EF7D5
:10A3E0009EF79EF79EF79EF7BEF7FFFF0000000066
:10A3F000000000000000000000000000000000005D
:10A40000000000000000000000000000000000004C
:10A41000000000000000000000000000000000003C
:10A42000000000000000000000000000000000002C
:10A43000000000000000000000000000000000001C
:10A44000000000000000000000000000000000000C
:10A4500000000000000000000000000000000000FC
:10A4600000000000000000000000000000000000EC
:10A47000000000000000000000000000DFF79EF771
:10A480009EF79EF79EF79EF79EF79EF79EF79EF724
:10A490009EF79EF79EF79EF79EF79EF79EF79EF714
:10A4A0009EF79EF79EF79EF79EF79EF79EF79EF704
:10A4B0009EF79EF79EF79EF79EF79EF79EF79EF7F4
:10A4C0009EF79EF79EF79EF79EF79EF79EF79EF7E4
:10A4D0009EF79EF79EF79EF79EF79EF79EF79EF7D4
:10A4E0009EF79EF79EF79EF79EF79EF79EF79EF7C4
:10A4F0009EF79EF79EF79EF79EF79EF79EF79EF7B4
:10A500009EF79EF79EF79EF79EF79EF79EF79EF7A3
:10A510009EF79EF79EF79EF79EF79EF79EF79EF793
:10A520009EF79EF79EF79EF79EF79EF79EF79EF783
:10A530009EF79EF79EF79EF79EF79EF79EF79EF773
:10A540009EF79EF79EF79EF79EF79EF79EF79EF763
:10A550009EF79EF79EF79EF79EF79EF79EF79EF753
:10A560009EF79EF79EF79EF79EF79EF79EF79EF743
:10A570009EF79EF79EF79EF79EF79EF79EF79EF733
:10A580009EF79EF79EF79EF79EF79EF79EF79EF723
:10A590009EF79EF79EF79EF79EF79EF79EF79EF713
:10A5A0009EF79EF79EF79EF79EF79EF79EF79EF703
:10A5B0009EF79EF79EF79EF79EF79EF79EF79EF7F3
:10A5C0009EF79EF79EF79EF79EF79EF7FFFF00000F
:10A5D000000000000000000000000000000000007B
:10A5E000000000000000000000000000000000006B
:10A5F000000000000000000000000000000000005B
:10A60000000000000000000000000000000000004A
:10A61000000000000000000000000000000000003A
:10A62000000000000000000000000000000000002A
:10A63000000000000000000000000000000000001A
:10A64000000000000000000000000000000000000A
:10A6500000000000000000000000BEF7BEF79EF7FB
:10A660009EF79EF79EF79EF79EF79EF79EF79EF742
:10A670009EF79EF79EF79EF79EF79EF79EF79EF732
:10A680009EF79EF79EF79EF79EF79EF79EF79EF722
:10A690009EF79EF79EF79EF79EF79EF79EF79EF712
:10A6A0009EF79EF79EF79EF79EF79EF79EF79EF702
:10A6B0009EF79EF79EF79EF79EF79EF79EF79EF7F2
:10A6C0009EF79EF79EF79EF79EF79EF79EF79EF7E2
:10A6D0009EF79EF79EF79EF79EF79EF79EF79EF7D2
:10A6E0009EF79EF79EF79EF79EF79EF79EF79EF7C2
:10A6F0009EF79EF79EF79EF79EF79EF79EF79EF7B2
:10A700009EF79EF79EF79EF79EF79EF79EF79EF7A1
:10A710009EF79EF79EF79EF79EF79EF79EF79EF791
:10A720009EF79EF79EF79EF79EF79EF79EF79EF781
:10A730009EF79EF79EF79EF79EF79EF79EF79EF771
:10A740009EF79EF79EF79EF79EF79EF79EF79EF761
:10A750009EF79EF79EF79EF79EF79EF79EF79EF751
:10A760009EF79EF79EF79EF79EF79EF79EF79EF741
:10A770009EF79EF79EF79EF79EF79EF79EF79EF731
:10A780009EF79EF79EF79EF79EF79EF79EF79EF721
:10A790009EF79EF79EF79EF79EF79EF79EF79EF711
:10A7A0009EF79EF79EF79EF79EF79EF7BEF7000076
:10A7B0000000000000000000000000000000000099
:10A7C0000000000000000000000000000000000089
:10A7D0000000000000000000000000000000000079
:10A7E0000000000000000000000000000000000069
:10A7F0000000000000000000000000000000000059
:10A800000000000000000000000000000000000048
:10A810000000000000000000000000000000000038
:10A820000000000000000000000000000000000028
:10A8300000000000000000009FF79EF79EF79EF7C3
:10A840009EF79EF79EF79EF79EF79EF79EF79EF760
:10A850009EF79EF79EF79EF79EF79EF79EF79EF750
:10A860009EF79EF79EF79EF79EF79EF79EF79EF740
:10A870009EF79EF79EF79EF79EF79EF79EF79EF730
:10A880009EF79EF79EF79EF79EF79EF79EF79EF720
:10A890009EF79EF79EF79EF79EF79EF79EF79EF710
:10A8A0009EF79EF79EF79EF79EF79EF79EF79EF700
:10A8B0009EF79EF79EF79EF79EF79EF79EF79EF7F0
:10A8C0009EF79EF79EF79EF79EF79EF79EF79EF7E0
:10A8D0009EF79EF79EF79EF79EF79EF79EF79EF7D0
:10A8E0009EF79EF79EF79EF79EF79EF79EF79EF7C0
:10A8F0009EF79EF79EF79EF79EF79EF79EF79EF7B0
:10A900009EF79EF79EF79EF79EF79EF79EF79EF79F
:10A910009EF79EF79EF79EF79EF79EF79EF79EF78F
:10A920009EF79EF79EF79EF79EF79EF79EF79EF77F
:10A930009EF79EF79EF79EF79EF79EF79EF79EF76F
:10A940009EF79EF79EF79EF79EF79EF79EF79EF75F
:10A950009EF79EF79EF79EF79EF79EF79EF79EF74F
:10A960009EF79EF79EF79EF79EF79EF79EF79EF73F
:10A970009EF79EF79EF79EF79EF79EF79EF79EF72F
:10A980009EF79EF79EF79EF79EF79EF79EF7BEF7FF
:10A9900000000000000000000000000000000000B7
:10A9A00000000000000000000000000000000000A7
:10A9B0000000000000000000000000000000000097
:10A9C0000000000000000000000000000000000087
:10A9D0000000000000000000000000000000000077
:10A9E0000000000000000000000000000000000067
:10A9F0000000000000000000000000000000000057
:10AA00000000000000000000000000000000000046
:10AA1000000000000000FFFF9EF79EF79EF79EF7E4
:10AA20009EF79EF79EF79EF79EF79EF79EF79EF77E
:10AA30009EF79EF79EF79EF79EF79EF79EF79EF76E
:10AA40009EF79EF79EF79EF79EF79EF79EF79EF75E
:10AA50009EF79EF79EF79EF79EF79EF79EF79EF74E
:10AA60009EF79EF79EF79EF79EF79EF79EF79EF73E
:10AA70009EF79EF79EF79EF79EF79EF79EF79EF72E
:10AA80009EF79EF79EF79EF79EF79EF79EF79EF71E
:10AA90009EF79EF79EF79EF79EF79EF79EF79EF70E
:10AAA0009EF79EF79EF79EF79EF79EF79EF79EF7FE
:10AAB0009EF79EF79EF79EF79EF79EF79EF79EF7EE
:10AAC0009EF79EF79EF79EF79EF79EF79EF79EF7DE
:10AAD0009EF79EF79EF79EF79EF79EF79EF79EF7CE
:10AAE0009EF79EF79EF79EF79EF79EF79EF79EF7BE
:10AAF0009EF79EF79EF79EF79EF79EF79EF79EF7AE
:10AB00009EF79EF79EF79EF79EF79EF79EF79EF79D
:10AB10009EF79EF79EF79EF79EF79EF79EF79EF78D
:10AB20009EF79EF79EF79EF79EF79EF79EF79EF77D
:10AB30009EF79EF79EF79EF79EF79EF79EF79EF76D
:10AB40009EF79EF79EF79EF79EF79EF79EF79EF75D
:10AB50009EF79EF79EF79EF79EF79EF79EF79EF74D
:10AB60009EF79EF79EF79EF79EF79EF79EF79EF73D
:10AB7000BEF7000000000000000000000000000020
:10AB800000000000000000000000000000000000C5
:10AB900000000000000000000000000000000000B5
:10ABA00000000000000000000000000000000000A5
:10ABB0000000000000000000000000000000000095
:10ABC0000000000000000000000000000000000085
:10ABD0000000000000000000000000000000000075
:10ABE0000000000000000000000000000000000065
:10ABF00000000000FFFF9EF79EF79EF79EF79EF76E
:10AC00009EF79EF79EF79EF79EF79EF79EF79EF79C
:10AC10009EF79EF79EF79EF79EF79EF79EF79EF78C
:10AC20009EF79EF79EF79EF79EF79EF79EF79EF77C
:10AC30009EF79EF79EF79EF79EF79EF79EF79EF76C
:10AC40009EF79EF79EF79EF79EF79EF79EF79EF75C
:10AC50009EF79EF79EF79EF79EF79EF79EF79EF74C
:10AC60009EF79EF79EF79EF79EF79EF79EF79EF73C
:10AC70009EF79EF79EF79EF79EF79EF79EF79EF72C
:10AC80009EF79EF79EF79EF79EF79EF79EF79EF71C
:10AC90009EF79EF79EF79EF79EF79EF79EF79EF70C
:10ACA0009EF79EF79EF79EF79EF79EF79EF79EF7FC
:10ACB0009EF79EF79EF79EF79EF79EF79EF79EF7EC
:10ACC0009EF79EF79EF79EF79EF79EF79EF79EF7DC
:10ACD0009EF79EF79EF79EF79EF79EF79EF79EF7CC
:10ACE0009EF79EF79EF79EF79EF79EF79EF79EF7BC
:10ACF0009EF79EF79EF79EF79EF79EF79EF79EF7AC
:10AD00009EF79EF79EF79EF79EF79EF79EF79EF79B
:10AD10009EF79EF79EF79EF79EF79EF79EF79EF78B
:10AD20009EF79EF79EF79EF79EF79EF79EF79EF77B
:10AD30009EF79EF79EF79EF79EF79EF79EF79EF76B
:10AD40009EF79EF79EF79EF79EF79EF79EF79EF75B
:10AD50009EF79FF7000000000000000000000000C8
:10AD600000000000000000000000000000000000E3
:10AD700000000000000000000000000000000000D3
:10AD800000000000000000000000000000000000C3
:10AD900000000000000000000000000000000000B3
:10ADA00000000000000000000000000000000000A3
:10ADB0000000000000000000000000000000000093
:10ADC0000000000000000000000000000000000083
:10ADD00000000000BEF79EF79EF79EF79EF79EF7D5
:10ADE0009EF79EF79EF79EF79EF79EF79EF79EF7BB
:10ADF0009EF79EF79EF79EF79EF79EF79EF79EF7AB
:10AE00009EF79EF79EF79EF79EF79EF79EF79EF79A
:10AE10009EF79EF79EF79EF79EF79EF79EF79EF78A
:10AE20009EF79EF79EF79EF79EF79EF79EF79EF77A
:10AE30009EF79EF79EF79EF79EF79EF79EF79EF76A
:10AE40009EF79EF79EF79EF79EF79EF79EF79EF75A
:10AE50009EF79EF79EF79EF79EF79EF79EF79EF74A
:10AE60009EF79EF79EF79EF79EF79EF79EF79EF73A
:10AE70009EF79EF79EF79EF79EF79EF79EF79EF72A
:10AE80009EF79EF79EF79EF79EF79EF79EF79EF71A
:10AE90009EF79EF79EF79EF79EF79EF79EF79EF70A
:10AEA0009EF79EF79EF79EF79EF79EF79EF79EF7FA
:10AEB0009EF79EF79EF79EF79EF79EF79EF79EF7EA
:10AEC0009EF79EF79EF79EF79EF79EF79EF79EF7DA
:10AED0009EF79EF79EF79EF79EF79EF79EF79EF7CA
:10AEE0009EF79EF79EF79EF79EF79EF79EF79EF7BA
:10AEF0009EF79EF79EF79EF79EF79EF79EF79EF7AA
:10AF00009EF79EF79EF79EF79EF79EF79EF79EF799
:10AF10009EF79EF79EF79EF79EF79EF79EF79EF789
:10AF20009EF79EF79EF79EF79EF79EF79EF79EF779
:10AF30009EF79EF79FF70000000000000000000051
:10AF40000000000000000000000000000000000001
:10AF500000000000000000000000000000000000F1
:10AF600000000000000000000000000000000000E1
:10AF700000000000000000000000000000000000D1
:10AF800000000000000000000000000000000000C1
:10AF900000000000000000000000000000000000B1
:10AFA00000000000000000000000000000000000A1
:10AFB00000009EF79EF79EF79EF79EF79EF79EF77E
:10AFC0009EF79EF79EF79EF79EF79EF79EF79EF7D9
:10AFD0009EF79EF79EF79EF79EF79EF79EF79EF7C9
:10AFE0009EF79EF79EF79EF79EF79EF79EF79EF7B9
:10AFF0009EF79EF79EF79EF79EF79EF79EF79EF7A9
:10B000009EF79EF79EF79EF79EF79EF79EF79EF798
:10B010009EF79EF79EF79EF79EF79EF79EF79EF788
:10B020009EF79EF79EF79EF79EF79EF79EF79EF778
:10B030009EF79EF79EF79EF79EF79EF79EF79EF768
:10B040009EF79EF79EF79EF79EF79EF79EF79EF758
:10B050009EF79EF79EF79EF79EF79EF79EF79EF748
:10B060009EF79EF79EF79EF79EF79EF79EF79EF738
:10B070009EF79EF79EF79EF79EF79EF79EF79EF728
:10B080009EF79EF79EF79EF79EF79EF79EF79EF718
:10B090009EF79EF79EF79EF79EF79EF79EF79EF708
:10B0A0009EF79EF79EF79EF79EF79EF79EF79EF7F8
:10B0B0009EF79EF79EF79EF79EF79EF79EF79EF7E8
:10B0C0009EF79EF79EF79EF79EF79EF79EF79EF7D8
:10B0D0009EF79EF79EF79EF79EF79EF79EF79EF7C8
:10B0E0009EF79EF79EF79EF79EF79EF79EF79EF7B8
:10B0F0009EF79EF79EF79EF79EF79EF79EF79EF7A8
:10B100009EF79EF79EF79EF79EF79EF79EF79EF797
:10B110009EF79EF79EF7FFFF000000000000000072
:10B12000000000000000000000000000000000001F
:10B13000000000000000000000000000000000000F
:10B1400000000000000000000000000000000000FF
:10B1500000000000000000000000000000000000EF
:10B1600000000000000000000000000000000000DF
:10B1700000000000000000000000000000000000CF
:10B1800000000000000000000000000000000000BF
:10B190009FF79EF79EF79EF79EF79EF79EF79EF706
:10B1A0009EF79EF79EF79EF79EF79EF79EF79EF7F7
:10B1B0009EF79EF79EF79EF79EF79EF79EF79EF7E7
:10B1C0009EF79EF79EF79EF79EF79EF79EF79EF7D7
:10B1D0009EF79EF79EF79EF79EF79EF79EF79EF7C7
:10B1E0009EF79EF79EF79EF79EF79EF79EF79EF7B7
:10B1F0009EF79EF79EF79EF79EF79EF79EF79EF7A7
:10B200009EF79EF79EF79EF79EF79EF79EF79EF796
:10B210009EF79EF79EF79EF79EF79EF79EF79EF786
:10B220009EF79EF79EF79EF79EF79EF79EF79EF776
:10B230009EF79EF79EF79EF79EF79EF79EF79EF766
:10B240009EF79EF79EF79EF79EF79EF79EF79EF756
:10B250009EF79EF79EF79EF79EF79EF79EF79EF746
:10B260009EF79EF79EF79EF79EF79EF79EF79EF736
:10B270009EF79EF79EF79EF79EF79EF79EF79EF726
:10B280009EF79EF79EF79EF79EF79EF79EF79EF716
:10B290009EF79EF79EF79EF79EF79EF79EF79EF706
:10B2A0009EF79EF79EF79EF79EF79EF79EF79EF7F6
:10B2B0009EF79EF79EF79EF79EF79EF79EF79EF7E6
:10B2C0009EF79EF79EF79EF79EF79EF79EF79EF7D6
:10B2D0009EF79EF79EF79EF79EF79EF79EF79EF7C6
:10B2E0009EF79EF79EF79EF79EF79EF79EF79EF7B6
:10B2F0009EF79EF79EF79EF7FFFF000000000000FC
:10B30000000000000000000000000000000000003D
:10B31000000000000000000000000000000000002D
:10B32000000000000000000000000000000000001D
:10B33000000000000000000000000000000000000D
:10B3400000000000000000000000000000000000FD
:10B3500000000000000000000000000000000000ED
:10B360000000000000000000000000000000FFFFDF
:10B37000BEF79EF79EF79EF79EF79EF79EF79EF705
:10B380009EF79EF79EF79EF79EF79EF79EF79EF715
:10B390009EF79EF79EF79EF79EF79EF79EF79EF705
:10B3A0009EF79EF79EF79EF79EF79EF79EF79EF7F5
:10B3B0009EF79EF79EF79EF79EF79EF79EF79EF7E5
:10B3C0009EF79EF79EF79EF79EF79EF79EF79EF7D5
:10B3D0009EF79EF79EF79EF79EF79EF79EF79EF7C5
:10B3E0009EF79EF79EF79EF79EF79EF79EF79EF7B5
:10B3F0009EF79EF79EF79EF79EF79EF79EF79EF7A5
:10B400009EF79EF79EF79EF79EF79EF79EF79EF794
:10B410009EF79EF79EF79EF79EF79EF79EF79EF784
:10B420009EF79EF79EF79EF79EF79EF79EF79EF774
:10B430009EF79EF79EF79EF79EF79EF79EF79EF764
:10B440009EF79EF79EF79EF79EF79EF79EF79EF754
:10B450009EF79EF79EF79EF79EF79EF79EF79EF744
:10B460009EF79EF79EF79EF79EF79EF79EF79EF734
:10B470009EF79EF79EF79EF79EF79EF79EF79EF724
:10B480009EF79EF79EF79EF79EF79EF79EF79EF714
:10B490009EF79EF79EF79EF79EF79EF79EF79EF704
:10B4A0009EF79EF79EF79EF79EF79EF79EF79EF7F4
:10B4B0009EF79EF79EF79EF79EF79EF79EF79EF7E4
:10B4C0009EF79EF79EF79EF79EF79EF79EF79EF7D4
:10B4D0009EF79EF79EF7BEF7BFF700000000000042
:10B4E000000000000000000000000000000000005C
:10B4F000000000000000000000000000000000004C
:10B50000000000000000000000000000000000003B
:10B51000000000000000000000000000000000002B
:10B52000000000000000000000000000000000001B
:10B53000000000000000000000000000000000000B
:10B54000000000000000000000000000FFFFBEF748
:10B550009EF79EF79EF79EF79EF79EF79EF79EF743
:10B560009EF79EF79EF79EF79EF79EF79EF79EF733
:10B570009EF79EF79EF79EF79EF79EF79EF79EF723
:10B580009EF79EF79EF79EF79EF79EF79EF79EF713
:10B590009EF79EF79EF79EF79EF79EF79EF79EF703
:10B5A0009EF79EF79EF79EF79EF79EF79EF79EF7F3
:10B5B0009EF79EF79EF79EF79EF79EF79EF79EF7E3
:10B5C0009EF79EF79EF79EF79EF79EF79EF79EF7D3
:10B5D0009EF79EF79EF79EF79EF79EF79EF79EF7C3
:10B5E0009EF79EF79EF79EF79EF79EF79EF79EF7B3
:10B5F0009EF79EF79EF79EF79EF79EF79EF79EF7A3
:10B600009EF79EF79EF79EF79EF79EF79EF79EF792
:10B610009EF79EF79EF79EF79EF79EF79EF79EF782
:10B620009EF79EF79EF79EF79EF79EF79EF79EF772
:10B630009EF79EF79EF79EF79EF79EF79EF79EF762
:10B640009EF79EF79EF79EF79EF79EF79EF79EF752
:10B650009EF79EF79EF79EF79EF79EF79EF79EF742
:10B660009EF79EF79EF79EF79EF79EF79EF79EF732
:10B670009EF79EF79EF79EF79EF79EF79EF79EF722
:10B680009EF79EF79EF79EF79EF79EF79EF79EF712
:10B690009EF79EF79EF79EF79EF79EF79EF79EF702
:10B6A0009EF79EF79EF79EF79EF79EF79EF79EF7F2
:10B6B0009EF79EF79EF79EF79EF7DFF700000000CB
:10B6C000000000000000000000000000000000007A
:10B6D000000000000000000000000000000000006A
:10B6E000000000000000000000000000000000005A
:10B6F000000000000000000000000000000000004A
:10B700000000000000000000000000000000000039
:10B710000000000000000000000000000000000029
:10B72000000000000000000000000000BEF79EF7CF
:10B730009EF79EF79EF79EF79EF79EF79EF79EF761
:10B740009EF79EF79EF79EF79EF79EF79EF79EF751
:10B750009EF79EF79EF79EF79EF79EF79EF79EF741
:10B760009EF79EF79EF79EF79EF79EF79EF79EF731
:10B770009EF79EF79EF79EF79EF79EF79EF79EF721
:10B780009EF79EF79EF79EF79EF79EF79EF79EF711
:10B790009EF79EF79EF79EF79EF79EF79EF79EF701
:10B7A0009EF79EF79EF79EF79EF79EF79EF79EF7F1
:10B7B0009EF79EF79EF79EF79EF79EF79EF79EF7E1
:10B7C0009EF79EF79EF79EF79EF79EF79EF79EF7D1
:10B7D0009EF79EF79EF79EF79EF79EF79EF79EF7C1
:10B7E0009EF79EF79EF79EF79EF79EF79EF79EF7B1
:10B7F0009EF79EF79EF79EF79EF79EF79EF79EF7A1
:10B800009EF79EF79EF79EF79EF79EF79EF79EF790
:10B810009EF79EF79EF79EF79EF79EF79EF79EF780
:10B820009EF79EF79EF79EF79EF79EF79EF79EF770
:10B830009EF79EF79EF79EF79EF79EF79EF79EF760
:10B840009EF79EF79EF79EF79EF79EF79EF79EF750
:10B850009EF79EF79EF79EF79EF79EF79EF79EF740
:10B860009EF79EF79EF79EF79EF79EF79EF79EF730
:10B870009EF79EF79EF79EF79EF79EF79EF79EF720
:10B880009EF79EF79EF79EF79EF79EF79EF79EF710
:10B890009EF79EF79EF79EF79EF7BEF7FFFF00000C
:10B8A0000000000000000000000000000000000098
:10B8B0000000000000000000000000000000000088
:10B8C0000000000000000000000000000000000078
:10B8D0000000000000000000000000000000000068
:10B8E0000000000000000000000000000000000058
:10B8F0000000000000000000000000000000000048
:10B9000000000000000000000000BEF79EF79EF758
:10B910009EF79EF79EF79EF79EF79EF79EF79EF77F
:10B920009EF79EF79EF79EF79EF79EF79EF79EF76F
:10B930009EF79EF79EF79EF79EF79EF79EF79EF75F
:10B940009EF79EF79EF79EF79EF79EF79EF79EF74F
:10B950009EF79EF79EF79EF79EF79EF79EF79EF73F
:10B960009EF79EF79EF79EF79EF79EF79EF79EF72F
:10B970009EF79EF79EF79EF79EF79EF79EF79EF71F
:10B980009EF79EF79EF79EF79EF79EF79EF79EF70F
:10B990009EF79EF79EF79EF79EF79EF79EF79EF7FF
:10B9A0009EF79EF79EF79EF79EF79EF79EF79EF7EF
:10B9B0009EF79EF79EF79EF79EF79EF79EF79EF7DF
:10B9C0009EF79EF79EF79EF79EF79EF79EF79EF7CF
:10B9D0009EF79EF79EF79EF79EF79EF79EF79EF7BF
:10B9E0009EF79EF79EF79EF79EF79EF79EF79EF7AF
:10B9F0009EF79EF79EF79EF79EF79EF79EF79EF79F
:10BA00009EF79EF79EF79EF79EF79EF79EF79EF78E
:10BA10009EF79EF79EF79EF79EF79EF79EF79EF77E
:10BA20009EF79EF79EF79EF79EF79EF79EF79EF76E
:10BA30009EF79EF79EF79EF79EF79EF79EF79EF75E
:10BA40009EF79EF79EF79EF79EF79EF79EF79EF74E
:10BA50009EF79EF79EF79EF79EF79EF79EF79EF73E
:10BA60009EF79EF79EF79EF79EF79EF79EF79EF72E
:10BA70009EF79EF79EF79EF79EF79EF79EF70000B3
:10BA800000000000000000000000000000000000B6
:10BA900000000000000000000000000000000000A6
:10BAA0000000000000000000000000000000000096
:10BAB0000000000000000000000000000000000086
:10BAC0000000000000000000000000000000000076
:10BAD0000000000000000000000000000000000066
:10BAE0000000000000000000FFFF9EF79EF79EF799
:10BAF0009EF79EF79EF79EF79EF79EF79EF79EF79E
:10BB00009EF79EF79EF79EF79EF79EF79EF79EF78D
:10BB10009EF79EF79EF79EF79EF79EF79EF79EF77D
:10BB20009EF79EF79EF79EF79EF79EF79EF79EF76D
:10BB30009EF79EF79EF79EF79EF79EF79EF79EF75D
:10BB40009EF79EF79EF79EF79EF79EF79EF79EF74D
:10BB50009EF79EF79EF79EF79EF79EF79EF79EF73D
:10BB60009EF79EF79EF79EF79EF79EF79EF79EF72D
:10BB70009EF79EF79EF79EF79EF79EF79EF79EF71D
:10BB80009EF79EF79EF79EF79EF79EF79EF79EF70D
:10BB90009EF79EF79EF79EF79EF79EF79EF79EF7FD
:10BBA0009EF79EF79EF79EF79EF79EF79EF79EF7ED
:10BBB0009EF79EF79EF79EF79EF79EF79EF79EF7DD
:10BBC0009EF79EF79EF79EF79EF79EF79EF79EF7CD
:10BBD0009EF79EF79EF79EF79EF79EF79EF79EF7BD
:10BBE0009EF79EF79EF79EF79EF79EF79EF79EF7AD
:10BBF0009EF79EF79EF79EF79EF79EF79EF79EF79D
:10BC00009EF79EF79EF79EF79EF79EF79EF79EF78C
:10BC10009EF79EF79EF79EF79EF79EF79EF79EF77C
:10BC20009EF79EF79EF79EF79EF79EF79EF79EF76C
:10BC30009EF79EF79EF79EF79EF79EF79EF79EF75C
:10BC40009EF79EF79EF79EF79EF79EF79EF79EF74C
:10BC50009EF79EF79EF79EF79EF79EF79EF7BEF71C
:10BC600000000000000000000000000000000000D4
:10BC700000000000000000000000000000000000C4
:10BC800000000000000000000000000000000000B4
:10BC900000000000000000000000000000000000A4
:10BCA0000000000000000000000000000000000094
:10BCB0000000000000000000000000000000000084
:10BCC0000000000000000000BEF79EF79EF79EF700
:10BCD0009EF79EF79EF79EF79EF79EF79EF79EF7BC
:10BCE0009EF79EF79EF79EF79EF79EF79EF79EF7AC
:10BCF0009EF79EF79EF79EF79EF79EF79EF79EF79C
:10BD00009EF79EF79EF79EF79EF79EF79EF79EF78B
:10BD10009EF79EF79EF79EF79EF79EF79EF79EF77B
:10BD20009EF79EF79EF79EF79EF79EF79EF79EF76B
:10BD30009EF79EF79EF79EF79EF79EF79EF79EF75B
:10BD40009EF79EF79EF79EF79EF79EF79EF79EF74B
:10BD50009EF79EF79EF79EF79EF79EF79EF79EF73B
:10BD60009EF79EF79EF79EF79EF79EF79EF79EF72B
:10BD70009EF79EF79EF79EF79EF79EF79EF79EF71B
:10BD80009EF79EF79EF79EF79EF79EF79EF79EF70B
:10BD90009EF79EF79EF79EF79EF79EF79EF79EF7FB
:10BDA0009EF79EF79EF79EF79EF79EF79EF79EF7EB
:10BDB0009EF79EF79EF79EF79EF79EF79EF79EF7DB
:10BDC0009EF79EF79EF79EF79EF79EF79EF79EF7CB
:10BDD0009EF79EF79EF79EF79EF79EF79EF79EF7BB
:10BDE0009EF79EF79EF79EF79EF79EF79EF79EF7AB
:10BDF0009EF79EF79EF79EF79EF79EF79EF79EF79B
:10BE00009EF79EF79EF79EF79EF79EF79EF79EF78A
:10BE10009EF79EF79EF79EF79EF79EF79EF79EF77A
:10BE20009EF79EF79EF79EF79EF79EF79EF79EF76A
:10BE30009EF79EF79EF79EF79EF79EF79EF79EF75A
:10BE4000FFF70000000000000000000000000000FC
:10BE500000000000000000000000000000000000E2
:10BE600000000000000000000000000000000000D2
:10BE700000000000000000000000000000000000C2
:10BE800000000000000000000000000000000000B2
:10BE900000000000000000000000000000000000A2
:10BEA000000000000000DFF7BEF79EF79EF79EF748
:10BEB0009EF79EF79EF79EF79EF79EF79EF79EF7DA
:10BEC0009EF79EF79EF79EF79EF79EF79EF79EF7CA
:10BED0009EF79EF79EF79EF79EF79EF79EF79EF7BA
:10BEE0009EF79EF79EF79EF79EF79EF79EF79EF7AA
:10BEF0009EF79EF79EF79EF79EF79EF79EF79EF79A
:10BF00009EF79EF79EF79EF79EF79EF79EF79EF789
:10BF10009EF79EF79EF79EF79EF79EF79EF79EF779
:10BF20009EF79EF79EF79EF79EF79EF79EF79EF769
:10BF30009EF79EF79EF79EF79EF79EF79EF79EF759
:10BF40009EF79EF79EF79EF79EF79EF79EF79EF749
:10BF50009EF79EF79EF79EF79EF79EF79EF79EF739
:10BF60009EF79EF79EF79EF79EF79EF79EF79EF729
:10BF70009EF79EF79EF79EF79EF79EF79EF79EF719
:10BF80009EF79EF79EF79EF79EF79EF79EF79EF709
:10BF90009EF79EF79EF79EF79EF79EF79EF79EF7F9
:10BFA0009EF79EF79EF79EF79EF79EF79EF79EF7E9
:10BFB0009EF79EF79EF79EF79EF79EF79EF79EF7D9
:10BFC0009EF79EF79EF79EF79EF79EF79EF79EF7C9
:10BFD0009EF79EF79EF79EF79EF79EF79EF79EF7B9
:10BFE0009EF79EF79EF79EF79EF79EF79EF79EF7A9
:10BFF0009EF79EF79EF79EF79EF79EF79EF79EF799
:10C000009EF79EF79EF79EF79EF79EF79EF79EF788
:10C010009EF79EF79EF79EF79EF79EF79EF79EF778
:10C02000BEF7FFFF0000000000000000000000005D
:10C030000000000000000000000000000000000000
:10C0400000000000000000000000000000000000F0
:10C0500000000000000000000000000000000000E0
:10C0600000000000000000000000000000000000D0
:10C0700000000000000000000000000000000000C0
:10C0800000000000FFFF9EF79EF79EF79EF79EF7C9
:10C090009EF79EF79EF79EF79EF79EF79EF79EF7F8
:10C0A0009EF79EF79EF79EF79EF79EF79EF79EF7E8
:10C0B0009EF79EF79EF79EF79EF79EF79EF79EF7D8
:10C0C0009EF79EF79EF79EF79EF79EF79EF79EF7C8
:10C0D0009EF79EF79EF79EF79EF79EF79EF79EF7B8
:10C0E0009EF79EF79EF79EF79EF79EF79EF79EF7A8
:10C0F0009EF79EF79EF79EF79EF79EF79EF79EF798
:10C100009EF79EF79EF79EF79EF79EF79EF79EF787
:10C110009EF79EF79EF79EF79EF79EF79EF79EF777
:10C120009EF79EF79EF79EF79EF79EF79EF79EF767
:10C130009EF79EF79EF79EF79EF79EF79EF79EF757
:10C140009EF79EF79EF79EF79EF79EF79EF79EF747
:10C150009EF79EF79EF79EF79EF79EF79EF79EF737
:10C160009EF79EF79EF79EF79EF79EF79EF79EF727
:10C170009EF79EF79EF79EF79EF79EF79EF79EF717
:10C180009EF79EF79EF79EF79EF79EF79EF79EF707
:10C190009EF79EF79EF79EF79EF79EF79EF79EF7F7
:10C1A0009EF79EF79EF79EF79EF79EF79EF79EF7E7
:10C1B0009EF79EF79EF79EF79EF79EF79EF79EF7D7
:10C1C0009EF79EF79EF79EF79EF79EF79EF79EF7C7
:10C1D0009EF79EF79EF79EF79EF79EF79EF79EF7B7
:10C1E0009EF79EF79EF79EF79EF79EF79EF79EF7A7
:10C1F0009EF79EF79EF79EF79EF79EF79EF79EF797
:10C200009EF7BEF7000000000000000000000000E4
:10C21000000000000000000000000000000000001E
:10C22000000000000000000000000000000000000E
:10C2300000000000000000000000000000000000FE
:10C2400000000000000000000000000000000000EE
:10C2500000000000000000000000000000000000DE
:10C2600000000000BEF79EF79EF79EF79EF79EF730
:10C270009EF79EF79EF79EF79EF79EF79EF79EF716
:10C280009EF79EF79EF79EF79EF79EF79EF79EF706
:10C290009EF79EF79EF79EF79EF79EF79EF79EF7F6
:10C2A0009EF79EF79EF79EF79EF79EF79EF79EF7E6
:10C2B0009EF79EF79EF79EF79EF79EF79EF79EF7D6
:10C2C0009EF79EF79EF79EF79EF79EF79EF79EF7C6
:10C2D0009EF79EF79EF79EF79EF79EF79EF79EF7B6
:10C2E0009EF79EF79EF79EF79EF79EF79EF79EF7A6
:10C2F0009EF79EF79EF79EF79EF79EF79EF79EF796
:10C300009EF79EF79EF79EF79EF79EF79EF79EF785
:10C310009EF79EF79EF79EF79EF79EF79EF79EF775
:10C320009EF79EF79EF79EF79EF79EF79EF79EF765
:10C330009EF79EF79EF79EF79EF79EF79EF79EF755
:10C340009EF79EF79EF79EF79EF79EF79EF79EF745
:10C350009EF79EF79EF79EF79EF79EF79EF79EF735
:10C360009EF79EF79EF79EF79EF79EF79EF79EF725
:10C370009EF79EF79EF79EF79EF79EF79EF79EF715
:10C380009EF79EF79EF79EF79EF79EF79EF79EF705
:10C390009EF79EF79EF79EF79EF79EF79EF79EF7F5
:10C3A0009EF79EF79EF79EF79EF79EF79EF79EF7E5
:10C3B0009EF79EF79EF79EF79EF79EF79EF79EF7D5
:10C3C0009EF79EF79EF79EF79EF79EF79EF79EF7C5
:10C3D0009EF79EF79EF79EF79EF79EF79EF79EF7B5
:10C3E0009EF79EF7FFFF0000000000000000000025
:10C3F000000000000000000000000000000000003D
:10C40000000000000000000000000000000000002C
:10C41000000000000000000000000000000000001C
:10C42000000000000000000000000000000000000C
:10C4300000000000000000000000000000000000FC
:10C440000000BEF79EF79EF79EF79EF79EF79EF7B9
:10C450009EF79EF79EF79EF79EF79EF79EF79EF734
:10C460009EF79EF79EF79EF79EF79EF79EF79EF724
:10C470009EF79EF79EF79EF79EF79EF79EF79EF714
:10C480009EF79EF79EF79EF79EF79EF79EF79EF704
:10C490009EF79EF79EF79EF79EF79EF79EF79EF7F4
:10C4A0009EF79EF79EF79EF79EF79EF79EF79EF7E4
:10C4B0009EF79EF79EF79EF79EF79EF79EF79EF7D4
:10C4C0009EF79EF79EF79EF79EF79EF79EF79EF7C4
:10C4D0009EF79EF79EF79EF79EF79EF79EF79EF7B4
:10C4E0009EF79EF79EF79EF79EF79EF79EF79EF7A4
:10C4F0009EF79EF79EF79EF79EF79EF79EF79EF794
:10C500009EF79EF79EF79EF79EF79EF79EF79EF783
:10C510009EF79EF79EF79EF79EF79EF79EF79EF773
:10C520009EF79EF79EF79EF79EF79EF79EF79EF763
:10C530009EF79EF79EF79EF79EF79EF79EF79EF753
:10C540009EF79EF79EF79EF79EF79EF79EF79EF743
:10C550009EF79EF79EF79EF79EF79EF79EF79EF733
:10C560009EF79EF79EF79EF79EF79EF79EF79EF723
:10C570009EF79EF79EF79EF79EF79EF79EF79EF713
:10C580009EF79EF79EF79EF79EF79EF79EF79EF703
:10C590009EF79EF79EF79EF79EF79EF79EF79EF7F3
:10C5A0009EF79EF79EF79EF79EF79EF79EF79EF7E3
:10C5B0009EF79EF79EF79EF79EF79EF79EF79EF7D3
:10C5C0009EF79EF7BEF7000000000000000000008C
:10C5D000000000000000000000000000000000005B
:10C5E000000000000000000000000000000000004B
:10C5F000000000000000000000000000000000003B
:10C60000000000000000000000000000000000002A
:10C61000000000000000000000000000000000001A
:10C62000FFFFBEF79EF79EF79EF79EF79EF79EF7D9
:10C630009EF79EF79EF79EF79EF79EF79EF79EF752
:10C640009EF79EF79EF79EF79EF79EF79EF79EF742
:10C650009EF79EF79EF79EF79EF79EF79EF79EF732
:10C660009EF79EF79EF79EF79EF79EF79EF79EF722
:10C670009EF79EF79EF79EF79EF79EF79EF79EF712
:10C680009EF79EF79EF79EF79EF79EF79EF79EF702
:10C690009EF79EF79EF79EF79EF79EF79EF79EF7F2
:10C6A0009EF79EF79EF79EF79EF79EF79EF79EF7E2
:10C6B0009EF79EF79EF79EF79EF79EF79EF79EF7D2
:10C6C0009EF79EF79EF79EF79EF79EF79EF79EF7C2
:10C6D0009EF79EF79EF79EF79EF79EF79EF79EF7B2
:10C6E0009EF79EF79EF79EF79EF79EF79EF79EF7A2
:10C6F0009EF79EF79EF79EF79EF79EF79EF79EF792
:10C700009EF79EF79EF79EF79EF79EF79EF79EF781
:10C710009EF79EF79EF79EF79EF79EF79EF79EF771
:10C720009EF79EF79EF79EF79EF79EF79EF79EF761
:10C730009EF79EF79EF79EF79EF79EF79EF79EF751
:10C740009EF79EF79EF79EF79EF79EF79EF79EF741
:10C750009EF79EF79EF79EF79EF79EF79EF79EF731
:10C760009EF79EF79EF79EF79EF79EF79EF79EF721
:10C770009EF79EF79EF79EF79EF79EF79EF79EF711
:10C780009EF79EF79EF79EF79EF79EF79EF79EF701
:10C790009EF79EF79EF79EF79EF79EF79EF79EF7F1
:10C7A0009EF79EF7BEF7BEF70000000000000000F5
:10C7B0000000000000000000000000000000000079
:10C7C0000000000000000000000000000000000069
:10C7D0000000000000000000000000000000000059
:10C7E0000000000000000000000000000000000049
:10C7F0000000000000000000000000000000000039
:10C80000BEF79EF79EF79EF79EF79EF79EF79EF760
:10C810009EF79EF79EF79EF79EF79EF79EF79EF770
:10C820009EF79EF79EF79EF79EF79EF79EF79EF760
:10C830009EF79EF79EF79EF79EF79EF79EF79EF750
:10C840009EF79EF79EF79EF79EF79EF79EF79EF740
:10C850009EF79EF79EF79EF79EF79EF79EF79EF730
:10C860009EF79EF79EF79EF79EF79EF79EF79EF720
:10C870009EF79EF79EF79EF79EF79EF79EF79EF710
:10C880009EF79EF79EF79EF79EF79EF79EF79EF700
:10C890009EF79EF79EF79EF79EF79EF79EF79EF7F0
:10C8A0009EF79EF79EF79EF79EF79EF79EF79EF7E0
:10C8B0009EF79EF79EF79EF79EF79EF79EF79EF7D0
:10C8C0009EF79EF79EF79EF79EF79EF79EF79EF7C0
:10C8D0009EF79EF79EF79EF79EF79EF79EF79EF7B0
:10C8E0009EF79EF79EF79EF79EF79EF79EF79EF7A0
:10C8F0009EF79EF79EF79EF79EF79EF79EF79EF790
:10C900009EF79EF79EF79EF79EF79EF79EF79EF77F
:10C910009EF79EF79EF79EF79EF79EF79EF79EF76F
:10C920009EF79EF79EF79EF79EF79EF79EF79EF75F
:10C930009EF79EF79EF79EF79EF79EF79EF79EF74F
:10C940009EF79EF79EF79EF79EF79EF79EF79EF73F
:10C950009EF79EF79EF79EF79EF79EF79EF79EF72F
:10C960009EF79EF79EF79EF79EF79EF79EF79EF71F
:10C970009EF79EF79EF79EF79EF79EF79EF79EF70F
:10C980009EF79EF79EF79EF7FFFF00000000000055
:10C990000000000000000000000000000000000097
:10C9A0000000000000000000000000000000000087
:10C9B0000000000000000000000000000000000077
:10C9C0000000000000000000000000000000000067
:10C9D0000000000000000000000000000000FFFF59
:10C9E0009EF79EF79EF79EF79EF79EF79EF79EF79F
:10C9F0009EF79EF79EF79EF79EF79EF79EF79EF78F
:10CA00009EF79EF79EF79EF79EF79EF79EF79EF77E
:10CA10009EF79EF79EF79EF79EF79EF79EF79EF76E
:10CA20009EF79EF79EF79EF79EF79EF79EF79EF75E
:10CA30009EF79EF79EF79EF79EF79EF79EF79EF74E
:10CA40009EF79EF79EF79EF79EF79EF79EF79EF73E
:10CA50009EF79EF79EF79EF79EF79EF79EF79EF72E
:10CA60009EF79EF79EF79EF79EF79EF79EF79EF71E
:10CA70009EF79EF79EF79EF79EF79EF79EF79EF70E
:10CA80009EF79EF79EF79EF79EF79EF79EF79EF7FE
:10CA90009EF79EF79EF79EF79EF79EF79EF79EF7EE
:10CAA0009EF79EF79EF79EF79EF79EF79EF79EF7DE
:10CAB0009EF79EF79EF79EF79EF79EF79EF79EF7CE
:10CAC0009EF79EF79EF79EF79EF79EF79EF79EF7BE
:10CAD0009EF79EF79EF79EF79EF79EF79EF79EF7AE
:10CAE0009EF79EF79EF79EF79EF79EF79EF79EF79E
:10CAF0009EF79EF79EF79EF79EF79EF79EF79EF78E
:10CB00009EF79EF79EF79EF79EF79EF79EF79EF77D
:10CB10009EF79EF79EF79EF79EF79EF79EF79EF76D
:10CB20009EF79EF79EF79EF79EF79EF79EF79EF75D
:10CB30009EF79EF79EF79EF79EF79EF79EF79EF74D
:10CB40009EF79EF79EF79EF79EF79EF79EF79EF73D
:10CB50009EF79EF79EF79EF79EF79EF79EF79EF72D
:10CB60009EF79EF79EF79EF7BEF7000000000000BC
:10CB700000000000000000000000000000000000B5
:10CB800000000000000000000000000000000000A5
:10CB90000000000000000000000000000000000095
:10CBA0000000000000000000000000000000000085
:10CBB0000000000000000000000000000000BEF7C0
:10CBC0009EF79EF79EF79EF79EF79EF79EF79EF7BD
:10CBD0009EF79EF79EF79EF79EF79EF79EF79EF7AD
:10CBE0009EF79EF79EF79EF79EF79EF79EF79EF79D
:10CBF0009EF79EF79EF79EF79EF79EF79EF79EF78D
:10CC00009EF79EF79EF79EF79EF79EF79EF79EF77C
:10CC10009EF79EF79EF79EF79EF79EF79EF79EF76C
:10CC20009EF79EF79EF79EF79EF79EF79EF79EF75C
:10CC30009EF79EF79EF79EF79EF79EF79EF79EF74C
:10CC40009EF79EF79EF79EF79EF79EF79EF79EF73C
:10CC50009EF79EF79EF79EF79EF79EF79EF79EF72C
:10CC60009EF79EF79EF79EF79EF79EF79EF79EF71C
:10CC70009EF79EF79EF79EF79EF79EF79EF79EF70C
:10CC80009EF79EF79EF79EF79EF79EF79EF79EF7FC
:10CC90009EF79EF79EF79EF79EF79EF79EF79EF7EC
:10CCA0009EF79EF79EF79EF79EF79EF79EF79EF7DC
:10CCB0009EF79EF79EF79EF79EF79EF79EF79EF7CC
:10CCC0009EF79EF79EF79EF79EF79EF79EF79EF7BC
:10CCD0009EF79EF79EF79EF79EF79EF79EF79EF7AC
:10CCE0009EF79EF79EF79EF79EF79EF79EF79EF79C
:10CCF0009EF79EF79EF79EF79EF79EF79EF79EF78C
:10CD00009EF79EF79EF79EF79EF79EF79EF79EF77B
:10CD10009EF79EF79EF79EF79EF79EF79EF79EF76B
:10CD20009EF79EF79EF79EF79EF79EF79EF79EF75B
:10CD30009EF79EF79EF79EF79EF79EF79EF79EF74B
:10CD40009EF79EF79EF79EF79EF7FFFF00000000FC
:10CD500000000000000000000000000000000000D3
:10CD600000000000000000000000000000000000C3
:10CD700000000000000000000000000000000000B3
:10CD800000000000000000000000000000000000A3
:10CD9000000000000000000000000000FFFF9EF700
:10CDA0009EF79EF79EF79EF79EF79EF79EF79EF7DB
:10CDB0009EF79EF79EF79EF79EF79EF79EF79EF7CB
:10CDC0009EF79EF79EF79EF79EF79EF79EF79EF7BB
:10CDD0009EF79EF79EF79EF79EF79EF79EF79EF7AB
:10CDE0009EF79EF79EF79EF79EF79EF79EF79EF79B
:10CDF0009EF79EF79EF79EF79EF79EF79EF79EF78B
:10CE00009EF79EF79EF79EF79EF79EF79EF79EF77A
:10CE10009EF79EF79EF79EF79EF79EF79EF79EF76A
:10CE20009EF79EF79EF79EF79EF79EF79EF79EF75A
:10CE30009EF79EF79EF79EF79EF79EF79EF79EF74A
:10CE40009EF79EF79EF79EF79EF79EF79EF79EF73A
:10CE50009EF79EF79EF79EF79EF79EF79EF79EF72A
:10CE60009EF79EF79EF79EF79EF79EF79EF79EF71A
:10CE70009EF79EF79EF79EF79EF79EF79EF79EF70A
:10CE80009EF79EF79EF79EF79EF79EF79EF79EF7FA
:10CE90009EF79EF79EF79EF79EF79EF79EF79EF7EA
:10CEA0009EF79EF79EF79EF79EF79EF79EF79EF7DA
:10CEB0009EF79EF79EF79EF79EF79EF79EF79EF7CA
:10CEC0009EF79EF79EF79EF79EF79EF79EF79EF7BA
:10CED0009EF79EF79EF79EF79EF79EF79EF79EF7AA
:10CEE0009EF79EF79EF79EF79EF79EF79EF79EF79A
:10CEF0009EF79EF79EF79EF79EF79EF79EF79EF78A
:10CF00009EF79EF79EF79EF79EF79EF79EF79EF779
:10CF10009EF79EF79EF79EF79EF79EF79EF79EF769
:10CF20009EF79EF79EF79EF79EF7BEF70000000063
:10CF300000000000000000000000000000000000F1
:10CF400000000000000000000000000000000000E1
:10CF500000000000000000000000000000000000D1
:10CF600000000000000000000000000000000000C1
:10CF7000000000000000000000000000BEF79EF767
:10CF80009EF79EF79EF79EF79EF79EF79EF79EF7F9
:10CF90009EF79EF79EF79EF79EF79EF79EF79EF7E9
:10CFA0009EF79EF79EF79EF79EF79EF79EF79EF7D9
:10CFB0009EF79EF79EF79EF79EF79EF79EF79EF7C9
:10CFC0009EF79EF79EF79EF79EF79EF79EF79EF7B9
:10CFD0009EF79EF79EF79EF79EF79EF79EF79EF7A9
:10CFE0009EF79EF79EF79EF79EF79EF79EF79EF799
:10CFF0009EF79EF79EF79EF79EF79EF79EF79EF789
:10D000009EF79EF79EF79EF79EF79EF79EF79EF778
:10D010009EF79EF79EF79EF79EF79EF79EF79EF768
:10D020009EF79EF79EF79EF79EF79EF79EF79EF758
:10D030009EF79EF79EF79EF79EF79EF79EF79EF748
:10D040009EF79EF79EF79EF79EF79EF79EF79EF738
:10D050009EF79EF79EF79EF79EF79EF79EF79EF728
:10D060009EF79EF79EF79EF79EF79EF79EF79EF718
:10D070009EF79EF79EF79EF79EF79EF79EF79EF708
:10D080009EF79EF79EF79EF79EF79EF79EF79EF7F8
:10D090009EF79EF79EF79EF79EF79EF79EF79EF7E8
:10D0A0009EF79EF79EF79EF79EF79EF79EF79EF7D8
:10D0B0009EF79EF79EF79EF79EF79EF79EF79EF7C8
:10D0C0009EF79EF79EF79EF79EF79EF79EF79EF7B8
:10D0D0009EF79EF79EF79EF79EF79EF79EF79EF7A8
:10D0E0009EF79EF79EF79EF79EF79EF79EF79EF798
:10D0F0009EF79EF79EF79EF79EF79EF79EF79EF788
:10D100009EF79EF79EF79EF79EF79EF7FFFF0000A3
:10D11000000000000000000000000000000000000F
:10D1200000000000000000000000000000000000FF
:10D1300000000000000000000000000000000000EF
:10D1400000000000000000000000000000000000DF
:10D1500000000000000000000000FFFF9EF79EF7A7
:10D160009EF79EF79EF79EF79EF79EF79EF79EF717
:10D170009EF79EF79EF79EF79EF79EF79EF79EF707
:10D180009EF79EF79EF79EF79EF79EF79EF79EF7F7
:10D190009EF79EF79EF79EF79EF79EF79EF79EF7E7
:10D1A0009EF79EF79EF79EF79EF79EF79EF79EF7D7
:10D1B0009EF79EF79EF79EF79EF79EF79EF79EF7C7
:10D1C0009EF79EF79EF79EF79EF79EF79EF79EF7B7
:10D1D0009EF79EF79EF79EF79EF79EF79EF79EF7A7
:10D1E0009EF79EF79EF79EF79EF79EF79EF79EF797
:10D1F0009EF79EF79EF79EF79EF79EF79EF79EF787
:10D200009EF79EF79EF79EF79EF79EF79EF79EF776
:10D210009EF79EF79EF79EF79EF79EF79EF79EF766
:10D220009EF79EF79EF79EF79EF79EF79EF79EF756
:10D230009EF79EF79EF79EF79EF79EF79EF79EF746
:10D240009EF79EF79EF79EF79EF79EF79EF79EF736
:10D250009EF79EF79EF79EF79EF79EF79EF79EF726
:10D260009EF79EF79EF79EF79EF79EF79EF79EF716
:10D270009EF79EF79EF79EF79EF79EF79EF79EF706
:10D280009EF79EF79EF79EF79EF79EF79EF79EF7F6
:10D290009EF79EF79EF79EF79EF79EF79EF79EF7E6
:10D2A0009EF79EF79EF79EF79EF79EF79EF79EF7D6
:10D2B0009EF79EF79EF79EF79EF79EF79EF79EF7C6
:10D2C0009EF79EF79EF79EF79EF79EF79EF79EF7B6
:10D2D0009EF79EF79EF79EF79EF79EF79EF79EF7A6
:10D2E0009EF79EF79EF79EF79EF79EF7BEF700000B
:10D2F000000000000000000000000000000000002E
:10D30000000000000000000000000000000000001D
:10D31000000000000000000000000000000000000D
:10D3200000000000000000000000000000000000FD
:10D3300000000000000000000000BEF79EF79EF70E
:10D340009EF79EF79EF79EF79EF79EF79EF79EF735
:10D350009EF79EF79EF79EF79EF79EF79EF79EF725
:10D360009EF79EF79EF79EF79EF79EF79EF79EF715
:10D370009EF79EF79EF79EF79EF79EF79EF79EF705
:10D380009EF79EF79EF79EF79EF79EF79EF79EF7F5
:10D390009EF79EF79EF79EF79EF79EF79EF79EF7E5
:10D3A0009EF79EF79EF79EF79EF79EF79EF79EF7D5
:10D3B0009EF79EF79EF79EF79EF79EF79EF79EF7C5
:10D3C0009EF79EF79EF79EF79EF79EF79EF79EF7B5
:10D3D0009EF79EF79EF79EF79EF79EF79EF79EF7A5
:10D3E0009EF79EF79EF79EF79EF79EF79EF79EF795
:10D3F0009EF79EF79EF79EF79EF79EF79EF79EF785
:10D400009EF79EF79EF79EF79EF79EF79EF79EF774
:10D410009EF79EF79EF79EF79EF79EF79EF79EF764
:10D420009EF79EF79EF79EF79EF79EF79EF79EF754
:10D430009EF79EF79EF79EF79EF79EF79EF79EF744
:10D440009EF79EF79EF79EF79EF79EF79EF79EF734
:10D450009EF79EF79EF79EF79EF79EF79EF79EF724
:10D460009EF79EF79EF79EF79EF79EF79EF79EF714
:10D470009EF79EF79EF79EF79EF79EF79EF79EF704
:10D480009EF79EF79EF79EF79EF79EF79EF79EF7F4
:10D490009EF79EF79EF79EF79EF79EF79EF79EF7E4
:10D4A0009EF79EF79EF79EF79EF79EF79EF79EF7D4
:10D4B0009EF79EF79EF79EF79EF79EF79EF79EF7C4
:10D4C0009EF79EF79EF79EF79EF79EF79EF7FFFF4B
:10D4D000000000000000000000000000000000004C
:10D4E000000000000000000000000000000000003C
:10D4F000000000000000000000000000000000002C
:10D50000000000000000000000000000000000001B
:10D510000000000000000000FFFF9EF79EF79EF74E
:10D520009EF79EF79EF79EF79EF79EF79EF79EF753
:10D530009EF79EF79EF79EF79EF79EF79EF79EF743
:10D540009EF79EF79EF79EF79EF79EF79EF79EF733
:10D550009EF79EF79EF79EF79EF79EF79EF79EF723
:10D560009EF79EF79EF79EF79EF79EF79EF79EF713
:10D570009EF79EF79EF79EF79EF79EF79EF79EF703
:10D580009EF79EF79EF79EF79EF79EF79EF79EF7F3
:10D590009EF79EF79EF79EF79EF79EF79EF79EF7E3
:10D5A0009EF79EF79EF79EF79EF79EF79EF79EF7D3
:10D5B0009EF79EF79EF79EF79EF79EF79EF79EF7C3
:10D5C0009EF79EF79EF79EF79EF79EF79EF79EF7B3
:10D5D0009EF79EF79EF79EF79EF79EF79EF79EF7A3
:10D5E0009EF79EF79EF79EF79EF79EF79EF79EF793
:10D5F0009EF79EF79EF79EF79EF79EF79EF79EF783
:10D600009EF79EF79EF79EF79EF79EF79EF79EF772
:10D610009EF79EF79EF79EF79EF79EF79EF79EF762
:10D620009EF79EF79EF79EF79EF79EF79EF79EF752
:10D630009EF79EF79EF79EF79EF79EF79EF79EF742
:10D640009EF79EF79EF79EF79EF79EF79EF79EF732
:10D650009EF79EF79EF79EF79EF79EF79EF79EF722
:10D660009EF79EF79EF79EF79EF79EF79EF79EF712
:10D670009EF79EF79EF79EF79EF79EF79EF79EF702
:10D680009EF79EF79EF79EF79EF79EF79EF79EF7F2
:10D690009EF79EF79EF79EF79EF79EF79EF79EF7E2
:10D6A0009EF79EF79EF79EF79EF79EF79EF7BFF7B1
:10D6B000000000000000000000000000000000006A
:10D6C000000000000000000000000000000000005A
:10D6D000000000000000000000000000000000004A
:10D6E000000000000000000000000000000000003A
:10D6F0000000000000000000BEF79EF79EF79EF7B6
:10D700009EF79EF79EF79EF79EF79EF79EF79EF771
:10D710009EF79EF79EF79EF79EF79EF79EF79EF761
:10D720009EF79EF79EF79EF79EF79EF79EF79EF751
:10D730009EF79EF79EF79EF79EF79EF79EF79EF741
:10D740009EF79EF79EF79EF79EF79EF79EF79EF731
:10D750009EF79EF79EF79EF79EF79EF79EF79EF721
:10D760009EF79EF79EF79EF79EF79EF79EF79EF711
:10D770009EF79EF79EF79EF79EF79EF79EF79EF701
:10D780009EF79EF79EF79EF79EF79EF79EF79EF7F1
:10D790009EF79EF79EF79EF79EF79EF79EF79EF7E1
:10D7A0009EF79EF79EF79EF79EF79EF79EF79EF7D1
:10D7B0009EF79EF79EF79EF79EF79EF79EF79EF7C1
:10D7C0009EF79EF79EF79EF79EF79EF79EF79EF7B1
:10D7D0009EF79EF79EF79EF79EF79EF79EF79EF7A1
:10D7E0009EF79EF79EF79EF79EF79EF79EF79EF791
:10D7F0009EF79EF79EF79EF79EF79EF79EF79EF781
:10D800009EF79EF79EF79EF79EF79EF79EF79EF770
:10D810009EF79EF79EF79EF79EF79EF79EF79EF760
:10D820009EF79EF79EF79EF79EF79EF79EF79EF750
:10D830009EF79EF79EF79EF79EF79EF79EF79EF740
:10D840009EF79EF79EF79EF79EF79EF79EF79EF730
:10D850009EF79EF79EF79EF79EF79EF79EF79EF720
:10D860009EF79EF79EF79EF79EF79EF79EF79EF710
:10D870009EF79EF79EF79EF79EF79EF79EF79EF700
:10D880009EF79EF79EF79EF79EF79EF79EF7BEF7D0
:10D89000FFFF00000000000000000000000000008A
:10D8A0000000000000000000000000000000000078
:10D8B0000000000000000000000000000000000068
:10D8C0000000000000000000000000000000000058
:10D8D000000000000000FFFF9EF79EF79EF79EF7F6
:10D8E0009EF79EF79EF79EF79EF79EF79EF79EF790
:10D8F0009EF79EF79EF79EF79EF79EF79EF79EF780
:10D900009EF79EF79EF79EF79EF79EF79EF79EF76F
:10D910009EF79EF79EF79EF79EF79EF79EF79EF75F
:10D920009EF79EF79EF79EF79EF79EF79EF79EF74F
:10D930009EF79EF79EF79EF79EF79EF79EF79EF73F
:10D940009EF79EF79EF79EF79EF79EF79EF79EF72F
:10D950009EF79EF79EF79EF79EF79EF79EF79EF71F
:10D960009EF79EF79EF79EF79EF79EF79EF79EF70F
:10D970009EF79EF79EF79EF79EF79EF79EF79EF7FF
:10D980009EF79EF79EF79EF79EF79EF79EF79EF7EF
:10D990009EF79EF79EF79EF79EF79EF79EF79EF7DF
:10D9A0009EF79EF79EF79EF79EF79EF79EF79EF7CF
:10D9B0009EF79EF79EF79EF79EF79EF79EF79EF7BF
:10D9C0009EF79EF79EF79EF79EF79EF79EF79EF7AF
:10D9D0009EF79EF79EF79EF79EF79EF79EF79EF79F
:10D9E0009EF79EF79EF79EF79EF79EF79EF79EF78F
:10D9F0009EF79EF79EF79EF79EF79EF79EF79EF77F
:10DA00009EF79EF79EF79EF79EF79EF79EF79EF76E
:10DA10009EF79EF79EF79EF79EF79EF79EF79EF75E
:10DA20009EF79EF79EF79EF79EF79EF79EF79EF74E
:10DA30009EF79EF79EF79EF79EF79EF79EF79EF73E
:10DA40009EF79EF79EF79EF79EF79EF79EF79EF72E
:10DA50009EF79EF79EF79EF79EF79EF79EF79EF71E
:10DA60009EF79EF79EF79EF79EF79EF79EF79EF70E
:10DA7000BEF70000000000000000000000000000F1
:10DA80000000000000000000000000000000000096
:10DA90000000000000000000000000000000000086
:10DAA0000000000000000000000000000000000076
:10DAB000000000000000BEF79EF79EF79EF79EF75D
:10DAC0009EF79EF79EF79EF79EF79EF79EF79EF7AE
:10DAD0009EF79EF79EF79EF79EF79EF79EF79EF79E
:10DAE0009EF79EF79EF79EF79EF79EF79EF79EF78E
:10DAF0009EF79EF79EF79EF79EF79EF79EF79EF77E
:10DB00009EF79EF79EF79EF79EF79EF79EF79EF76D
:10DB10009EF79EF79EF79EF79EF79EF79EF79EF75D
:10DB20009EF79EF79EF79EF79EF79EF79EF79EF74D
:10DB30009EF79EF79EF79EF79EF79EF79EF79EF73D
:10DB40009EF79EF79EF79EF79EF79EF79EF79EF72D
:10DB50009EF79EF79EF79EF79EF79EF79EF79EF71D
:10DB60009EF79EF79EF79EF79EF79EF79EF79EF70D
:10DB70009EF79EF79EF79EF79EF79EF79EF79EF7FD
:10DB80009EF79EF79EF79EF79EF79EF79EF79EF7ED
:10DB90009EF79EF79EF79EF79EF79EF79EF79EF7DD
:10DBA0009EF79EF79EF79EF79EF79EF79EF79EF7CD
:10DBB0009EF79EF79EF79EF79EF79EF79EF79EF7BD
:10DBC0009EF79EF79EF79EF79EF79EF79EF79EF7AD
:10DBD0009EF79EF79EF79EF79EF79EF79EF79EF79D
:10DBE0009EF79EF79EF79EF79EF79EF79EF79EF78D
:10DBF0009EF79EF79EF79EF79EF79EF79EF79EF77D
:10DC00009EF79EF79EF79EF79EF79EF79EF79EF76C
:10DC10009EF79EF79EF79EF79EF79EF79EF79EF75C
:10DC20009EF79EF79EF79EF79EF79EF79EF79EF74C
:10DC30009EF79EF79EF79EF79EF79EF79EF79EF73C
:10DC40009EF79EF79EF79EF79EF79EF79EF79EF72C
:10DC5000BEF7FFFF00000000000000000000000011
:10DC600000000000000000000000000000000000B4
:10DC700000000000000000000000000000000000A4
:10DC80000000000000000000000000000000000094
:10DC900000000000FFFF9EF79EF79EF79EF79EF79D
:10DCA0009EF79EF79EF79EF79EF79EF79EF79EF7CC
:10DCB0009EF79EF79EF79EF79EF79EF79EF79EF7BC
:10DCC0009EF79EF79EF79EF79EF79EF79EF79EF7AC
:10DCD0009EF79EF79EF79EF79EF79EF79EF79EF79C
:10DCE0009EF79EF79EF79EF79EF79EF79EF79EF78C
:10DCF0009EF79EF79EF79EF79EF79EF79EF79EF77C
:10DD00009EF79EF79EF79EF79EF79EF79EF79EF76B
:10DD10009EF79EF79EF79EF79EF79EF79EF79EF75B
:10DD20009EF79EF79EF79EF79EF79EF79EF79EF74B
:10DD30009EF79EF79EF79EF79EF79EF79EF79EF73B
:10DD40009EF79EF79EF79EF79EF79EF79EF79EF72B
:10DD50009EF79EF79EF79EF79EF79EF79EF79EF71B
:10DD60009EF79EF79EF79EF79EF79EF79EF79EF70B
:10DD70009EF79EF79EF79EF79EF79EF79EF79EF7FB
:10DD80009EF79EF79EF79EF79EF79EF79EF79EF7EB
:10DD90009EF79EF79EF79EF79EF79EF79EF79EF7DB
:10DDA0009EF79EF79EF79EF79EF79EF79EF79EF7CB
:10DDB0009EF79EF79EF79EF79EF79EF79EF79EF7BB
:10DDC0009EF79EF79EF79EF79EF79EF79EF79EF7AB
:10DDD0009EF79EF79EF79EF79EF79EF79EF79EF79B
:10DDE0009EF79EF79EF79EF79EF79EF79EF79EF78B
:10DDF0009EF79EF79EF79EF79EF79EF79EF79EF77B
:10DE00009EF79EF79EF79EF79EF79EF79EF79EF76A
:10DE10009EF79EF79EF79EF79EF79EF79EF79EF75A
:10DE20009EF79EF79EF79EF79EF79EF79EF79EF74A
:10DE30009EF79FF7000000000000000000000000B7
:10DE400000000000000000000000000000000000D2
:10DE500000000000000000000000000000000000C2
:10DE600000000000000000000000000000000000B2
:10DE700000000000BEF79EF79EF79EF79EF79EF704
:10DE80009EF79EF79EF79EF79EF79EF79EF79EF7EA
:10DE90009EF79EF79EF79EF79EF79EF79EF79EF7DA
:10DEA0009EF79EF79EF79EF79EF79EF79EF79EF7CA
:10DEB0009EF79EF79EF79EF79EF79EF79EF79EF7BA
:10DEC0009EF79EF79EF79EF79EF79EF79EF79EF7AA
:10DED0009EF79EF79EF79EF79EF79EF79EF79EF79A
:10DEE0009EF79EF79EF79EF79EF79EF79EF79EF78A
:10DEF0009EF79EF79EF79EF79EF79EF79EF79EF77A
:10DF00009EF79EF79EF79EF79EF79EF79EF79EF769
:10DF10009EF79EF79EF79EF79EF79EF79EF79EF759
:10DF20009EF79EF79EF79EF79EF79EF79EF79EF749
:10DF30009EF79EF79EF79EF79EF79EF79EF79EF739
:10DF40009EF79EF79EF79EF79EF79EF79EF79EF729
:10DF50009EF79EF79EF79EF79EF79EF79EF79EF719
:10DF60009EF79EF79EF79EF79EF79EF79EF79EF709
:10DF70009EF79EF79EF79EF79EF79EF79EF79EF7F9
:10DF80009EF79EF79EF79EF79EF79EF79EF79EF7E9
:10DF90009EF79EF79EF79EF79EF79EF79EF79EF7D9
:10DFA0009EF79EF79EF79EF79EF79EF79EF79EF7C9
:10DFB0009EF79EF79EF79EF79EF79EF79EF79EF7B9
:10DFC0009EF79EF79EF79EF79EF79EF79EF79EF7A9
:10DFD0009EF79EF79EF79EF79EF79EF79EF79EF799
:10DFE0009EF79EF79EF79EF79EF79EF79EF79EF789
:10DFF0009EF79EF79EF79EF79EF79EF79EF79EF779
:10E000009EF79EF79EF79EF79EF79EF79EF79EF768
:10E010009EF7BEF7000000000000000000000000B6
:10E0200000000000000000000000000000000000F0
:10E0300000000000000000000000000000000000E0
:10E0400000000000000000000000000000000000D0
:10E0500000000000BEF79EF79EF79EF79EF79EF722
:10E060009EF79EF79EF79EF79EF79EF79EF79EF708
:10E070009EF79EF79EF79EF79EF79EF79EF79EF7F8
:10E080009EF79EF79EF79EF79EF79EF79EF79EF7E8
:10E090009EF79EF79EF79EF79EF79EF79EF79EF7D8
:10E0A0009EF79EF79EF79EF79EF79EF79EF79EF7C8
:10E0B0009EF79EF79EF79EF79EF79EF79EF79EF7B8
:10E0C0009EF79EF79EF79EF79EF79EF79EF79EF7A8
:10E0D0009EF79EF79EF79EF79EF79EF79EF79EF798
:10E0E0009EF79EF79EF79EF79EF79EF79EF79EF788
:10E0F0009EF79EF79EF79EF79EF79EF79EF79EF778
:10E100009EF79EF79EF79EF79EF79EF79EF79EF767
:10E110009EF79EF79EF79EF79EF79EF79EF79EF757
:10E120009EF79EF79EF79EF79EF79EF79EF79EF747
:10E130009EF79EF79EF79EF79EF79EF79EF79EF737
:10E140009EF79EF79EF79EF79EF79EF79EF79EF727
:10E150009EF79EF79EF79EF79EF79EF79EF79EF717
:10E160009EF79EF79EF79EF79EF79EF79EF79EF707
:10E170009EF79EF79EF79EF79EF79EF79EF79EF7F7
:10E180009EF79EF79EF79EF79EF79EF79EF79EF7E7
:10E190009EF79EF79EF79EF79EF79EF79EF79EF7D7
:10E1A0009EF79EF79EF79EF79EF79EF79EF79EF7C7
:10E1B0009EF79EF79EF79EF79EF79EF79EF79EF7B7
:10E1C0009EF79EF79EF79EF79EF79EF79EF79EF7A7
:10E1D0009EF79EF79EF79EF79EF79EF79EF79EF797
:10E1E0009EF79EF79EF79EF79EF79EF79EF79EF787
:10E1F0009EF79EF7FFFF00000000000000000000F7
:10E20000000000000000000000000000000000000E
:10E2100000000000000000000000000000000000FE
:10E2200000000000000000000000000000000000EE
:10E230000000FFFF9EF79EF79EF79EF79EF79EF762
:10E240009EF79EF79EF79EF79EF79EF79EF79EF726
:10E250009EF79EF79EF79EF79EF79EF79EF79EF716
:10E260009EF79EF79EF79EF79EF79EF79EF79EF706
:10E270009EF79EF79EF79EF79EF79EF79EF79EF7F6
:10E280009EF79EF79EF79EF79EF79EF79EF79EF7E6
:10E290009EF79EF79EF79EF79EF79EF79EF79EF7D6
:10E2A0009EF79EF79EF79EF79EF79EF79EF79EF7C6
:10E2B0009EF79EF79EF79EF79EF79EF79EF79EF7B6
:10E2C0009EF79EF79EF79EF79EF79EF79EF79EF7A6
:10E2D0009EF79EF79EF79EF79EF79EF79EF79EF796
:10E2E0009EF79EF79EF79EF79EF79EF79EF79EF786
:10E2F0009EF79EF79EF79EF79EF79EF79EF79EF776
:10E300009EF79EF79EF79EF79EF79EF79EF79EF765
:10E310009EF79EF79EF79EF79EF79EF79EF79EF755
:10E320009EF79EF79EF79EF79EF79EF79EF79EF745
:10E330009EF79EF79EF79EF79EF79EF79EF79EF735
:10E340009EF79EF79EF79EF79EF79EF79EF79EF725
:10E350009EF79EF79EF79EF79EF79EF79EF79EF715
:10E360009EF79EF79EF79EF79EF79EF79EF79EF705
:10E370009EF79EF79EF79EF79EF79EF79EF79EF7F5
:10E380009EF79EF79EF79EF79EF79EF79EF79EF7E5
:10E390009EF79EF79EF79EF79EF79EF79EF79EF7D5
:10E3A0009EF79EF79EF79EF79EF79EF79EF79EF7C5
:10E3B0009EF79EF79EF79EF79EF79EF79EF79EF7B5
:10E3C0009EF79EF79EF79EF79EF79EF79EF79EF7A5
:10E3D0009EF79EF7BEF7000000000000000000005E
:10E3E000000000000000000000000000000000002D
:10E3F000000000000000000000000000000000001D
:10E40000000000000000000000000000000000000C
:10E410000000BEF79EF79EF79EF79EF79EF79EF7C9
:10E420009EF79EF79EF79EF79EF79EF79EF79EF744
:10E430009EF79EF79EF79EF79EF79EF79EF79EF734
:10E440009EF79EF79EF79EF79EF79EF79EF79EF724
:10E450009EF79EF79EF79EF79EF79EF79EF79EF714
:10E460009EF79EF79EF79EF79EF79EF79EF79EF704
:10E470009EF79EF79EF79EF79EF79EF79EF79EF7F4
:10E480009EF79EF79EF79EF79EF79EF79EF79EF7E4
:10E490009EF79EF79EF79EF79EF79EF79EF79EF7D4
:10E4A0009EF79EF79EF79EF79EF79EF79EF79EF7C4
:10E4B0009EF79EF79EF79EF79EF79EF79EF79EF7B4
:10E4C0009EF79EF79EF79EF79EF79EF79EF79EF7A4
:10E4D0009EF79EF79EF79EF79EF79EF79EF79EF794
:10E4E0009EF79EF79EF79EF79EF79EF79EF79EF784
:10E4F0009EF79EF79EF79EF79EF79EF79EF79EF774
:10E500009EF79EF79EF79EF79EF79EF79EF79EF763
:10E510009EF79EF79EF79EF79EF79EF79EF79EF753
:10E520009EF79EF79EF79EF79EF79EF79EF79EF743
:10E530009EF79EF79EF79EF79EF79EF79EF79EF733
:10E540009EF79EF79EF79EF79EF79EF79EF79EF723
:10E550009EF79EF79EF79EF79EF79EF79EF79EF713
:10E560009EF79EF79EF79EF79EF79EF79EF79EF703
:10E570009EF79EF79EF79EF79EF79EF79EF79EF7F3
:10E580009EF79EF79EF79EF79EF79EF79EF79EF7E3
:10E590009EF79EF79EF79EF79EF79EF79EF79EF7D3
:10E5A0009EF79EF79EF79EF79EF79EF79EF79EF7C3
:10E5B0009EF79EF79EF7FFFF00000000000000009E
:10E5C000000000000000000000000000000000004B
:10E5D000000000000000000000000000000000003B
:10E5E000000000000000000000000000000000002B
:10E5F00000009EF79EF79EF79EF79EF79EF79EF708
:10E600009EF79EF79EF79EF79EF79EF79EF79EF762
:10E610009EF79EF79EF79EF79EF79EF79EF79EF752
:10E620009EF79EF79EF79EF79EF79EF79EF79EF742
:10E630009EF79EF79EF79EF79EF79EF79EF79EF732
:10E640009EF79EF79EF79EF79EF79EF79EF79EF722
:10E650009EF79EF79EF79EF79EF79EF79EF79EF712
:10E660009EF79EF79EF79EF79EF79EF79EF79EF702
:10E670009EF79EF79EF79EF79EF79EF79EF79EF7F2
:10E680009EF79EF79EF79EF79EF79EF79EF79EF7E2
:10E690009EF79EF79EF79EF79EF79EF79EF79EF7D2
:10E6A0009EF79EF79EF79EF79EF79EF79EF79EF7C2
:10E6B0009EF79EF79EF79EF79EF79EF79EF79EF7B2
:10E6C0009EF79EF79EF79EF79EF79EF79EF79EF7A2
:10E6D0009EF79EF79EF79EF79EF79EF79EF79EF792
:10E6E0009EF79EF79EF79EF79EF79EF79EF79EF782
:10E6F0009EF79EF79EF79EF79EF79EF79EF79EF772
:10E700009EF79EF79EF79EF79EF79EF79EF79EF761
:10E710009EF79EF79EF79EF79EF79EF79EF79EF751
:10E720009EF79EF79EF79EF79EF79EF79EF79EF741
:10E730009EF79EF79EF79EF79EF79EF79EF79EF731
:10E740009EF79EF79EF79EF79EF79EF79EF79EF721
:10E750009EF79EF79EF79EF79EF79EF79EF79EF711
:10E760009EF79EF79EF79EF79EF79EF79EF79EF701
:10E770009EF79EF79EF79EF79EF79EF79EF79EF7F1
:10E780009EF79EF79EF79EF79EF79EF79EF79EF7E1
:10E790009EF79EF79EF7BEF7000000000000000005
:10E7A0000000000000000000000000000000000069
:10E7B0000000000000000000000000000000000059
:10E7C0000000000000000000000000000000000049
:10E7D000FFFF9EF79EF79EF79EF79EF79EF79EF728
:10E7E0009EF79EF79EF79EF79EF79EF79EF79EF781
:10E7F0009EF79EF79EF79EF79EF79EF79EF79EF771
:10E800009EF79EF79EF79EF79EF79EF79EF79EF760
:10E810009EF79EF79EF79EF79EF79EF79EF79EF750
:10E820009EF79EF79EF79EF79EF79EF79EF79EF740
:10E830009EF79EF79EF79EF79EF79EF79EF79EF730
:10E840009EF79EF79EF79EF79EF79EF79EF79EF720
:10E850009EF79EF79EF79EF79EF79EF79EF79EF710
:10E860009EF79EF79EF79EF79EF79EF79EF79EF700
:10E870009EF79EF79EF79EF79EF79EF79EF79EF7F0
:10E880009EF79EF79EF79EF79EF79EF79EF79EF7E0
:10E890009EF79EF79EF79EF79EF79EF79EF79EF7D0
:10E8A0009EF79EF79EF79EF79EF79EF79EF79EF7C0
:10E8B0009EF79EF79EF79EF79EF79EF79EF79EF7B0
:10E8C0009EF79EF79EF79EF79EF79EF79EF79EF7A0
:10E8D0009EF79EF79EF79EF79EF79EF79EF79EF790
:10E8E0009EF79EF79EF79EF79EF79EF79EF79EF780
:10E8F0009EF79EF79EF79EF79EF79EF79EF79EF770
:10E900009EF79EF79EF79EF79EF79EF79EF79EF75F
:10E910009EF79EF79EF79EF79EF79EF79EF79EF74F
:10E920009EF79EF79EF79EF79EF79EF79EF79EF73F
:10E930009EF79EF79EF79EF79EF79EF79EF79EF72F
:10E940009EF79EF79EF79EF79EF79EF79EF79EF71F
:10E950009EF79EF79EF79EF79EF79EF79EF79EF70F
:10E960009EF79EF79EF79EF79EF79EF79EF79EF7FF
:10E970009EF79EF79EF79EF7000000000000000043
:10E980000000000000000000000000000000000087
:10E990000000000000000000000000000000000077
:10E9A0000000000000000000000000000000000067
:10E9B0009EF79EF79EF79EF79EF79EF79EF79EF7AF
:10E9C0009EF79EF79EF79EF79EF79EF79EF79EF79F
:10E9D0009EF79EF79EF79EF79EF79EF79EF79EF78F
:10E9E0009EF79EF79EF79EF79EF79EF79EF79EF77F
:10E9F0009EF79EF79EF79EF79EF79EF79EF79EF76F
:10EA00009EF79EF79EF79EF79EF79EF79EF79EF75E
:10EA10009EF79EF79EF79EF79EF79EF79EF79EF74E
:10EA20009EF79EF79EF79EF79EF79EF79EF79EF73E
:10EA30009EF79EF79EF79EF79EF79EF79EF79EF72E
:10EA40009EF79EF79EF79EF79EF79EF79EF79EF71E
:10EA50009EF79EF79EF79EF79EF79EF79EF79EF70E
:10EA60009EF79EF79EF79EF79EF79EF79EF79EF7FE
:10EA70009EF79EF79EF79EF79EF79EF79EF79EF7EE
:10EA80009EF79EF79EF79EF79EF79EF79EF79EF7DE
:10EA90009EF79EF79EF79EF79EF79EF79EF79EF7CE
:10EAA0009EF79EF79EF79EF79EF79EF79EF79EF7BE
:10EAB0009EF79EF79EF79EF79EF79EF79EF79EF7AE
:10EAC0009EF79EF79EF79EF79EF79EF79EF79EF79E
:10EAD0009EF79EF79EF79EF79EF79EF79EF79EF78E
:10EAE0009EF79EF79EF79EF79EF79EF79EF79EF77E
:10EAF0009EF79EF79EF79EF79EF79EF79EF79EF76E
:10EB00009EF79EF79EF79EF79EF79EF79EF79EF75D
:10EB10009EF79EF79EF79EF79EF79EF79EF79EF74D
:10EB20009EF79EF79EF79EF79EF79EF79EF79EF73D
:10EB30009EF79EF79EF79EF79EF79EF79EF79EF72D
:10EB40009EF79EF79EF79EF79EF79EF79EF79EF71D
:10EB50009EF79EF79EF79EF7FFFF00000000000063
:10EB600000000000000000000000000000000000A5
:10EB70000000000000000000000000000000000095
:10EB80000000000000000000000000000000000085
:10EB90009EF79EF79EF79EF79EF79EF79EF79EF7CD
:10EBA0009EF79EF79EF79EF79EF79EF79EF79EF7BD
:10EBB0009EF79EF79EF79EF79EF79EF79EF79EF7AD
:10EBC0009EF79EF79EF79EF79EF79EF79EF79EF79D
:10EBD0009EF79EF79EF79EF79EF79EF79EF79EF78D
:10EBE0009EF79EF79EF79EF79EF79EF79EF79EF77D
:10EBF0009EF79EF79EF79EF79EF79EF79EF79EF76D
:10EC00009EF79EF79EF79EF79EF79EF79EF79EF75C
:10EC10009EF79EF79EF79EF79EF79EF79EF79EF74C
:10EC20009EF79EF79EF79EF79EF79EF79EF79EF73C
:10EC30009EF79EF79EF79EF79EF79EF79EF79EF72C
:10EC40009EF79EF79EF79EF79EF79EF79EF79EF71C
:10EC50009EF79EF79EF79EF79EF79EF79EF79EF70C
:10EC60009EF79EF79EF79EF79EF79EF79EF79EF7FC
:10EC70009EF79EF79EF79EF79EF79EF79EF79EF7EC
:10EC80009EF79EF79EF79EF79EF79EF79EF79EF7DC
:10EC90009EF79EF79EF79EF79EF79EF79EF79EF7CC
:10ECA0009EF79EF79EF79EF79EF79EF79EF79EF7BC
:10ECB0009EF79EF79EF79EF79EF79EF79EF79EF7AC
:10ECC0009EF79EF79EF79EF79EF79EF79EF79EF79C
:10ECD0009EF79EF79EF79EF79EF79EF79EF79EF78C
:10ECE0009EF79EF79EF79EF79EF79EF79EF79EF77C
:10ECF0009EF79EF79EF79EF79EF79EF79EF79EF76C
:10ED00009EF79EF79EF79EF79EF79EF79EF79EF75B
:10ED10009EF79EF79EF79EF79EF79EF79EF79EF74B
:10ED20009EF79EF79EF79EF79EF79EF79EF79EF73B
:10ED30009EF79EF79EF79EF7BEF7000000000000CA
:10ED400000000000000000000000000000000000C3
:10ED500000000000000000000000000000000000B3
:10ED60000000000000000000000000000000FFFFA5
:10ED70009EF79EF79EF79EF79EF79EF79EF79EF7EB
:10ED80009EF79EF79EF79EF79EF79EF79EF79EF7DB
:10ED90009EF79EF79EF79EF79EF79EF79EF79EF7CB
:10EDA0009EF79EF79EF79EF79EF79EF79EF79EF7BB
:10EDB0009EF79EF79EF79EF79EF79EF79EF79EF7AB
:10EDC0009EF79EF79EF79EF79EF79EF79EF79EF79B
:10EDD0009EF79EF79EF79EF79EF79EF79EF79EF78B
:10EDE0009EF79EF79EF79EF79EF79EF79EF79EF77B
:10EDF0009EF79EF79EF79EF79EF79EF79EF79EF76B
:10EE00009EF79EF79EF79EF79EF79EF79EF79EF75A
:10EE10009EF79EF79EF79EF79EF79EF79EF79EF74A
:10EE20009EF79EF79EF79EF79EF79EF79EF79EF73A
:10EE30009EF79EF79EF79EF79EF79EF79EF79EF72A
:10EE40009EF79EF79EF79EF79EF79EF79EF79EF71A
:10EE50009EF79EF79EF79EF79EF79EF79EF79EF70A
:10EE60009EF79EF79EF79EF79EF79EF79EF79EF7FA
:10EE70009EF79EF79EF79EF79EF79EF79EF79EF7EA
:10EE80009EF79EF79EF79EF79EF79EF79EF79EF7DA
:10EE90009EF79EF79EF79EF79EF79EF79EF79EF7CA
:10EEA0009EF79EF79EF79EF79EF79EF79EF79EF7BA
:10EEB0009EF79EF79EF79EF79EF79EF79EF79EF7AA
:10EEC0009EF79EF79EF79EF79EF79EF79EF79EF79A
:10EED0009EF79EF79EF79EF79EF79EF79EF79EF78A
:10EEE0009EF79EF79EF79EF79EF79EF79EF79EF77A
:10EEF0009EF79EF79EF79EF79EF79EF79EF79EF76A
:10EF00009EF79EF79EF79EF79EF79EF79EF79EF759
:10EF10009EF79EF79EF79EF79EF700000000000008
:10EF200000000000000000000000000000000000E1
:10EF300000000000000000000000000000000000D1
:10EF40000000000000000000000000000000BEF70C
:10EF50009EF79EF79EF79EF79EF79EF79EF79EF709
:10EF60009EF79EF79EF79EF79EF79EF79EF79EF7F9
:10EF70009EF79EF79EF79EF79EF79EF79EF79EF7E9
:10EF80009EF79EF79EF79EF79EF79EF79EF79EF7D9
:10EF90009EF79EF79EF79EF79EF79EF79EF79EF7C9
:10EFA0009EF79EF79EF79EF79EF79EF79EF79EF7B9
:10EFB0009EF79EF79EF79EF79EF79EF79EF79EF7A9
:10EFC0009EF79EF79EF79EF79EF79EF79EF79EF799
:10EFD0009EF79EF79EF79EF79EF79EF79EF79EF789
:10EFE0009EF79EF79EF79EF79EF79EF79EF79EF779
:10EFF0009EF79EF79EF79EF79EF79EF79EF79EF769
:10F000009EF79EF79EF79EF79EF79EF79EF79EF758
:10F010009EF79EF79EF79EF79EF79EF79EF79EF748
:10F020009EF79EF79EF79EF79EF79EF79EF79EF738
:10F030009EF79EF79EF79EF79EF79EF79EF79EF728
:10F040009EF79EF79EF79EF79EF79EF79EF79EF718
:10F050009EF79EF79EF79EF79EF79EF79EF79EF708
:10F060009EF79EF79EF79EF79EF79EF79EF79EF7F8
:10F070009EF79EF79EF79EF79EF79EF79EF79EF7E8
:10F080009EF79EF79EF79EF79EF79EF79EF79EF7D8
:10F090009EF79EF79EF79EF79EF79EF79EF79EF7C8
:10F0A0009EF79EF79EF79EF79EF79EF79EF79EF7B8
:10F0B0009EF79EF79EF79EF79EF79EF79EF79EF7A8
:10F0C0009EF79EF79EF79EF79EF79EF79EF79EF798
:10F0D0009EF79EF79EF79EF79EF79EF79EF79EF788
:10F0E0009EF79EF79EF79EF79EF79EF79EF79EF778
:10F0F0009EF79EF79EF79EF79EF7FFFF0000000029
:10F1000000000000000000000000000000000000FF
:10F1100000000000000000000000000000000000EF
:10F1200000000000000000000000000000009EF74A
:10F130009EF79EF79EF79EF79EF79EF79EF79EF727
:10F140009EF79EF79EF79EF79EF79EF79EF79EF717
:10F150009EF79EF79EF79EF79EF79EF79EF79EF707
:10F160009EF79EF79EF79EF79EF79EF79EF79EF7F7
:10F170009EF79EF79EF79EF79EF79EF79EF79EF7E7
:10F180009EF79EF79EF79EF79EF79EF79EF79EF7D7
:10F190009EF79EF79EF79EF79EF79EF79EF79EF7C7
:10F1A0009EF79EF79EF79EF79EF79EF79EF79EF7B7
:10F1B0009EF79EF79EF79EF79EF79EF79EF79EF7A7
:10F1C0009EF79EF79EF79EF79EF79EF79EF79EF797
:10F1D0009EF79EF79EF79EF79EF79EF79EF79EF787
:10F1E0009EF79EF79EF79EF79EF79EF79EF79EF777
:10F1F0009EF79EF79EF79EF79EF79EF79EF79EF767
:10F200009EF79EF79EF79EF79EF79EF79EF79EF756
:10F210009EF79EF79EF79EF79EF79EF79EF79EF746
:10F220009EF79EF79EF79EF79EF79EF79EF79EF736
:10F230009EF79EF79EF79EF79EF79EF79EF79EF726
:10F240009EF79EF79EF79EF79EF79EF79EF79EF716
:10F250009EF79EF79EF79EF79EF79EF79EF79EF706
:10F260009EF79EF79EF79EF79EF79EF79EF79EF7F6
:10F270009EF79EF79EF79EF79EF79EF79EF79EF7E6
:10F280009EF79EF79EF79EF79EF79EF79EF79EF7D6
:10F290009EF79EF79EF79EF79EF79EF79EF79EF7C6
:10F2A0009EF79EF79EF79EF79EF79EF79EF79EF7B6
:10F2B0009EF79EF79EF79EF79EF79EF79EF79EF7A6
:10F2C0009EF79EF79EF79EF79EF79EF79EF79EF796
:10F2D0009EF79EF79EF79EF79EF79FF700000000AF
:10F2E000000000000000000000000000000000001E
:10F2F000000000000000000000000000000000000E
:10F30000000000000000000000000000FFFF9EF76A
:10F310009EF79EF79EF79EF79EF79EF79EF79EF745
:10F320009EF79EF79EF79EF79EF79EF79EF79EF735
:10F330009EF79EF79EF79EF79EF79EF79EF79EF725
:10F340009EF79EF79EF79EF79EF79EF79EF79EF715
:10F350009EF79EF79EF79EF79EF79EF79EF79EF705
:10F360009EF79EF79EF79EF79EF79EF79EF79EF7F5
:10F370009EF79EF79EF79EF79EF79EF79EF79EF7E5
:10F380009EF79EF79EF79EF79EF79EF79EF79EF7D5
:10F390009EF79EF79EF79EF79EF79EF79EF79EF7C5
:10F3A0009EF79EF79EF79EF79EF79EF79EF79EF7B5
:10F3B0009EF79EF79EF79EF79EF79EF79EF79EF7A5
:10F3C0009EF79EF79EF79EF79EF79EF79EF79EF795
:10F3D0009EF79EF79EF79EF79EF79EF79EF79EF785
:10F3E0009EF79EF79EF79EF79EF79EF79EF79EF775
:10F3F0009EF79EF79EF79EF79EF79EF79EF79EF765
:10F400009EF79EF79EF79EF79EF79EF79EF79EF754
:10F410009EF79EF79EF79EF79EF79EF79EF79EF744
:10F420009EF79EF79EF79EF79EF79EF79EF79EF734
:10F430009EF79EF79EF79EF79EF79EF79EF79EF724
:10F440009EF79EF79EF79EF79EF79EF79EF79EF714
:10F450009EF79EF79EF79EF79EF79EF79EF79EF704
:10F460009EF79EF79EF79EF79EF79EF79EF79EF7F4
:10F470009EF79EF79EF79EF79EF79EF79EF79EF7E4
:10F480009EF79EF79EF79EF79EF79EF79EF79EF7D4
:10F490009EF79EF79EF79EF79EF79EF79EF79EF7C4
:10F4A0009EF79EF79EF79EF79EF79EF79EF79EF7B4
:10F4B0009EF79EF79EF79EF79EF79EF700000000CE
:10F4C000000000000000000000000000000000003C
:10F4D000000000000000000000000000000000002C
:10F4E000000000000000000000000000BEF79EF7D2
:10F4F0009EF79EF79EF79EF79EF79EF79EF79EF764
:10F500009EF79EF79EF79EF79EF79EF79EF79EF753
:10F510009EF79EF79EF79EF79EF79EF79EF79EF743
:10F520009EF79EF79EF79EF79EF79EF79EF79EF733
:10F530009EF79EF79EF79EF79EF79EF79EF79EF723
:10F540009EF79EF79EF79EF79EF79EF79EF79EF713
:10F550009EF79EF79EF79EF79EF79EF79EF79EF703
:10F560009EF79EF79EF79EF79EF79EF79EF79EF7F3
:10F570009EF79EF79EF79EF79EF79EF79EF79EF7E3
:10F580009EF79EF79EF79EF79EF79EF79EF79EF7D3
:10F590009EF79EF79EF79EF79EF79EF79EF79EF7C3
:10F5A0009EF79EF79EF79EF79EF79EF79EF79EF7B3
:10F5B0009EF79EF79EF79EF79EF79EF79EF79EF7A3
:10F5C0009EF79EF79EF79EF79EF79EF79EF79EF793
:10F5D0009EF79EF79EF79EF79EF79EF79EF79EF783
:10F5E0009EF79EF79EF79EF79EF79EF79EF79EF773
:10F5F0009EF79EF79EF79EF79EF79EF79EF79EF763
:10F600009EF79EF79EF79EF79EF79EF79EF79EF752
:10F610009EF79EF79EF79EF79EF79EF79EF79EF742
:10F620009EF79EF79EF79EF79EF79EF79EF79EF732
:10F630009EF79EF79EF79EF79EF79EF79EF79EF722
:10F640009EF79EF79EF79EF79EF79EF79EF79EF712
:10F650009EF79EF79EF79EF79EF79EF79EF79EF702
:10F660009EF79EF79EF79EF79EF79EF79EF79EF7F2
:10F670009EF79EF79EF79EF79EF79EF79EF79EF7E2
:10F680009EF79EF79EF79EF79EF79EF79EF79EF7D2
:10F690009EF79EF79EF79EF79EF7BEF700000000CC
:10F6A000000000000000000000000000000000005A
:10F6B000000000000000000000000000000000004A
:10F6C000000000000000000000000000BFF79EF7EF
:10F6D0009EF79EF79EF79EF79EF79EF79EF79EF782
:10F6E0009EF79EF79EF79EF79EF79EF79EF79EF772
:10F6F0009EF79EF79EF79EF79EF79EF79EF79EF762
:10F700009EF79EF79EF79EF79EF79EF79EF79EF751
:10F710009EF79EF79EF79EF79EF79EF79EF79EF741
:10F720009EF79EF79EF79EF79EF79EF79EF79EF731
:10F730009EF79EF79EF79EF79EF79EF79EF79EF721
:10F740009EF79EF79EF79EF79EF79EF79EF79EF711
:10F750009EF79EF79EF79EF79EF79EF79EF79EF701
:10F760009EF79EF79EF79EF79EF79EF79EF79EF7F1
:10F770009EF79EF79EF79EF79EF79EF79EF79EF7E1
:10F780009EF79EF79EF79EF79EF79EF79EF79EF7D1
:10F790009EF79EF79EF79EF79EF79EF79EF79EF7C1
:10F7A0009EF79EF79EF79EF79EF79EF79EF79EF7B1
:10F7B0009EF79EF79EF79EF79EF79EF79EF79EF7A1
:10F7C0009EF79EF79EF79EF79EF79EF79EF79EF791
:10F7D0009EF79EF79EF79EF79EF79EF79EF79EF781
:10F7E0009EF79EF79EF79EF79EF79EF79EF79EF771
:10F7F0009EF79EF79EF79EF79EF79EF79EF79EF761
:10F800009EF79EF79EF79EF79EF79EF79EF79EF750
:10F810009EF79EF79EF79EF79EF79EF79EF79EF740
:10F820009EF79EF79EF79EF79EF79EF79EF79EF730
:10F830009EF79EF79EF79EF79EF79EF79EF79EF720
:10F840009EF79EF79EF79EF79EF79EF79EF79EF710
:10F850009EF79EF79EF79EF79EF79EF79EF79EF700
:10F860009EF79EF79EF79EF79EF79EF79EF79EF7F0
:10F870009EF79EF79EF79EF79EF79EF7FFFF00000C
:10F880000000000000000000000000000000000078
:10F890000000000000000000000000000000000068
:10F8A000000000000000000000000000BEF79EF70E
:10F8B0009EF79EF79EF79EF79EF79EF79EF79EF7A0
:10F8C0009EF79EF79EF79EF79EF79EF79EF79EF790
:10F8D0009EF79EF79EF79EF79EF79EF79EF79EF780
:10F8E0009EF79EF79EF79EF79EF79EF79EF79EF770
:10F8F0009EF79EF79EF79EF79EF79EF79EF79EF760
:10F900009EF79EF79EF79EF79EF79EF79EF79EF74F
:10F910009EF79EF79EF79EF79EF79EF79EF79EF73F
:10F920009EF79EF79EF79EF79EF79EF79EF79EF72F
:10F930009EF79EF79EF79EF79EF79EF79EF79EF71F
:10F940009EF79EF79EF79EF79EF79EF79EF79EF70F
:10F950009EF79EF79EF79EF79EF79EF79EF79EF7FF
:10F960009EF79EF79EF79EF79EF79EF79EF79EF7EF
:10F970009EF79EF79EF79EF79EF79EF79EF79EF7DF
:10F980009EF79EF79EF79EF79EF79EF79EF79EF7CF
:10F990009EF79EF79EF79EF79EF79EF79EF79EF7BF
:10F9A0009EF79EF79EF79EF79EF79EF79EF79EF7AF
:10F9B0009EF79EF79EF79EF79EF79EF79EF79EF79F
:10F9C0009EF79EF79EF79EF79EF79EF79EF79EF78F
:10F9D0009EF79EF79EF79EF79EF79EF79EF79EF77F
:10F9E0009EF79EF79EF79EF79EF79EF79EF79EF76F
:10F9F0009EF79EF79EF79EF79EF79EF79EF79EF75F
:10FA00009EF79EF79EF79EF79EF79EF79EF79EF74E
:10FA10009EF79EF79EF79EF79EF79EF79EF79EF73E
:10FA20009EF79EF79EF79EF79EF79EF79EF79EF72E
:10FA30009EF79EF79EF79EF79EF79EF79EF79EF71E
:10FA40009EF79EF79EF79EF79EF79EF79EF79EF70E
:10FA50009EF79EF79EF79EF79EF79EF7BEF7000073
:10FA60000000000000000000000000000000000096
:10FA70000000000000000000000000000000000086
:10FA800000000000000000000000FFFF9EF79EF74E
:10FA90009EF79EF79EF79EF79EF79EF79EF79EF7BE
:10FAA0009EF79EF79EF79EF79EF79EF79EF79EF7AE
:10FAB0009EF79EF79EF79EF79EF79EF79EF79EF79E
:10FAC0009EF79EF79EF79EF79EF79EF79EF79EF78E
:10FAD0009EF79EF79EF79EF79EF79EF79EF79EF77E
:10FAE0009EF79EF79EF79EF79EF79EF79EF79EF76E
:10FAF0009EF79EF79EF79EF79EF79EF79EF79EF75E
:10FB00009EF79EF79EF79EF79EF79EF79EF79EF74D
:10FB10009EF79EF79EF79EF79EF79EF79EF79EF73D
:10FB20009EF79EF79EF79EF79EF79EF79EF79EF72D
:10FB30009EF79EF79EF79EF79EF79EF79EF79EF71D
:10FB40009EF79EF79EF79EF79EF79EF79EF79EF70D
:10FB50009EF79EF79EF79EF79EF79EF79EF79EF7FD
:10FB60009EF79EF79EF79EF79EF79EF79EF79EF7ED
:10FB70009EF79EF79EF79EF79EF79EF79EF79EF7DD
:10FB80009EF79EF79EF79EF79EF79EF79EF79EF7CD
:10FB90009EF79EF79EF79EF79EF79EF79EF79EF7BD
:10FBA0009EF79EF79EF79EF79EF79EF79EF79EF7AD
:10FBB0009EF79EF79EF79EF79EF79EF79EF79EF79D
:10FBC0009EF79EF79EF79EF79EF79EF79EF79EF78D
:10FBD0009EF79EF79EF79EF79EF79EF79EF79EF77D
:10FBE0009EF79EF79EF79EF79EF79EF79EF79EF76D
:10FBF0009EF79EF79EF79EF79EF79EF79EF79EF75D
:10FC00009EF79EF79EF79EF79EF79EF79EF79EF74C
:10FC10009EF79EF79EF79EF79EF79EF79EF79EF73C
:10FC20009EF79EF79EF79EF79EF79EF79EF79EF72C
:10FC30009EF79EF79EF79EF79EF79EF79EF70000B1
:10FC400000000000000000000000000000000000B4
:10FC500000000000000000000000000000000000A4
:10FC600000000000000000000000BEF79EF79EF7B5
:10FC70009EF79EF79EF79EF79EF79EF79EF79EF7DC
:10FC80007EEF7EEF7EEF7EEF7EEF7EEF7EEF7EEF0C
:10FC90007EEF7EEF7EEF7EEF7EEF7EEF7EEF7EEFFC
:10FCA0007EEF7EEF7EEF7EEF7EEF7EEF7EEF7EEFEC
:10FCB0007EEF7EEF7EEF7EEF7EEF7EEF9EF7BEF76C
:10FCC0009EF79EF79EF79EF79EEF9EEF9EEF9EEFAC
:10FCD0009EEF9EEF9EEF9EEF9EEF9EEF9EEF9EF7B4
:10FCE0009EF79EF79EF79EF79EF79EF79EF79EF76C
:10FCF0009EF79EF79EF79EEF9EEF9EEF9EEF9EEF84
:10FD00009EEF9EEF9EEF9EEF9EEF9EF79EF79EF773
:10FD10009EF79EF79EEF9EEF9EEF9EEF9EEF9EEF6B
:10FD20009EEF9EEF9EEF9EEF9EF79EF79EF79EF74B
:10FD30009EF79EF79EF79EF79EF79EF79EF79EF71B
:10FD4000BEF79EF79EEF9EEF9EEF9EEF9EEF9EEF1B
:10FD50009EEF9EEF9EEF9EEF9EEF9EEF9EEF9EEF3B
:10FD60009EEF9EEF9EEF9EEF9EEF9EEF9EEF9EEF2B
:10FD70009EEF9EEF9EEF9EEF9EEF9EEF9EEF9EEF1B
:10FD80009EEF9EEF9EEF9EEF9EEF9EEF9EEF9EEF0B
:10FD90009EF79EF79EF79EF79EEF9EEF9EEF9EEFDB
:10FDA0009EEF9EEF9EEF9EEF9EEF9EEF9EEF9EEFEB
:10FDB0009EEF9EEF9EEF9EEF9EEF9EEF9EEF9EEFDB
:10FDC0009EEF9EEF9EEF9EF79EF79EF79EF7BEF783
:10FDD000BEF79EF79EEF9EEF9EEF9EEF9EEF9EEF8B
:10FDE0009EEF9EEF9EEF9EEF9EEF9EEF9EEF9EEFAB
:10FDF0009EEF9EEF9EEF9EEF9EEF9EEF9EEF9EEF9B
:10FE00009EEF9EEF9EEF9EEF9EF7BEF7BEF79EF72A
:10FE10009EF79EF79EF79EF79EF79EF79EF70000CF
:10FE200000000000000000000000000000000000D2
:10FE300000000000000000000000000000000000C2
:10FE400000000000000000000000BEF79EF79EF7D3
:10FE50009EF79EF79EF79EF79EF79EF79EF7D7BDFB
:10FE60009294B294B294B294B294B294B294B29482
:10FE7000B294B294B294B294B294B294B294B29452
:10FE8000B294B294B294B294B294B294B294B29442
:10FE9000B294B294B294B294B294B294F39CF7BD7B
:10FEA0007DEF9EF7D7BD929414A514A514A514A5B3
:10FEB00014A514A514A514A514A514A5F39C55A563
:10FEC0007EEF9EF79EF79EF79EF79EF79EF79EF7B2
:10FED000BEF718C6B29414A514A514A514A514A5AC
:10FEE00014A514A514A514A514A5F39CB7B5BEF7C5
:10FEF0007ACE929414A514A514A514A514A514A53E
:10FF000014A514A514A514A5F39CB6B59EF79EF7E9
:10FF10009EF79EF79EF79EF79EF79EF79EF7BEF719
:10FF20003DE734A514A514A514A514A514A514A57E
:10FF300014A514A514A514A514A514A514A514A5F9
:10FF400014A514A514A514A514A514A514A514A5E9
:10FF500014A514A514A514A514A514A514A514A5D9
:10FF600014A514A514A514A514A514A514A514A5C9
:10FF7000D39C9ACE7DEF14A5F49C14A514A514A5CA
:10FF800014A514A514A514A514A514A514A514A5A9
:10FF900014A514A514A514A514A514A514A514A599
:10FFA00014A514A514A5F39C34A57EEFBEF7DBDEE3
:10FFB00055AD14A514A514A514A514A514A514A530
:10FFC00014A514A514A514A514A514A514A514A569
:10FFD00014A514A514A514A514A514A514A514A559
:10FFE00014A514A514A514A514A555ADDBD6BEF70C
:10FFF0009EF79EF79EF79EF79EF79EF79EF7FFFFF0
:020000040801F1
:1000000000000000000000000000000000000000F0
:1000100000000000000000000000000000000000E0
:1000200000000000000000000000BEF79EF79EF7F1
:100030009EF79EF79EF79EF79EF79EF79EEFD39C46
:1000400079CE5DEF5DEF5DEF5DEF5DEF5DEF5DEF55
:100050005DEF5DEF5DEF5DEF5DEF5DEF5DEF5DEF40
:100060005DEF5DEF5DEF5DEF5DEF5DEF5DEF5DEF30
:100070005DEF5DEF5DEF5DEF5DEF5DEFFBDE34A506
:1000800096B5BFF775ADD39C3CE73CE73CE73CE752
:100090003CE73CE73CE73CE73CE73CE7DBDED39C66
:1000A0005DEF9EF79EF79EF79EF79EF79EF79EF7F1
:1000B000BFF714A555AD3CE73CE73CE73CE73CE720
:1000C0003CE73CE73CE73CE73CE79AD635A59EF7A2
:1000D0009AD610849AD63CE73CE73CE73CE73CE7FD
:1000E0003CE73CE73CE73CE71CE7D39C18C6BEF77F
:1000F0009EF79EF79EF79EF79EF79EF79EF79EEF60
:1001000034A596B53CE73CE73CE73CE73CE73CE7F9
:100110003CE73CE73CE73CE73CE73CE73CE73CE7C7
:100120003CE73CE73CE73CE73CE73CE73CE73CE7B7
:100130003CE73CE73CE73CE73CE73CE73CE73CE7A7
:100140003CE73CE73CE73CE73CE73CE73CE73CE797
:1001500096B5F7BD3DE7518CFBDE3CE73CE73CE75D
:100160003CE73CE73CE73CE73CE73CE73CE73CE777
:100170003CE73CE73CE73CE73CE73CE73CE73CE767
:100180003CE73CE73CE79AD610847DEFBAD69294E0
:1001900018C61CE73CE73CE73CE73CE73CE73CE7AC
:1001A0003CE73CE73CE73CE73CE73CE73CE73CE737
:1001B0003CE73CE73CE73CE73CE73CE73CE73CE727
:1001C0003CE73CE73CE73CE71CE738C6929459CE55
:1001D000BEF79EF79EF79EF79EF79EF79EF7FFFFEE
:1001E000000000000000000000000000000000000F
:1001F00000000000000000000000000000000000FF
:1002000000000000000000000000BEF79EF79EF70F
:100210009EF79EF79EF79EF79EF79EF79EEFF39C44
:10022000FBDEDFFFDFFFDFFFDFFFDFFFDFFFDFFFE3
:10023000DFFFDFFFDFFFDFFFDFFFDFFFDFFFDFFFCE
:10024000DFFFDFFFDFFFDFFFDFFFDFFFDFFFDFFFBE
:10025000FFFFDFFFDFFFDFFFDFFFDFFFDFFF7DEF00
:10026000718C3DE796B555ADFFFFDFFFDFFFDFFF88
:10027000DFFFDFFFDFFFDFFFDFFFDFFF7DEFF49C4E
:100280005DEF9EF79EF79EF79EF79EF79EF79EF70F
:10029000BFF714A5D7BDFFFFDFFFDFFFDFFFDFFFE5
:1002A000DFFFDFFFDFFFDFFFDFFF3CE775AD9EEF26
:1002B000BEF7D7BD14A5BEF7DFFFDFFFDFFFDFFF0F
:1002C000DFFFDFFFDFFFDFFFDFFFFBDE9294FBDE00
:1002D000BEF79EF79EF79EF79EF79EF7BEF7D7BD37
:1002E000F39CBEF7DFFFDFFFDFFFDFFFDFFFDFFF96
:1002F000DFFFDFFFDFFFDFFFDFFFDFFFDFFFDFFF0E
:10030000DFFFDFFFDFFFDFFFDFFFDFFFDFFFDFFFFD
:10031000DFFFDFFFDFFFDFFFDFFFDFFFDFFFDFFFED
:10032000DFFFDFFFDFFFDFFFDFFFDFFFDFFFFFFFBD
:1003300018C6F7BD3DE79294BEF7DFFFDFFFDFFF92
:10034000DFFFDFFFDFFFDFFFDFFFDFFFDFFFDFFFBD
:10035000DFFFDFFFDFFFDFFFDFFFDFFFDFFFDFFFAD
:10036000DFFFDFFFDFFF1CE730845DEFF39C59CE3A
:10037000FFFFDFFFDFFFDFFFDFFFDFFFDFFFDFFF6D
:10038000DFFFDFFFDFFFDFFFDFFFDFFFDFFFDFFF7D
:10039000DFFFDFFFDFFFDFFFDFFFDFFFDFFFDFFF6D
:1003A000DFFFDFFFDFFFDFFFDFFFDFFFDBDE92943A
:1003B0005DEFBEF79EF79EF79EF79EF79EF7DFFF75
:1003C000000000000000000000000000000000002D
:1003D000000000000000000000000000000000001D
:1003E0000000000000000000FFFF9EF79EF79EF750
:1003F0009EF79EF79EF79EF79EF79EF79EEFF39C63
:10040000DBDEBEF7BEF7BEF7BEF7BEF7BEF7BEF740
:10041000BEF7BEF7BEF7DBDED39CD39CD39CD39C48
:10042000D39CD39CD39CD39CD39CD39CD39CD39C54
:1004300096B53CE7BEF7BEF7BEF7BEF7BEF79EF730
:10044000518CFBDE96B534A5BEF7BEF7BEF7BEF7FE
:10045000BEF7BEF7BEF7BEF7BEF7BEF75DEFF39C83
:100460005DEF9EF79EF79EF79EF79EF79EF79EF72D
:10047000BFF714A5B6B5BEF7BEF7BEF7BEF7BEF719
:10048000BEF7BEF7BEF7BEF7BEF71CE775AD9EEF31
:100490009EF77EEFF39CD7BDBEF7BEF7BEF7BEF763
:1004A000BEF7BEF7BEF7BEF7BEF7BEF7F7BDD394F3
:1004B0007EEFBEF79EF79EF79EF7BEF79AD6929410
:1004C0001CE7BEF7BEF7BEF7BEF7BEF7BEF7BEF736
:1004D000BEF7BEF7BEF79EF79EF79EF79EF79EF714
:1004E0009EF79EF7BEF7BEF7BEF7BEF7BEF7BEF7A4
:1004F000BEF7BEF7BEF7BEF7BEF7BEF7BEF79EF774
:100500009EF79EF79EF79EF79EF79EF79EF7BEF723
:10051000F7BDF7BD3DE7718C7DEFBEF7BEF7BEF7C7
:10052000BEF7BEF7BEF7BEF7BEF7BEF7BEF7BEF723
:100530009EF79EF79EF79EF79EF79EF79EF79EF713
:100540009EF79EF79EF7FBDE10841CDFF39C5DEFA9
:10055000BEF7BEF7BEF7BEF7BEF7BEF7BEF7BEF7F3
:10056000BEF7BEF7BEF7BEF79EF79EF79EF79EF763
:100570009EF79EF79EF79EF7BEF7BEF7BEF7BEF753
:10058000BEF7BEF7BEF7BEF7BEF7BEF7BEF714A5BF
:100590009AD6BEF79EF79EF79EF79EF79EF7BEF798
:1005A000000000000000000000000000000000004B
:1005B000000000000000000000000000000000003B
:1005C00000000000000000009FF79EF79EF79EF7D6
:1005D0009EF79EF79EF79EF79EF79EF79EEFF39C81
:1005E000BAD69EF79EF79EF79EF79EF79EF79EF768
:1005F0009EF79EF7BEF7F7BD928C39C638C638C64F
:1006000038C638C638C638C638C638C638C638C6FA
:1006100034A555AD9EF79EF79EF79EF79EF77DEFAA
:10062000518CFBDE96B514A59EF79EF79EF79EF7BC
:100630009EF79EF79EF79EF79EF79EF73CE7F39C8A
:100640005DEF9EF79EF79EF79EF79EF79EF79EF74B
:10065000BFF714A5B6B5BEF79EF79EF79EF79EF7B7
:100660009EF79EF79EF79EF79EF7FBDE55AD9EEF39
:100670009EF7BEF71CE792949AD69EF79EF79EF7D8
:100680009EF79EF79EF79EF79EF79EF77DEF14A5C7
:10069000B6B5BEF79EF79EF7BEF73CE7718C79CEF4
:1006A0009EF79EF79EF79EF79EF79EF79EF79EF7A2
:1006B0009EF79EF738C6718C718C718C718C718C21
:1006C000718C518C96B59EF79EF79EF79EF79EF71C
:1006D0009EF79EF79EF79EF79EF79EF7B6B5518C54
:1006E000718C718C718C718C718C718C718C718C22
:1006F000CF7BF8BD3DE7718C7DEF9EF79EF79EF7AF
:100700009EF79EF79EF79EF79EF79EF79EF7D7BD42
:10071000518C718C718C718C718C718C718C718C11
:10072000718C718C718C1084F07B1CDFF49C3CE725
:100730009EF79EF79EF79EF79EF79EF79EF79EF711
:100740009EF79EF75DEFB6B59294718C718C718CAB
:10075000718C718C718C718C55AD1CE79EF79EF776
:100760009EF79EF79EF79EF79EF79EF79EF7D39C07
:1007700018C6BFF79EF79EF79EF79EF79EF7BEF747
:100780000000000000000000000000000000000069
:100790000000000000000000000000000000000059
:1007A00000000000000000009FF79EF79EF79EF7F4
:1007B0009EF79EF79EF79EF79EF79EF79EEFF39C9F
:1007C0009AD67DEF7DEF7DEF7DEF7DEF7DEF7DEFC5
:1007D0007DEF7DEF9EF7D7BD76ADBFF7BFF7BFF7D3
:1007E000BFF7BFF7BFF7BFF7BFF7BFF7BFF7DFF739
:1007F0009AD614A57DEF7DEF7DEF7DEF7DEF5DEF68
:100800003084FBDE96B514A59EF77DEF7DEF7DEF7E
:100810007DEF7DEF7DEF7DEF7DEF7DEF1CE7D39CDE
:100820005DEF9EF79EF79EF79EF79EF79EF79EF769
:10083000BFF714A596B59EF77DEF7DEF7DEF7DEFB9
:100840007DEF7DEF7DEF7DEF7DEFDBDE55AD9EEF44
:100850009EF79EF7BEF779CE92941CE77DEF7DEF71
:100860007DEF7DEF7DEF7DEF7DEF7DEF7DEFFBDEBB
:10087000718C9AD6BEF79EF79EEF149D96B57DEFCC
:100880007DEF7DEF7DEF7DEF7DEF7DEF7DEF7DEF08
:100890007DEF9AD6718C38C69ACE9ACE9ACE9ACEE1
:1008A0009AD696B592947DEF7DEF7DEF7DEF7DEF4B
:1008B0007DEF7DEF7DEF7DEF7DEF7DEFD39CD7B5B5
:1008C0009AD69ACE9ACE9ACE9ACE9ACE9ACE7ACE00
:1008D0009AD65DEF3CE7718C5DEF7DEF7DEF7DEFAC
:1008E0007DEF7DEF7DEF7DEF7DEF7DEF7DEFB294CE
:1008F00055AD9AD69ACE9ACE9ACE9ACE9ACE9ACE16
:100900009ACE9ACE9ACE7ACEFBDE3CE7F39C3CE7B9
:100910007DEF7DEF7DEF7DEF7DEF7DEF7DEF7DEF77
:100920007DEF7DEFB6B5D39C7ACE9ACE9ACE9ACE95
:100930009ACE9ACE9ACE9ACE55ADF39C7DEF7DEFAE
:100940007DEF7DEF7DEF7DEF7DEF7DEF7DEFB2946D
:1009500018BEBFF79EF79EF79EF79EF79EF79EF78D
:100960000000000000000000000000000000000087
:100970000000000000000000000000000000000077
:1009800000000000000000009EF79EF79EF79EF713
:100990009EF79EF79EF79EF79EF79EF79EEFD39CDD
:1009A00079CE5DEF5DEF5DEF5DEF5DEF5DEF5DEFEC
:1009B0005DEF5DEF7DEFB6B575ADBEF79EF79EF7C7
:1009C0009EF79EF79EF79EF79EF79EF79EF7BEF75F
:1009D0009AD6F49C5DEF5DEF5DEF5DEF5DEF3CE778
:1009E0003084FBDE96B5F39C7DEF5DEF5DEF5DEF50
:1009F0005DEF5DEF5DEF5DEF5DEF5DEFFBDED39CE7
:100A00005DEF9EF79EF79EF79EF79EF79EF79EF787
:100A1000BFF714A575AD7DEF5DEF5DEF5DEF5DEFA9
:100A20005DEF5DEF5DEF5DEF5DEFBAD655AD9EEF2B
:100A30009EF79EF79EF7BEF7B6B5F39C3CE75DEFD9
:100A40005DEF5DEF5DEF5DEF5DEF5DEF5DEF5DEF46
:100A500038C692943DE7BEF7B6B5D39C3CE75DEF50
:100A60005DEF5DEF5DEF5DEF5DEF5DEF5DEF5DEF26
:100A7000FBDE929459CEBFF7BEF7BEF7BEF7BEF7C6
:100A8000BFF7BAD6B2945DEF5DEF5DEF5DEF5DEF5E
:100A90005DEF5DEF5DEF5DEF5DEF5DEF14A5DBDE1C
:100AA000BFF7BEF7BEF7BEF7BEF7BEF7BEF7BEF79D
:100AB000BEF7BEF71CE7518C3CE75DEF5DEF5DEFE5
:100AC0005DEF5DEF5DEF5DEF5DEF5DEF5DEFD39CA3
:100AD00059CEBFF7BEF7BEF7BEF7BEF7BEF7BEF7FB
:100AE000BEF7BEF7BEF7BEF7BEF73DE7F39C1CE7C7
:100AF0005DEF5DEF5DEF5DEF5DEF5DEF5DEF5DEF96
:100B00005DEF7DEFF39C18BEDFF7BEF7BEF7BEF7D3
:100B1000BEF7BEF7BEF7BFF7DBD692943CE75DEFBA
:100B20005DEF5DEF5DEF5DEF5DEF5DEF5DEFB2946B
:100B300018BEBFF79EF79EF79EF79EF79EF79EF7AB
:100B4000FFFF0000000000000000000000000000A7
:100B50000000000000000000000000000000000095
:100B600000000000000000009EF79EF79EF79EF731
:100B70009EF79EF79EF79EF79EF79EF79EEFD39CFB
:100B800079CE3CE73CE73CE73CE73CE73CE73CE729
:100B90003CE73CE75DEFB6B575ADBEF79EF79EF757
:100BA0009EF79EF79EF79EF79EF79EF79EF7BEF77D
:100BB0009AD6F39C3CE73CE73CE73CE73CE71CE784
:100BC0003084FBDE96B5F39C5DEF3CE73CE73CE709
:100BD0003CE73CE73CE73CE73CE73CE7DBDED39C1B
:100BE0005DEF9EF79EF79EF79EF79EF79EF79EF7A6
:100BF000BFF714A575AD5DEF3CE73CE73CE73CE78C
:100C00003CE73CE73CE73CE73CE79AD655AD9EEF36
:100C10009EF79EF79EF7BEF77EEFD39CB6B53CE7F6
:100C20003CE73CE73CE73CE73CE73CE73CE73CE7AC
:100C30003CE734A555A579CE718CBADE3CE73CE79C
:100C40003CE73CE73CE73CE73CE73CE73CE73CE78C
:100C5000F39C75AD9EF79EF79EF79EF79EF79EF765
:100C6000BEF79AD692943CE73CE73CE73CE73CE78A
:100C70003CE73CE73CE73CE73CE73CE7F39CDBD662
:100C8000BEF79EF79EF79EF79EF79EF79EF79EF79C
:100C90009EF7BEF71CE7518C1CE73CE73CE73CE7BE
:100CA0003CE73CE73CE73CE73CE73CE73CE7B29409
:100CB00039C6BEF79EF79EF79EF79EF79EF79EF702
:100CC0009EF79EF79EF79EF7BEF73DE7D39CFBDEAF
:100CD0003CE73CE73CE73CE73CE73CE73CE73CE7FC
:100CE0003CE75DEFD39CF8BDBFF79EF79EF79EF7FC
:100CF0009EF79EF79EF7BEF7BBD692941CE73CE7A3
:100D00003CE73CE73CE73CE73CE73CE73CEF9294C0
:100D100018BEBFF79EF79EF79EF79EF79EF7BEF7A9
:100D2000FFFF0000000000000000000000000000C5
:100D300000000000000000000000000000000000B3
:100D40000000000000000000BEF79EF79EF79EF72F
:100D50009EF79EF79EF79EF79EF79EF79EEFD39C19
:100D600059CE3CE71CE71CE71CE71CE71CE71CE727
:100D70001CE71CE73CE796B575ADBEF79EF79EF7FE
:100D80009EF79EF79EF79EF79EF79EF79EF7BEF79B
:100D90009AD6F39C1CE71CE71CE71CE71CE7FBDE6C
:100DA0001084FBDE96B5D39C3CE71CE71CE71CE7F0
:100DB0001CE71CE71CE71CE71CE71CE7BAD6D39C22
:100DC0005DEF9EF79EF79EF79EF79EF79EF79EF7C4
:100DD000BFF714A555AD3CE71CE71CE71CE71CE773
:100DE0001CE71CE71CE71CE71CE779CE55A59EEF26
:100DF0009EF79EF79EF79EF7BEF71CDF518C38C614
:100E00003CE71CE71CE71CE71CE71CE71CE71CE7AA
:100E10001CE7FBDE518CAE7338C63CE71CE71CE7D1
:100E20001CE71CE71CE71CE71CE71CE73CE796B542
:100E3000D39C7DEFBEF79EF79EF79EF79EF79EF739
:100E4000BEF79AD692941CE71CE71CE71CE71CE748
:100E50001CE71CE71CE71CE71CE71CE7F39CDBD640
:100E6000BEF79EF79EF79EF79EF79EF79EF79EF7BA
:100E70009EF7BEF71CE7518CFBDE1CE71CE71CE766
:100E80001CE71CE71CE71CE71CE71CE73CE7B294E7
:100E900039C6BEF79EF79EF79EF79EF79EF79EF720
:100EA0009EF79EF79EF79EF7BEF73DE7D39CDBDEED
:100EB0001CE71CE71CE71CE71CE71CE71CE71CE71A
:100EC0001CE73CE7D39CF8BDBFF79EF79EF79EF763
:100ED0009EF79EF79EF7BEF7BBD6718CFBDE1CE734
:100EE0001CE71CE71CE71CE71CE71CE73CE79294A7
:100EF00018BEBFF79EF79EF79EF79EF79EF7BEF7C8
:100F0000BEF700000000000000000000000000002C
:100F100000000000000000000000000000000000D1
:100F20000000000000000000BEF79EF79EF79EF74D
:100F30009EF79EF79EF79EF79EF79EF79EEFD39C37
:100F400038C61CE7FBDEFBDEFBDEFBDEFBDEFBDE8A
:100F5000FBDEFBDE1CE775AD75ADBEF79EF79EF7B9
:100F60009EF79EF79EF79EF79EF79EF79EF7BEF7B9
:100F70009AD6D39CFBDEFBDEFBDEFBDEFBDEDBDE9C
:100F80001084FBDE96B5B2941CE7FBDEFBDEFBDED5
:100F9000FBDEFBDEFBDEFBDEFBDEFBDE9AD6B39484
:100FA0005DEF9EF79EF79EF79EF79EF79EF79EF7E2
:100FB000BFF714A534A51CE7FBDEFBDEFBDEFBDE82
:100FC000FBDEFBDEFBDEFBDE1CE759CE35A59EEF2C
:100FD0009EF79EF79EF79EF79EF7BEF759CE718C4F
:100FE000BAD6FBDEFBDEFBDEFBDEFBDEFBDEFBDE82
:100FF000FBDE1CE759CEB6B5FBDEFBDEFBDEFBDE1F
:10100000FBDEFBDEFBDEFBDEFBDE1CE738C6518CC5
:10101000FCDEBEF79EF79EF79EF79EF79EF79EF7C3
:10102000BEF79AD69294FBDEFBDEFBDEFBDEFBDE38
:10103000FBDEFBDEFBDEFBDEFBDEFBDED39CDBD67A
:10104000BEF79EF79EF79EF79EF79EF79EF79EF7D8
:101050009EF7BEF71CE7518CDBDEFBDEFBDEFBDE22
:10106000FBDEFBDEFBDEFBDEFBDEFBDE1CE7929441
:1010700039C6BEF79EF79EF79EF79EF79EF79EF73E
:101080009EF79EF79EF79EF7BEF73DE7D39CBAD634
:10109000FBDEFBDEFBDEFBDEFBDEFBDEFBDEFBDE88
:1010A000FBDE1CE7B294F8BDBFF79EF79EF79EF7F4
:1010B0009EF79EF79EF7BEF7BBD6718CFBDE1CE752
:1010C0001CE71CE71CE71CE71CE71CE71CE7718C0E
:1010D00018BEBFF79EF79EF79EF79EF79EF79EF706
:1010E000DFF700000000000000000000000000002A
:1010F00000000000000000000000000000000000F0
:10110000000000000000FFFF9EF79EF79EF79EF78D
:101110009EF79EF79EF79EF79EF79EF79EEFD39C55
:1011200018C6FBDEDBDEDBDEDBDEDBDEDBDEDBDEB2
:10113000DBDEDBDEFBDE75AD75ADBEF79EF79EF741
:101140009EF79EF79EF79EF79EF79EF79EF7BEF7D7
:101150009AD6D39CDBDEDBDEDBDEDBDEDBDEBAD683
:101160001084FBDE96B5B294FBDEDBDEDBDEDBDE7D
:10117000DBDEDBDEDBDEDBDEDBDEDBDE9AD6B29463
:101180005DEF9EF79EF79EF79EF79EF79EF79EF700
:10119000BFF714A534A5FBDEDBDEDBDEDBDEDBDE4A
:1011A000DBDEDBDEDBDEDBDEFBDE59CE34A59EEFF5
:1011B0009EF79EF79EF79EF79EF79EF79EF775ADFA
:1011C000B294DBDEDBDEDBDEDBDEDBDEDBDEDBDECA
:1011D000DBDEDBDEFBDEFBDEDBDEDBDEDBDEDBDE07
:1011E000DBDEDBDEDBDEDBDEFBDE9AD6518C59CECE
:1011F000BEF79EF79EF79EF79EF79EF79EF79EF727
:10120000BEF79AD6718CDBDEDBDEDBDEDBDEDBDE1F
:10121000DBDEDBDEDBDEDBDEDBDEDBDED39CDBD658
:10122000BEF79EF79EF79EF79EF79EF79EF79EF7F6
:101230009EF7BEF73CE73084BAD6DBDEDBDEDBDED2
:10124000DBDEDBDEDBDEDBDEDBDEDBDEFBDE929449
:1012500039C6BEF79EF79EF79EF79EF79EF79EF75C
:101260009EF79EF79EF79EF7BEF73DE7B2949AD69B
:10127000DBDEDBDEDBDEDBDEDBDEDBDEDBDEDBDEA6
:10128000DBDEFBDEB294F8BDBFF79EF79EF79EF75C
:101290009EF79EF79EF7BEF7DBD6EF7BD7BDF7BD77
:1012A000F7BDF7BDF7BDF7BDF7BDF7BD18C6EF7BBE
:1012B00018BEBFF79EF79EF79EF79EF79EF79EF724
:1012C000BEF7000000000000000000000000000069
:1012D000000000000000000000000000000000000E
:1012E000000000000000FFFF9EF79EF79EF79EF7AC
:1012F0009EF79EF79EF79EF79EF79EF79EEFD39C74
:10130000F7BDDBDEBAD6BAD6BAD6BAD6BAD6BAD610
:10131000BAD6BAD6DBDE55AD75ADBEF79EF79EF7F1
:101320009EF79EF79EF79EF79EF79EF79EF7BEF7F5
:101330009AD6B294BAD6BAD6BAD6BAD6BADE9AD6AF
:10134000EF7BFBDE96B59294DBDEBAD6BAD6BAD680
:10135000BAD6BAD6BAD6BAD6BAD6DBDE79CEB29477
:101360005DEF9EF79EF79EF79EF79EF79EF79EF71E
:10137000BFF714A514A5DBDEBAD6BAD6BAD6BAD64C
:10138000BAD6BAD6BAD6BAD6DBDE38C634A59EEF00
:101390009EF79EF79EF79EF79EF79EF7BEF77DEFAE
:1013A000B29475ADDBDEBAD6BAD6BAD6BAD6BAD64C
:1013B000BAD6BAD6BAD6BAD6BAD6BAD6BAD6BAD6AD
:1013C000BAD6BAD6BAD6BADEBAD6B29476AD9EF747
:1013D0009EF79EF79EF79EF79EF79EF79EF79EF765
:1013E000BEF79AD6718CBAD6BADEBAD6BAD6BAD603
:1013F000BAD6BAD6BAD6BAD6BADEBAD6B294DBD68E
:10140000BEF79EF79EF79EF79EF79EF79EF79EF714
:101410009EF7BEF73CE730849AD6BAD6BAD6BAD68B
:10142000BAD6BAD6BAD6BAD6BAD6BAD6DBDE718CA6
:1014300039C6BEF79EF79EF79EF79EF79EF79EF77A
:101440009EF79EF79EF79EF7BEF73DE7B29479CEE2
:10145000DBDEBAD6BAD6BAD6BAD6BAD6BAD6BAD6E3
:10146000BAD6DBDE9294F8BDBFF79EF79EF79EF7E3
:101470009EF79EF79EF7BEF73DE734A534A534A549
:1014800034A534A534A534A534A534A534A5F49CDD
:10149000FBDEBEF79EF79EF79EF79EF79EF79EF740
:1014A000BFF7000000000000000000000000000086
:1014B000000000000000000000000000000000002C
:1014C000000000000000FFFF9EF79EF79EF79EF7CA
:1014D0009EF79EF79EF79EF79EF79EF79EF7B394B2
:1014E000D7BDBAD69AD69AD69AD69AD69AD69AD638
:1014F0009AD69AD6BAD634A575ADBEF79EF79EF7A2
:101500009EF79EF79EF79EF79EF79EF79EF7BEF713
:101510009AD6B2949AD69AD69AD69AD6BAD69AD655
:10152000EF7BFBDE96B59294BAD69AD69AD69AD627
:101530009AD69AD69AD69AD69AD6BAD659CEB2947E
:101540005DEF9EF79EF79EF79EF79EF79EF79EF73C
:10155000BFF714A5F39CBAD69AD69AD69AD69AD63D
:101560009AD69AD69AD69AD6BAD618C634A59EEFE7
:101570009EF79EF79EF79EF79EF79EF79EF7BEF7A3
:10158000FBDE3084F7BDBAD69AD69AD69AD69AD6CA
:101590009AD69AD69AD69AD69AD69AD69AD69AD6CB
:1015A0009AD69AD69AD6BAD634A5D3947EEFBEF7F9
:1015B0009EF79EF79EF79EF79EF79EF79EF79EF783
:1015C000BEF79AD6518C9AD6BAD69AD69AD69AD6C9
:1015D0009AD69AD69AD69AD6BAD69AD6B294DBD654
:1015E000BEF79EF79EF79EF79EF79EF79EF79EF733
:1015F0009EF7BEF73CE7308479CE9AD69AD69AD633
:101600009AD69AD69AD69AD69AD69AD6BAD6718CAD
:1016100059C6BFF7BEF7BEF7BEF7BEF7BEF7BEF7B7
:10162000BEF7BEF7BEF7BEF7BEF73DE7B29459CEA0
:10163000BAD69AD69AD69AD69AD69AD69AD69AD60A
:101640009AD6BAD69294F8BDBFF79EF79EF79EF74A
:101650009EF79EF79EF79EF79EF7BEF7BEF7BEF782
:10166000BEF7BEF7BEF7BEF7BEF7BEF7BEF7BEF7D2
:10167000BEF79EF79EF79EF79EF79EF79EF79EF7A2
:101680009EF70000000000000000000000000000C5
:10169000000000000000000000000000000000004A
:1016A000000000000000BEF7BEF79EF79EF79EF711
:1016B0009EF79EF79EF79EF79EF79EF79EF7B394D0
:1016C000D7BD9AD69AD69AD69AD69AD69AD69AD676
:1016D0009AD69AD69AD614A555ADBEF79EF79EF720
:1016E0009EF79EF79EF79EF79EF79EF79EF7BEF732
:1016F0009AD6929479CE9AD69AD69AD69AD679CE06
:10170000EF7BFBDE96B5718C9AD69AD69AD69AD68E
:101710009AD69AD69AD69AD69AD69AD638C6929405
:101720005DEFBEF79EF79EF79EF79EF79EF79EF73A
:10173000BFF714A5F39C9AD69AD69AD69AD69AD67B
:101740009AD69AD69AD69AD69AD6F7BD34A59EEF4F
:101750009EF79EF79EF79EF79EF79EF79EF79EF7E1
:10176000BEF738C6308459CE9AD69AD69AD69AD62B
:101770009AD69AD69AD69AD69AD69AD69AD69AD6E9
:101780009AD69AD69AD6B6B530841CDFBEF79EF7A5
:101790009EF79EF79EF79EF79EF79EF79EF79EF7A1
:1017A000BEF79AD6518C79CE9AD69AD69AD69AD630
:1017B0009AD69AD69AD69AD69AD679CEB294DBD6BB
:1017C000BEF79EF79EF79EF79EF79EF79EF79EF751
:1017D0009EF7BEF73CE7108459CE9AD69AD69AD691
:1017E0009AD69AD69AD69AD69AD69AD69AD6518C0C
:1017F000D7B51CE71CE71CE71CE71CE71CE71CE748
:101800001CE71CE71CE71CE75DE73DE7929438C640
:101810009AD69AD69AD69AD69AD69AD69AD69AD648
:101820009AD69AD6718CF8BDBFF79EF79EF79EF7B1
:101830009EF79EF79EF79EF79EF79EF79EF79EF700
:101840009EF79EF79EF79EF79EF79EF79EF79EF7F0
:101850009EF79EF79EF79EF79EF79EF79EF79EF7E0
:101860009EF70000000000000000000000000000E3
:101870000000000000000000000000000000000068
:10188000000000000000BEF79EF79EF79EF79EF74F
:101890009EF79EF79EF79EF79EF79EF79EF7B294EF
:1018A000B6B579CE79CE79CE79CE79CE79CE79CEDC
:1018B00079CE79CE79CE14A555ADBFF79EF79EF7B8
:1018C0009EF79EF79EF79EF79EF79EF79EF7BFF74F
:1018D0009AD6929479CE79CE79CE79CE79CE59CEE8
:1018E000CF7BFBDE96B5518C79CE79CE79CE79CE91
:1018F00079CE79CE79CE79CE79CE79CE18C6718C63
:101900001CE75DEF5DEF5DEF5DEF5DEF5DEF5DEFC0
:101910007EEFF39CD39C79CE79CE79CE79CE79CEF9
:1019200079CE79CE79CE79CE79CED7BD14A59EEF7A
:101930009EF79EF79EF79EF79EF79EF79EF79EF7FF
:101940009EF79EF755A5B29479CE79CE79CE79CE11
:1019500079CE79CE79CE79CE79CE79CE79CE79CE4F
:1019600079CE79CE18C6108459CEBEF79EF79EF771
:101970009EF79EF79EF79EF79EF79EF79EF79EF7BF
:10198000BEF79AD6308459CE79CE79CE79CE79CE3B
:1019900079CE79CE79CE79CE79CE59CE9294DBD6E6
:1019A000BEF79EF79EF79EF79EF79EF79EF79EF76F
:1019B0009EF7BEF73CE7108438CE79CE79CE79CE4B
:1019C00079CE79CE79CE79CE79CE79CE79CEB294E0
:1019D000EF7B518C518C518C518C518C518C518C92
:1019E000518C518C518C1084718C1CE7929418C6C8
:1019F00079CE79CE79CE79CE79CE79CE79CE79CEAF
:101A000079CE79CE518CF8BDBFF79EF79EF79EF741
:101A10009EF79EF79EF79EF79EF79EF79EF79EF71E
:101A20009EF79EF79EF79EF79EF79EF79EF79EF70E
:101A30009EF79EF79EF79EF79EF79EF79EF79EF7FE
:101A4000BEF70000000000000000000000000000E1
:101A50000000000000000000000000000000000086
:101A6000000000000000DFF79EF79EF79EF79EF74C
:101A70009EF79EF79EF79EF79EF79EF79EF7B2940D
:101A800096B559CE59CE59CE59CE59CE59CE59CEFA
:101A900059CE59CE59CEF39C14A55DEF5DE75DE7B5
:101AA0005DE75DE75DE75DE75DE75DE75DE73DE736
:101AB00075AD929459CE59CE59CE59CE59CE38C61D
:101AC000CF7BFBDE96B5518C59CE59CE59CE59CE2F
:101AD00059CE59CE59CE59CE59CE59CE18C6CF7BF4
:101AE000EF7B108410841084108410841084108480
:101AF00010844D6B14A559CE59CE59CE59CE59CE1E
:101B000059CE59CE59CE59CE59CEB6BD14A59EEF59
:101B10009EF79EF79EF79EF79EF79EF79EF79EF71D
:101B20009EF7BEF75DEF718C34A559CE59CE59CED4
:101B300059CE59CE59CE59CE59CE59CE59CE59CE6D
:101B400059CE38C6718C96ADBEF79EF79EF79EF7BC
:101B50009EF79EF79EF79EF79EF79EF79EF79EF7DD
:101B6000BEF79AD6308438C659CE59CE59CE59CE02
:101B700059CE59CE59CE59CE59CE38C69294DBD6CD
:101B8000BEF79EF79EF79EF79EF79EF79EF79EF78D
:101B90009EF7BEF73CE7108438C659CE59CE59CED1
:101BA00059CE59CE59CE59CE59CE59CE59CE38C626
:101BB00018C618C618C618C618C618C618C618C635
:101BC00018C618C618C696B5CF7BFCDE929418C608
:101BD00059CE59CE59CE59CE59CE59CE59CE59CECD
:101BE00059CE59CE518CF8BDBFF79EF79EF79EF7A0
:101BF0009EF79EF79EF79EF79EF79EF79EF79EF73D
:101C00009EF79EF79EF79EF79EF79EF79EF79EF72C
:101C10009EF79EF79EF79EF79EF79EF79EF79EF71C
:101C20009EF700000000000000000000000000001F
:101C300000000000000000000000000000000000A4
:101C40000000000000009FF7BEF79EF79EF79EF78A
:101C50009EF79EF79EF79EF79EF79EF79EF7B2942B
:101C600075AD38C638C638C638C638C638C638C660
:101C700038C638C638C634A56D6BEF7BEF7BEF7B7B
:101C8000EF7BEF7BEF7BEF7BEF7BEF7BEF7BCF7B24
:101C90003084B6BD38C638C638C638C638C618C649
:101CA000CF7BFBDE96B5308438C638C638C638C61A
:101CB00038C638C638C638C638C638C638C6F7BD7E
:101CC000D7BDD7BDD7BDD7BDD7BDD7BDD7BDD7BD74
:101CD000D7BDD7BD18C638C638C638C638C638C608
:101CE00038C638C638C638C638C6B6B514A59EF745
:101CF0009EF79EF79EF79EF79EF79EF79EF79EF73C
:101D00009EF79EF7BEF7DBDE1084B6B538C638C640
:101D100038C638C638C638C638C638C638C638C6D3
:101D200038C6D39CB2947EEFBEF79EF79EF79EF71F
:101D30009EF79EF79EF79EF79EF79EF79EF79EF7FB
:101D4000BEF79AD6108418C638C638C638C638C604
:101D500038C638C638C638C638C618C6718CDBD601
:101D6000BEF79EF79EF79EF79EF79EF79EF79EF7AB
:101D70009EF7BEF73CE7108418C638C638C638C68A
:101D800038C638C638C638C638C638C638C638C663
:101D900038C638C638C638C638C638C638C638C653
:101DA00038C638C638C696B5EF7BFCDE9294F7BDD0
:101DB00038C638C638C638C638C638C638C638C633
:101DC00038C638C63084F8BDBFF79EF79EF79EF739
:101DD0009EF79EF79EF79EF79EF79EF79EF79EF75B
:101DE0009EF79EF79EF79EF79EF79EF79EF79EF74B
:101DF0009EF79EF79EF79EF79EF79EF79EF79EF73B
:101E0000BEF700000000000000000000000000001D
:101E100000000000000000000000000000000000C2
:101E2000000000000000BFF79EF79EF79EF79EF7A8
:101E30009EF79EF79EF79EF79EF79EF79EF7B29449
:101E400055AD18C618C618C618C618C618C618C67E
:101E500018C618C618C6F7C5D7BDD7BDD7BDD7BDDC
:101E6000D7BDD7BDD7BDD7BDD7BDD7BDD7BDD7BDD2
:101E700018C618C618C618C618C618C618C6D7BDBC
:101E8000CF7B3CE796B5308418C618C618C618C66E
:101E900018C618C618C618C618C618C618C618C652
:101EA00018C618C618C618C618C618C618C618C642
:101EB00018C618C618C618C618C618C618C618C632
:101EC00018C618C618C618C618C696B514A59EF723
:101ED0009EF79EF79EF79EF79EF79EF79EF79EF75A
:101EE0009EF79EF79EF7BEF755ADD39C18C618C651
:101EF00018C618C618C618C618C618C618C618C6F2
:101F0000B6B5EF7BFCDEBEF79EF79EF79EF79EF719
:101F10009EF79EF79EF79EF79EF79EF79EF79EF719
:101F2000BEF79AD61084F7C518C618C618C618C6C4
:101F300018C618C618C618C618C6F7C5718CDBD6E1
:101F4000BEF79EF79EF79EF79EF79EF79EF79EF7C9
:101F50009EF7BEF73CE7EF7BF7BD18C618C618C65C
:101F600018C618C618C618C618C618C618C6F7C5A3
:101F7000F7BDD7BDD7BDD7BDD7BDD7BDD7BDD7BDA1
:101F8000D7BDD7BDF7BD55ADCF7BFCDE718CD7BDBE
:101F900018C618C618C618C618C618C618C618C651
:101FA00018C618C63084F8BDBFF79EF79EF79EF797
:101FB0009EF79EF79EF79EF79EF79EF79EF79EF779
:101FC0009EF79EF79EF79EF79EF79EF79EF79EF769
:101FD0009EF79EF79EF79EF79EF79EF79EF79EF759
:101FE0009EF700000000000000000000000000005C
:101FF00000000000000000000000000000000000E1
:10200000000000000000BFF79EF79EF79EF79EF7C6
:102010009EF79EF79EF79EF79EF79EF79EF7929487
:1020200034ADF7BDF7BDF7BDF7BDF7BDF7BDF7BDE3
:10203000F7BDF7BDF7BDF7BDD7BDD7BDD7BDD7BD80
:10204000D7BDD7BDD7BDD7BDD7BDD7BDD7BDD7BDF0
:10205000D7BDD7BDD7BDD7BDD7BDD7BD75AD108452
:1020600035A5BFF796AD1084F7C5F7BDF7BDF7BD31
:10207000F7BDF7BDF7BDF7BDF7BDF7BDF7BDF7BDC0
:10208000F7BDF7BDF7BDF7BDF7BDF7BDF7BDF7BDB0
:10209000F7BDF7BDF7BDF7BDF7BDF7BDF7BDF7BDA0
:1020A000F7BDF7BDF7BDF7BDF7BD75ADF49C9EF765
:1020B0009EF79EF79EF79EF79EF79EF79EF79EF778
:1020C0009EF79EF79EF7BEF7B6B5929418C6F7BD79
:1020D000F7BDF7BDF7BDF7BDF7BDF7BDF7BDF7BD60
:1020E00055AD10847EEF9EF79EF79EF79EF79EF704
:1020F0009EF79EF79EF79EF79EF79EF79EF79EF738
:10210000BEF79AD61084F7BDF7BDF7BDF7BDF7BD92
:10211000F7BDF7BDF7BDF7BDF7BDF7BD518CDBD6F9
:10212000BEF79EF79EF79EF79EF79EF79EF79EF7E7
:102130009EF7BEF73CE7EF7BD7BDF7BDF7BDF7BD18
:10214000F7BDF7BDF7BDF7BDF7BDF7BDF7BD91947E
:1021500030849294929492949294929492949294C1
:10216000929492949294518C92941CE7718CB6B58F
:10217000F7BDF7BDF7BDF7BDF7BDF7BDF7BDF7BDBF
:10218000F7BDF7C51084F8BDBFF79EF79EF79EF721
:102190009EF79EF79EF79EF79EF79EF79EF79EF797
:1021A0009EF79EF79EF79EF79EF79EF79EF79EF787
:1021B0009EF79EF79EF79EF79EF79EF79EF79EF777
:1021C0009EF700000000000000000000000000007A
:1021D00000000000000000000000000000000000FF
:1021E000000000000000BEF79EF79EF79EF79EF7E6
:1021F0009EF79EF79EF79EF79EF79EF79EF79294A6
:1022000034A5D7BDD7BDD7BDD7BDD7BDD7BDD7BDE9
:10221000D7BDD7BDD7BD14A5AE731084108410846C
:10222000108410841084108410841084108410840E
:10223000108410841084108410843084518C96B5DE
:102240007DEFBFF796ADEF7BF7BDD7BDD7BDD7BD4F
:10225000D7BDD7BDD7BDD7BDD7BDD7BDB6B5108407
:10226000AE73AE73AE73AE73AE73AE73AE73AE7366
:10227000AE738E7314A5D7BDD7BDD7BDD7BDD7BD9F
:10228000D7BDD7BDD7BDD7BDD7BD55ADF39C9EF744
:102290009EF79EF79EF79EF79EF79EF79EF79EF796
:1022A0009EF79EF79EF7BEF7B6B59294F7BDD7BDE1
:1022B000D7BDD7BDD7BDD7BDD7BDD7BDD7BDD7BD7E
:1022C00055AD10847EEF9EF79EF79EF79EF79EF722
:1022D0009EF79EF79EF79EF79EF79EF79EF79EF756
:1022E000BEF79AD6EF7BD7BDD7BDD7BDD7BDD7BD7B
:1022F000D7BDD7BDD7BDD7BDD7BDD7BD518CDBDED0
:10230000BEF79EF79EF79EF79EF79EF79EF79EF705
:102310009EF7BEF73CE7EF7BB6B5D7BDD7BDD7BDBF
:10232000D7BDD7BDD7BDD7BDD7BDD7BDD7BDEF7B37
:10233000D7BD3DE73CE73CE73CE73CE73CE73CE713
:102340003CE73CE73CE73CE75DEF3DE7718C96B549
:10235000D7BDD7BDD7BDD7BDD7BDD7BDD7BDD7BDDD
:10236000D7BDD7BD1084F8BDBFF79EF79EF79EF787
:102370009EF79EF79EF79EF79EF79EF79EF79EF7B5
:102380009EF79EF79EF79EF79EF79EF79EF79EF7A5
:102390009EF79EF79EF79EF79EF79EF79EF79EF795
:1023A0009EF7000000000000000000000000000098
:1023B000000000000000000000000000000000001D
:1023C000000000000000BEF79EF79EF79EF79EF704
:1023D0009EF79EF79EF79EF79EF79EF79EF79294C4
:1023E00014A5B6BDB6B5B6B5B6B5B6B5B6B5B6B53F
:1023F000B6B5B6B5D7BD718CD39CFCDEFBDEFBDE7B
:10240000FBDEFBDEFBDEFBDEFBDEFBDEFBDEFBDE04
:10241000FBDEFBDEFBDEFBDEFBDE1CE77DEFBEF75B
:10242000BEF7BFF776ADEF7BD7BDB6B5B6B5B6B5DF
:10243000B6B5B6B5B6B5B6B5B6B5B6B575ADEF7B8E
:1024400079CE9AD69AD69AD69AD69AD69AD69AD635
:10245000BAD6718C518CD7BDB6B5B6B5B6B5B6B5D2
:10246000B6B5B6B5B6B5B6B5B6BD34A5F39C9EF750
:102470009EF79EF79EF79EF79EF79EF79EF79EF7B4
:102480009EF79EF79EF7BEF7B6B5718CD7BDB6B571
:10249000B6B5B6B5B6B5B6B5B6B5B6B5B6B5B6BDDC
:1024A00034A510847EEF9EF79EF79EF79EF79EF769
:1024B0009EF79EF79EF79EF79EF79EF79EF79EF774
:1024C000BEF79AD6EF7BB6B5B6B5B6B5B6B5B6B566
:1024D000B6B5B6B5B6B5B6B5B6B5B6B53084DBDE0D
:1024E000BEF79EF79EF79EF79EF79EF79EF79EF724
:1024F0009EF7BEF73CE7CF7B96B5B6B5B6B5B6B599
:10250000B6B5B6B5B6B5B6B5B6B5B6B5B6BDEF7B6C
:1025100059C6BFF7BEF7BEF7BEF7BEF7BEF7BEF7A8
:10252000BEF7BEF7BEF7BEF7BEF73DE7518C75ADFF
:10253000B6B5B6B5B6B5B6B5B6B5B6B5B6B5B6B543
:10254000B6B5D7BDEF7BF8BDBFF79EF79EF79EF7F8
:102550009EF79EF79EF79EF79EF7BEF7BEF7BEF773
:10256000BEF7BEF7BEF7BEF7BEF7BEF7BEF7BEF7C3
:10257000BEF79EF79EF79EF79EF79EF79EF79EF793
:102580009EF70000000000000000000000000000B6
:10259000000000000000000000000000000000003B
:1025A000000000000000BEF79EF79EF79EF79EF722
:1025B0009EF79EF79EF79EF79EF79EF79EF79294E2
:1025C000F39CB6B596B596B596B596B596B596B54F
:1025D00096B596B5B6B5718C55ADBFF7BEF7BEF7DB
:1025E000BEF7BEF7BEF7BEF7BEF7BEF7BEF7BEF743
:1025F000BEF7BEF7BEF7BEF7BEF7BEF7BEF79EF753
:102600009EF7BFF776ADCF7BB6B596B596B596B5C6
:1026100096B596B596B596B596B596B555AD518C19
:102620007DEFBEF7BEF7BEF7BEF7BEF7BEF7BEF74B
:10263000DFF714A53084B6B596B596B596B596B5C0
:1026400096B596B596B596B596B514A5F39C9EF736
:102650009EF79EF79EF79EF79EF79EF79EF79EF7D2
:102660009EF79EF79EF7BEF7B6B5718CB6B596B5D8
:1026700096B596B596B596B596B596B596B596B502
:1026800014A5107C7EEF9EF79EF79EF79EF79EF7AF
:102690009EF79EF79EF79EF79EF79EF79EF79EF792
:1026A000BEF79AD6CF7B96B596B596B596B596B544
:1026B00096B596B596B596B596B596B53084DBDEEB
:1026C000BEF79EF79EF79EF79EF79EF79EF79EF742
:1026D0009EF7BEF73CE7CF7B75AD96B596B596B540
:1026E00096B596B596B596B596B596B596B5EF7B73
:1026F00039C6BEF79EF79EF79EF79EF79EF79EF7A8
:102700009EF79EF79EF79EF7BEF73DE7518C55ADBD
:1027100096B596B596B596B596B596B596B596B561
:1027200096B5B6B5EF7BF8BDBFF79EF79EF79EF75F
:102730009EF79EF79EF7BEF73CE7718C10841084DD
:102740001084108410841084108410841084EF7B13
:10275000BAD6BEF79EF79EF79EF79EF79EF79EF7B6
:102760009EF70000000000000000000000000000D4
:102770000000000000000000000000000000000059
:10278000000000000000BFF79EF79EF79EF79EF73F
:102790009EF79EF79EF79EF79EF79EF79EF7929400
:1027A000D39C96B575B575B575B575B575B575B573
:1027B00075B575B596B5518C55ADBEF79EF79EF7BC
:1027C0009EF79EF79EF79EF79EF79EF79EF79EF761
:1027D0009EF79EF79EF79EF79EF79EF79EF79EF751
:1027E0009EF7BFF776ADCF7B96B575B575B575B568
:1027F00075B575B575B575B575B575B534A5518C27
:102800005DEF9EF79EF79EF79EF79EF79EF79EF769
:10281000BFF714A5308496B575B575B575B575B5A2
:1028200075B575B575B575B596B5F3A4F39C9EF7FA
:102830009EF79EF79EF79EF79EF79EF79EF79EF7F0
:102840009EF79EF79EF7BEF7B6B5518C96B575B557
:1028500075B575B575B575B575B575B575B596B507
:10286000F39CEF7B7EEF9EF79EF79EF79EF79EF719
:102870009EF79EF79EF79EF79EF79EF79EF79EF7B0
:10288000BEF79AD6CF7B75AD75B575B575B575B50F
:1028900075B575B575B575B575B575AD1084DBDEF7
:1028A000BEF79EF79EF79EF79EF79EF79EF79EF760
:1028B0009EF7BEF73CE7CF7B55AD75B575B575B5E1
:1028C00075B575B575B575B575B575B596B5CF7B77
:1028D00039C6BEF79EF79EF79EF79EF79EF79EF7C6
:1028E0009EF79EF79EF79EF7BEF73DE7518C34ADFD
:1028F00075B575B575B575B575B575B575B575B588
:1029000075B596B5CF7BF8BDBFF79EF79EF79EF7DE
:102910009EF79EF79EF7BEF7DBD64D6B71949294AF
:1029200092949294929492949294929492940C632E
:10293000F8BDBFF79EF79EF79EF79EF79EF79EF7AE
:102940009EF70000000000000000000000000000F2
:102950000000000000000000000000000000000077
:102960000000000000009FF7BEF79EF79EF79EF75D
:102970009EF79EF79EF79EF79EF79EF79EF792941E
:10298000B29C75AD55AD55AD55AD55AD55AD55ADCB
:1029900055AD55AD75AD308455ADBEF79EF79EF77C
:1029A0009EF79EF79EF79EF79EF79EF79EF79EF77F
:1029B0009EF79EF79EF79EF79EF79EF79EF79EF76F
:1029C0009EF7BFF776ADAE7375AD55AD55AD55AD50
:1029D00055AD55AD55AD55AD55AD75AD14A530845E
:1029E0005DEF9EF79EF79EF79EF79EF79EF79EF788
:1029F000BFF714A5108475AD55AD55AD55AD55ADAA
:102A000055AD55AD55AD55AD75ADF39CD39C9EF709
:102A10009EF79EF79EF79EF79EF79EF79EF79EF70E
:102A20009EF79EF79EF7BEF7B6B5308475AD55ADEF
:102A300055AD55AD55AD55AD55AD55AD55AD75AD66
:102A4000D39CEF7B7EEF9EF79EF79EF79EF79EF757
:102A50009EF79EF79EF79EF79EF79EF79EF79EF7CE
:102A6000BEF79AD6AE7355AD55AD55AD55AD55AD16
:102A700055AD55AD55AD55AD55AD55AD1084DBDEFD
:102A8000BEF79EF79EF79EF79EF79EF79EF79EF77E
:102A90009EF7BEF73CE7CF7B34A555AD55AD55ADA0
:102AA00055AD55AD55AD55AD55AD55AD75ADCF7BAE
:102AB00039C6BEF79EF79EF79EF79EF79EF79EF7E4
:102AC0009EF79EF79EF79EF7BEF73DE7308414A56C
:102AD00075AD55AD55AD55AD55AD55AD55AD55ADC6
:102AE00055AD75ADCF7BF8BDBFF79EF79EF79EF74E
:102AF0009EF79EF79EF7BEF7DBDECF7B55AD75AD3B
:102B000075AD75AD75AD75AD75AD75AD75AD8E73D6
:102B100018BEBFF79EF79EF79EF79EF79EF79EF7AB
:102B2000BEF70000000000000000000000000000F0
:102B30000000000000000000000000000000000095
:102B4000000000000000DFF79EF79EF79EF79EF75B
:102B50009EF79EF79EF79EF79EF79EF79EF7728C64
:102B6000B29455AD34AD34AD34AD34AD34AD34ADD7
:102B700034AD34AD55AD308455ADBEF79EF79EF7FC
:102B80009EF79EF79EF79EF79EF79EF79EF79EF79D
:102B90009EF79EF79EF79EF79EF79EF79EF79EF78D
:102BA0009EF7BFF776AD8E7355AD34AD34AD34AD11
:102BB00034AD34AD34AD34AD34AD55ADF39C30846B
:102BC0005DEF9EF79EF79EF79EF79EF79EF79EF7A6
:102BD000BFF714A5EF8355AD34AD34AD34AD34AD8E
:102BE00034AD34AD34AD34AD55ADD39CD39C9EF7EC
:102BF0009EF79EF79EF79EF79EF79EF79EF79EF72D
:102C00009EF79EF79EF7BEF7B6B5308455AD34AD4E
:102C100034AD34AD34AD34AD34AD34AD34AD55AD8B
:102C2000B29CEF7B7EEF9EF79EF79EF79EF79EF796
:102C30009EF79EF79EF79EF79EF79EF79EF79EF7EC
:102C4000BEF79AD6AE7334A555AD34AD34AD34ADC0
:102C500034AD34AD34AD34AD55AD34A51084DBDEC8
:102C6000BEF79EF79EF79EF79EF79EF79EF79EF79C
:102C70009EF7BEF73CE7AE7314A555AD34AD34AD49
:102C800034AD34AD34AD34AD34AD34AD55ADAE73DB
:102C900039C6BEF79EF79EF79EF79EF79EF79EF702
:102CA0009EF79EF79EF79EF7BEF73DE7308414A58A
:102CB00055AD34AD34AD34AD34AD34AD34AD34ADEB
:102CC00055AD55ADAE73F8BDBFF79EF79EF79EF7B5
:102CD0009EF79EF79EF7BEF7DBDEAE7334A555ADCB
:102CE00034AD34AD34AD34AD34AD34AD55AD6D6BC4
:102CF00018BEBFF79EF79EF79EF79EF79EF79EF7CA
:102D00009EF700000000000000000000000000002E
:102D100000000000000000000000000000000000B3
:102D2000000000000000BEF79EF79EF79EF79EF79A
:102D30009EF79EF79EF79EF79EF79EF79EF7728C82
:102D4000929434A534A534A534A534A534A534A56E
:102D500034A534A534A5108455ADBEF79EF79EF773
:102D60009EF79EF79EF79EF79EF79EF79EF79EF7BB
:102D70009EF79EF79EF79EF79EF79EF79EF79EF7AB
:102D80009EF7BFF776AD8E7334A534A534A534A570
:102D900034A534A534A534A534A534A5D39C3084FA
:102DA0005DEF9EF79EF79EF79EF79EF79EF79EF7C4
:102DB000BFF714A5EF7B34A534A534A534A534A5FD
:102DC00034A534A534A534A534A5B294D39C9EF77C
:102DD0009EF79EF79EF79EF79EF79EF79EF79EF74B
:102DE0009EF79EF79EF7BEF7B6B5108434A534A5BE
:102DF00034A534A534A534A534A534A534A534A50B
:102E0000B294EF7B7EEF9EF79EF79EF79EF79EF7BC
:102E10009EF79EF79EF79EF79EF79EF79EF79EF70A
:102E2000BEF79AD68E7314A534A534A534A534A55F
:102E300034A534A534A534A534A514A5EF7BDBDE79
:102E4000BEF79EF79EF79EF79EF79EF79EF79EF7BA
:102E50009EF7BEF73CE7AE73F3A434A534A534A5C2
:102E600034A534A534A534A534A534A534A5AE7352
:102E700039C6BEF79EF79EF79EF79EF79EF79EF720
:102E80009EF79EF79EF79EF7BEF73DE73084F39CD2
:102E900034A534A534A534A534A534A534A534A56A
:102EA00034A534A5AE7318BEBFF79EF79EF79EF704
:102EB0009EF79EF79EF7BEF7DBDEAE7314A534A532
:102EC00034A534A534A534A534A534A534A56D6B3B
:102ED00018BEBFF79EF79EF79EF79EF79EF79EF7E8
:102EE000BEF700000000000000000000000000002D
:102EF00000000000000000000000000000000000D2
:102F0000000000000000BEF7BEF79EF79EF79EF798
:102F10009EF79EF79EF79EF79EF79EF79EF7718CA1
:102F2000718C14A514A514A514A514A514A514A595
:102F300014A514A514A5EF7B55ADBEF79EF79EF71B
:102F40009EF79EF79EF79EF79EF79EF79EF79EF7D9
:102F50009EF79EF79EF79EF79EF79EF79EF79EF7C9
:102F60009EF7BFF776AD6D6B14A514A514A514A537
:102F700014A514A514A514A514A514A5D29C1084F9
:102F80007DEF9EF79EF79EF79EF79EF79EF79EF7C2
:102F9000BFF714A5CF7B14A514A514A514A514A5DB
:102FA00014A514A514A514A514A59294D39C9EF75A
:102FB0009EF79EF79EF79EF79EF79EF79EF79EF769
:102FC0009EF79EF79EF7BEF7B6B5EF7B14A514A546
:102FD00014A514A514A514A514A514A514A514A529
:102FE0009294EF7B7EEF9EF79EF79EF79EF79EF7FB
:102FF0009EF79EF79EF79EF79EF79EF79EF79EF729
:10300000BEF79AD68E73F39C14A514A514A514A527
:1030100014A514A514A514A514A5F39CEF7BDBDE61
:10302000BEF79EF79EF79EF79EF79EF79EF79EF7D8
:103030009EF7BEF73CE7AE73F39C14A514A514A548
:1030400014A514A514A514A514A514A514A58E7370
:1030500059CEBFF7BEF7BEF7BEF7BEF7BEF7BEF755
:10306000BEF7BEF7BEF7BEF7BFF73DE71084D39CAF
:1030700014A514A514A514A514A514A514A514A588
:1030800014A514A58E73F7BDDFF7BEF7BEF7BEF724
:10309000BEF7BEF7BEF7BFF7DBDE8E73F39C14A559
:1030A00014A514A514A514A514A514A514A54D6B59
:1030B00018BEBFF79EF79EF79EF79EF79EF79EF706
:1030C000BEF700000000000000000000000000004B
:1030D00000000000000000000000000000000000F0
:1030E000000000000000FFF79EF79EF79EF79EF796
:1030F0009EF79EF79EF79EF79EF79EF79EF7718CC0
:10310000518CF39CF39CF39CF39CF39CF39CF39CF9
:10311000F39CF39CF39CEF7B55ADBEF79EF79EF7B7
:103120009EF79EF79EF79EF79EF79EF79EF79EF7F7
:103130009EF79EF79EF79EF79EF79EF79EF79EF7E7
:103140009EF7BFF776AD6D6BF39CF39CF39CF39CFD
:10315000F39CF39CF39CF39CF39CF39CB29410843B
:103160007DEF9EF79EF79EF79EF79EF79EF79EF7E0
:10317000BFF714A5AE73F39CF39CF39CF39CF39CF4
:10318000F39CF39CF39CF39CF39C718CD39C9EF773
:103190009EF79EF79EF79EF79EF79EF79EF79EF787
:1031A0009EF79EF79EF7BFF7B6B5EF7BF39CF39CB7
:1031B000F39CF39CF39CF39CF39CF39CF39CF39C97
:1031C000718CEF7B7EEF9EF79EF79EF79EF79EF742
:1031D0009EF79EF79EF79EF79EF79EF79EF79EF747
:1031E000BEF79AD68E73D39CF39CF39CF39CF39C0E
:1031F000F39CF39CF39CF39CF39CD39CCF7BDBDE92
:10320000BEF79EF79EF79EF79EF79EF79EF79EF7F6
:103210009EF7BEF73CE78E73D39CF39CF39CF39C24
:10322000F39CF39CF39CF39CF39CF39CF39C6D6BDD
:10323000518C34A534A534A534A534A534A534A5C2
:1032400034A534A534A514A5D7BD3CE71084B294A9
:10325000F39CF39CF39CF39CF39CF39CF39CF39CF6
:10326000F39CF39C1084EF7B34A534A534A534A5DE
:1032700034A534A534A534A5718C8E73F39CF39CCE
:10328000F39CF39CF39CF39CF39CF39CF39C4D6B9D
:1032900018BEBFF79EF79EF79EF79EF79EF79EF724
:1032A0009EF7000000000000000000000000000089
:1032B000000000000000000000000000000000000E
:1032C000000000000000FFFF9EF79EF79EF79EF7AC
:1032D0009EF79EF79EF79EF79EF79EF79EF7718CDE
:1032E0003084D39CD39CD39CD39CD39CD39CD39C21
:1032F000D39CD39CD39CCF7B55A5BEF79EF79EF75E
:103300009EF79EF79EF79EF79EF79EF79EF79EF715
:103310009EF79EF79EF79EF79EF79EF79EF79EF705
:103320009EF7BFF776AD4D6BD39CD39CD39CD39CBB
:10333000D39CD39CD39CD39CD39CD39C9294108439
:103340007DEF9EF79EF79EF79EF79EF79EF79EF7FE
:10335000BFF714A5AE73D39CD39CD39CD39CD39CB2
:10336000D39CD39CD39CD39CD39C518CB3949EF779
:103370009EF79EF79EF79EF79EF79EF79EF79EF7A5
:103380009EF79EF79EF7BFF7B6B5CF7BD39CD39C35
:10339000D39CD39CD39CD39CD39CD39CD39CD39CB5
:1033A000518CEF7B7EEF9EF79EF79EF79EF79EF780
:1033B0009EF79EF79EF79EF79EF79EF79EF79EF765
:1033C000BEF79AD66D6BB29CD39CD39CD39CD39CF6
:1033D000D39CD39CD39CD39CD39CB29CCF7BDBDE71
:1033E000BEF79EF79EF79EF79EF79EF79EF79EF715
:1033F0009EF7BEF73CE78E73B294D39CD39CD39CCC
:10340000D39CD39CD39CD39CD39CD39CD39C718CB6
:10341000108410841084108410841084108410840C
:10342000108410841084AE73AE731CDF10849294E9
:10343000D39CD39CD39CD39CD39CD39CD39CD39C14
:10344000D39CD39CB29C308410841084108410844C
:1034500010841084108410841084B294D39CD39C64
:10346000D39CD39CD39CD39CD39CD39CD39C4D6B9B
:1034700018C6BFF79EF79EF79EF79EF79EF79EF73A
:10348000BFF7000000000000000000000000000086
:10349000000000000000000000000000000000002C
:1034A000000000000000FFFF9EF79EF79EF79EF7CA
:1034B0009EF79EF79EF79EF79EF79EF79EF7718CFC
:1034C0001084B294B294B294B294B294B294B2947E
:1034D000B294B294B29CAE7355A5BEF79EF79EF718
:1034E0009EF79EF79EF79EF79EF79EF79EF79EF734
:1034F0009EF79EF79EF79EF79EF79EF79EF79EF724
:103500009EF7BFF776AD2C6BB29CB294B294B29496
:10351000B294B294B294B294B294B294718C108476
:103520007DEF9EF79EF79EF79EF79EF79EF79EF71C
:10353000BFF714A58E73B29CB294B294B294B294B5
:10354000B294B294B294B294B294518CB2949EF765
:103550009EF79EF79EF79EF79EF79EF79EF79EF7C3
:103560009EF79EF79EF7BFF7B6B5AE73B29CB294C6
:10357000B294B294B294B294B294B294B294B2941B
:103580003084CF7B7EEF9EF79EF79EF79EF79EF7E7
:103590009EF79EF79EF79EF79EF79EF79EF79EF783
:1035A000BEF79AD66D6B9294B294B294B294B294E0
:1035B000B294B294B294B294B2949294AE73DBDEAD
:1035C000BEF79EF79EF79EF79EF79EF79EF79EF733
:1035D0009EF7BEF73CE78E739294B294B294B29485
:1035E000B294B294B294B294B294B294B294B294AB
:1035F000B294B294B294B294B294B294B294B2949B
:10360000B294B294B29C518CAE731CE71084718C4E
:10361000B294B294B294B294B294B294B294B2947A
:10362000B294B294B294B294B294B294B294B2946A
:10363000B294B294B294B294B294B294B294B2945A
:10364000B294B294B294B294B294B294B2948E738F
:103650009AD6BEF79EF79EF79EF79EF79EF79EF7C7
:10366000BEF70000000000000000000000000000A5
:10367000000000000000000000000000000000004A
:103680000000000000000000BEF79EF79EF79EF7C6
:103690009EF79EF79EF79EF79EF79EF79EF7718C1A
:1036A000108492949294929492949294929492947C
:1036B00092949294B294AE7355A5BEF79EF79EF77E
:1036C0009EF79EF79EF79EF79EF79EF79EF79EF752
:1036D0009EF79EF79EF79EF79EF79EF79EF79EF742
:1036E0009EF7BFF776AD2C63B29492949294929425
:1036F000929492949294929492949294518CF07B9E
:103700007DEF9EF79EF79EF79EF79EF79EF79EF73A
:10371000BFF714A56D73B29492949294929492947C
:10372000929492949294929492943084B2949EF74C
:103730009EF79EF79EF79EF79EF79EF79EF79EF7E1
:103740009EF79EF79EF7BFF796B5AE73B29492942C
:103750009294929492949294929492949294929439
:103760003084CF7B7EEF9EF79EF79EF79EF79EF705
:103770009EF79EF79EF79EF79EF79EF79EF79EF7A1
:10378000BEF79AD64D6B929492949294929492949E
:10379000929492949294929492949294AE73DBDE6B
:1037A000BEF79EF79EF79EF79EF79EF79EF79EF751
:1037B0009EF7BEF73CE78E73718C9294929492942C
:1037C00092949294929492949294929492949294C9
:1037D00092949294929492949294929492949294B9
:1037E0009294929492943084AE735DEFD3948E73DE
:1037F0009294929492949294929492949294929499
:103800009294929492949294929492949294929488
:103810009294929492949294929492949294929478
:10382000929492949294929492949294AE7B3084D7
:103830007DEF9EF79EF79EF79EF79EF79EF79EF709
:10384000DFF70000000000000000000000000000A2
:103850000000000000000000000000000000000068
:103860000000000000000000BEF79EF79EF79EF7E4
:103870009EF79EF79EF79EF79EF79EF79EF7518C58
:103880006D6BEF7BEF7BEF7BEF7BEF7BEF7BEF7B7A
:10389000EF7BEF7BEF7B2C6335A5BEF79EF79EF7A2
:1038A0009EF79EF79EF79EF79EF79EF79EF79EF770
:1038B0009EF79EF79EF79EF79EF79EF79EF79EF760
:1038C0009EF7BFF775ADAA5AEF7BEF7BEF7BEF7BDF
:1038D000EF7BEF7BEF7BEF7BEF7BEF7BAE73CF7B01
:1038E0007DEF9EF79EF79EF79EF79EF79EF79EF759
:1038F000BFF7F49CEB62EF7BEF7BEF7BEF7BEF7B23
:10390000EF7BEF7BEF7BEF7BEF7B8E7392949EF7E9
:103910009EF79EF79EF79EF79EF79EF79EF79EF7FF
:103920009EF79EF79EF7BFF796B52C63EF7BEF7B74
:10393000EF7BEF7BEF7BEF7BEF7BEF7BEF7BEF7B37
:103940008E73AE737EEF9EF79EF79EF79EF79EF7FF
:103950009EF79EF79EF79EF79EF79EF79EF79EF7BF
:10396000BEF79AD60C63CF7BEF7BEF7BEF7BEF7BD1
:10397000EF7BEF7BEF7BEF7BEF7BCF7B4D6BDBDE7A
:10398000BEF79EF79EF79EF79EF79EF79EF79EF76F
:103990009EF7BEF73CE74D6BCF7BEF7BEF7BEF7B7A
:1039A000EF7BEF7BEF7BEF7BEF7BEF7BEF7BEF7BC7
:1039B000EF7BEF7BEF7BEF7BEF7BEF7BEF7BEF7BB7
:1039C000EF7BEF7BEF7B8E738E737DEF1CE7518473
:1039D0004D6BAE73EF7BEF7BEF7BEF7BEF7BEF7B92
:1039E000EF7BEF7BEF7BEF7BEF7BEF7BEF7BEF7B87
:1039F000EF7BEF7BEF7BEF7BEF7BEF7BEF7BEF7B77
:103A0000EF7BEF7BEF7BEF7BCF7B4D6BEF7BDBD6F1
:103A1000BEF79EF79EF79EF79EF79EF79EF7BEF7BE
:103A2000BEF70000000000000000000000000000E1
:103A30000000000000000000000000000000000086
:103A400000000000000000009EF79EF79EF79EF722
:103A50009EF79EF79EF79EF79EF79EF79EF7F8BD9E
:103A6000F49C14A5F49CF39CD39CD39CD394D39442
:103A7000B294B294B294D39C9AD6BEF79EF79EF7B6
:103A80009EF79EF79EF79EF79EF79EF79EF79EF78E
:103A90009EF79EF79EF79EF79EF79EF79EF79EF77E
:103AA0009EF7BEF779CE3184718C718C718C718CDC
:103AB000718C718C718C718C718C718C518C14A582
:103AC0007EEF9EF79EF79EF79EF79EF79EF79EF776
:103AD000BEF738C6518C718C718C718C718C718C65
:103AE000718C718C718C718C718C518CB6B59EF708
:103AF0009EF79EF79EF79EF79EF79EF79EF79EF71E
:103B00009EF79EF79EF7BEF779CE518C718C718C23
:103B1000718C718C718C718C718C718C718C718CBD
:103B2000518C55AD9EEF9EF79EF79EF79EF79EF740
:103B30009EF79EF79EF79EF79EF79EF79EF79EF7DD
:103B4000BEF71CE79294718C718C718C718C718CA6
:103B5000718C718C718C718C718C718CB2943CE70E
:103B6000BEF79EF79EF79EF79EF79EF79EF79EF78D
:103B70009EF79EF75DEFF39C718C718C718C718C4C
:103B8000718C718C718C718C718C718C718C718C4D
:103B9000718C718C718C718C718C718C718C718C3D
:103BA000718C718C718C518C34A57EEFBEF77DEFDA
:103BB00018C614A59294718C718C718C718C718C57
:103BC000718C718C718C718C718C718C718C718C0D
:103BD000718C718C718C718C718C718C718C718CFD
:103BE000718C718C718C728CF39CD7BD5DE7BEF7C4
:103BF0009EF79EF79EF79EF79EF79EF79EF7BEF7FD
:103C0000FFFF0000000000000000000000000000B6
:103C100000000000000000000000000000000000A4
:103C200000000000000000009EF79EF79EF79EF740
:103C30009EF79EF79EF79EF79EF79EF79EF7BEF7BC
:103C4000BEF7BEF7BEF7BEF7BEF7BEF7BEF7BEF7CC
:103C5000BEF7BEF7BEF7BEF7BEF79EF79EF79EF71C
:103C60009EF79EF79EF79EF79EF79EF79EF79EF7AC
:103C70009EF79EF79EF79EF79EF79EF79EF79EF79C
:103C80009EF79EF7BEF7BEF7BEF7BEF7BEF7BEF7CC
:103C9000BEF7BEF7BEF7BEF7BEF7BEF7BEF7BEF77C
:103CA0009EF79EF79EF79EF79EF79EF79EF79EF76C
:103CB0009EF7BEF7BEF7BEF7BEF7BEF7BEF7BEF77C
:103CC000BEF7BEF7BEF7BEF7BEF7BEF7BEF79EF76C
:103CD0009EF79EF79EF79EF79EF79EF79EF79EF73C
:103CE0009EF79EF79EF79EF79EF7BEF7BEF7BEF7CC
:103CF000BEF7BEF7BEF7BEF7BEF7BEF7BEF7BEF71C
:103D0000BEF7BEF79EF79EF79EF79EF79EF79EF7CB
:103D10009EF79EF79EF79EF79EF79EF79EF79EF7FB
:103D20009EF79EF7BEF7BEF7BEF7BEF7BEF7BEF72B
:103D3000BEF7BEF7BEF7BEF7BEF7BEF7BEF79EF7FB
:103D40009EF79EF79EF79EF79EF79EF79EF79EF7CB
:103D50009EF79EF79EF7BEF7BEF7BEF7BEF7BEF71B
:103D6000BEF7BEF7BEF7BEF7BEF7BEF7BEF7BEF7AB
:103D7000BEF7BEF7BEF7BEF7BEF7BEF7BEF7BEF79B
:103D8000BEF7BEF7BEF7BEF7BEF79EF79EF79EF7EB
:103D9000BEF7BEF7BEF7BEF7BEF7BEF7BEF7BEF77B
:103DA000BEF7BEF7BEF7BEF7BEF7BEF7BEF7BEF76B
:103DB000BEF7BEF7BEF7BEF7BEF7BEF7BEF7BEF75B
:103DC000BEF7BEF7BEF7BEF7BEF7BFF7BEF79EF76A
:103DD0009EF79EF79EF79EF79EF79EF79EF7BEF71B
:103DE000FFFF0000000000000000000000000000D5
:103DF00000000000000000000000000000000000C3
:103E000000000000000000009FF79EF79EF79EF75D
:103E10009EF79EF79EF79EF79EF79EF79EF79EF7FA
:103E20009EF79EF79EF79EF79EF79EF79EF79EF7EA
:103E30009EF79EF79EF79EF79EF79EF79EF79EF7DA
:103E40009EF79EF79EF79EF79EF79EF79EF79EF7CA
:103E50009EF79EF79EF79EF79EF79EF79EF79EF7BA
:103E60009EF79EF79EF79EF79EF79EF79EF79EF7AA
:103E70009EF79EF79EF79EF79EF79EF79EF79EF79A
:103E80009EF79EF79EF79EF79EF79EF79EF79EF78A
:103E90009EF79EF79EF79EF79EF79EF79EF79EF77A
:103EA0009EF79EF79EF79EF79EF79EF79EF79EF76A
:103EB0009EF79EF79EF79EF79EF79EF79EF79EF75A
:103EC0009EF79EF79EF79EF79EF79EF79EF79EF74A
:103ED0009EF79EF79EF79EF79EF79EF79EF79EF73A
:103EE0009EF79EF79EF79EF79EF79EF79EF79EF72A
:103EF0009EF79EF79EF79EF79EF79EF79EF79EF71A
:103F00009EF79EF79EF79EF79EF79EF79EF79EF709
:103F10009EF79EF79EF79EF79EF79EF79EF79EF7F9
:103F20009EF79EF79EF79EF79EF79EF79EF79EF7E9
:103F30009EF79EF79EF79EF79EF79EF79EF79EF7D9
:103F40009EF79EF79EF79EF79EF79EF79EF79EF7C9
:103F50009EF79EF79EF79EF79EF79EF79EF79EF7B9
:103F60009EF79EF79EF79EF79EF79EF79EF79EF7A9
:103F70009EF79EF79EF79EF79EF79EF79EF79EF799
:103F80009EF79EF79EF79EF79EF79EF79EF79EF789
:103F90009EF79EF79EF79EF79EF79EF79EF79EF779
:103FA0009EF79EF79EF79EF79EF79EF79EF79EF769
:103FB0009EF79EF79EF79EF79EF79EF79EF79EF759
:103FC00000000000000000000000000000000000F1
:103FD00000000000000000000000000000000000E1
:103FE00000000000000000009FF79EF79EF79EF77C
:103FF0009EF79EF79EF79EF79EF79EF79EF79EF719
:104000009EF79EF79EF79EF79EF79EF79EF79EF708
:104010009EF79EF79EF79EF79EF79EF79EF79EF7F8
:104020009EF79EF79EF79EF79EF79EF79EF79EF7E8
:104030009EF79EF79EF79EF79EF79EF79EF79EF7D8
:104040009EF79EF79EF79EF79EF79EF79EF79EF7C8
:104050009EF79EF79EF79EF79EF79EF79EF79EF7B8
:104060009EF79EF79EF79EF79EF79EF79EF79EF7A8
:104070009EF79EF79EF79EF79EF79EF79EF79EF798
:104080009EF79EF79EF79EF79EF79EF79EF79EF788
:104090009EF79EF79EF79EF79EF79EF79EF79EF778
:1040A0009EF79EF79EF79EF79EF79EF79EF79EF768
:1040B0009EF79EF79EF79EF79EF79EF79EF79EF758
:1040C0009EF79EF79EF79EF79EF79EF79EF79EF748
:1040D0009EF79EF79EF79EF79EF79EF79EF79EF738
:1040E0009EF79EF79EF79EF79EF79EF79EF79EF728
:1040F0009EF79EF79EF79EF79EF79EF79EF79EF718
:104100009EF79EF79EF79EF79EF79EF79EF79EF707
:104110009EF79EF79EF79EF79EF79EF79EF79EF7F7
:104120009EF79EF79EF79EF79EF79EF79EF79EF7E7
:104130009EF79EF79EF79EF79EF79EF79EF79EF7D7
:104140009EF79EF79EF79EF79EF79EF79EF79EF7C7
:104150009EF79EF79EF79EF79EF79EF79EF79EF7B7
:104160009EF79EF79EF79EF79EF79EF79EF79EF7A7
:104170009EF79EF79EF79EF79EF79EF79EF79EF797
:104180009EF79EF79EF79EF79EF79EF79EF79EF787
:104190009EF79EF79EF79EF79EF79EF79EF7BEF757
:1041A000000000000000000000000000000000000F
:1041B00000000000000000000000000000000000FF
:1041C0000000000000000000FFFF9EF79EF79EF732
:1041D0009EF79EF79EF79EF79EF79EF79EF79EF737
:1041E0009EF79EF79EF79EF79EF79EF79EF79EF727
:1041F0009EF79EF79EF79EF79EF79EF79EF79EF717
:104200009EF79EF79EF79EF79EF79EF79EF79EF706
:104210009EF79EF79EF79EF79EF79EF79EF79EF7F6
:104220009EF79EF79EF79EF79EF79EF79EF79EF7E6
:104230009EF79EF79EF79EF79EF79EF79EF79EF7D6
:104240009EF79EF79EF79EF79EF79EF79EF79EF7C6
:104250009EF79EF79EF79EF79EF79EF79EF79EF7B6
:104260009EF79EF79EF79EF79EF79EF79EF79EF7A6
:104270009EF79EF79EF79EF79EF79EF79EF79EF796
:104280009EF79EF79EF79EF79EF79EF79EF79EF786
:104290009EF79EF79EF79EF79EF79EF79EF79EF776
:1042A0009EF79EF79EF79EF79EF79EF79EF79EF766
:1042B0009EF79EF79EF79EF79EF79EF79EF79EF756
:1042C0009EF79EF79EF79EF79EF79EF79EF79EF746
:1042D0009EF79EF79EF79EF79EF79EF79EF79EF736
:1042E0009EF79EF79EF79EF79EF79EF79EF79EF726
:1042F0009EF79EF79EF79EF79EF79EF79EF79EF716
:104300009EF79EF79EF79EF79EF79EF79EF79EF705
:104310009EF79EF79EF79EF79EF79EF79EF79EF7F5
:104320009EF79EF79EF79EF79EF79EF79EF79EF7E5
:104330009EF79EF79EF79EF79EF79EF79EF79EF7D5
:104340009EF79EF79EF79EF79EF79EF79EF79EF7C5
:104350009EF79EF79EF79EF79EF79EF79EF79EF7B5
:104360009EF79EF79EF79EF79EF79EF79EF79EF7A5
:104370009EF79EF79EF79EF79EF79EF79EF79EF795
:10438000000000000000000000000000000000002D
:10439000000000000000000000000000000000001D
:1043A00000000000000000000000BEF79EF79EF72E
:1043B0009EF79EF79EF79EF79EF79EF79EF79EF755
:1043C0009EF79EF79EF79EF79EF79EF79EF79EF745
:1043D0009EF79EF79EF79EF79EF79EF79EF79EF735
:1043E0009EF79EF79EF79EF79EF79EF79EF79EF725
:1043F0009EF79EF79EF79EF79EF79EF79EF79EF715
:104400009EF79EF79EF79EF79EF79EF79EF79EF704
:104410009EF79EF79EF79EF79EF79EF79EF79EF7F4
:104420009EF79EF79EF79EF79EF79EF79EF79EF7E4
:104430009EF79EF79EF79EF79EF79EF79EF79EF7D4
:104440009EF79EF79EF79EF79EF79EF79EF79EF7C4
:104450009EF79EF79EF79EF79EF79EF79EF79EF7B4
:104460009EF79EF79EF79EF79EF79EF79EF79EF7A4
:104470009EF79EF79EF79EF79EF79EF79EF79EF794
:104480009EF79EF79EF79EF79EF79EF79EF79EF784
:104490009EF79EF79EF79EF79EF79EF79EF79EF774
:1044A0009EF79EF79EF79EF79EF79EF79EF79EF764
:1044B0009EF79EF79EF79EF79EF79EF79EF79EF754
:1044C0009EF79EF79EF79EF79EF79EF79EF79EF744
:1044D0009EF79EF79EF79EF79EF79EF79EF79EF734
:1044E0009EF79EF79EF79EF79EF79EF79EF79EF724
:1044F0009EF79EF79EF79EF79EF79EF79EF79EF714
:104500009EF79EF79EF79EF79EF79EF79EF79EF703
:104510009EF79EF79EF79EF79EF79EF79EF79EF7F3
:104520009EF79EF79EF79EF79EF79EF79EF79EF7E3
:104530009EF79EF79EF79EF79EF79EF79EF79EF7D3
:104540009EF79EF79EF79EF79EF79EF79EF79EF7C3
:104550009EF79EF79EF79EF79EF79EF79EF7DFFF6A
:10456000000000000000000000000000000000004B
:10457000000000000000000000000000000000003B
:1045800000000000000000000000BEF79EF79EF74C
:104590009EF79EF79EF79EF79EF79EF79EF79EF773
:1045A0009EF79EF79EF79EF79EF79EF79EF79EF763
:1045B0009EF79EF79EF79EF79EF79EF79EF79EF753
:1045C0009EF79EF79EF79EF79EF79EF79EF79EF743
:1045D0009EF79EF79EF79EF79EF79EF79EF79EF733
:1045E0009EF79EF79EF79EF79EF79EF79EF79EF723
:1045F0009EF79EF79EF79EF79EF79EF79EF79EF713
:104600009EF79EF79EF79EF79EF79EF79EF79EF702
:104610009EF79EF79EF79EF79EF79EF79EF79EF7F2
:104620009EF79EF79EF79EF79EF79EF79EF79EF7E2
:104630009EF79EF79EF79EF79EF79EF79EF79EF7D2
:104640009EF79EF79EF79EF79EF79EF79EF79EF7C2
:104650009EF79EF79EF79EF79EF79EF79EF79EF7B2
:104660009EF79EF79EF79EF79EF79EF79EF79EF7A2
:104670009EF79EF79EF79EF79EF79EF79EF79EF792
:104680009EF79EF79EF79EF79EF79EF79EF79EF782
:104690009EF79EF79EF79EF79EF79EF79EF79EF772
:1046A0009EF79EF79EF79EF79EF79EF79EF79EF762
:1046B0009EF79EF79EF79EF79EF79EF79EF79EF752
:1046C0009EF79EF79EF79EF79EF79EF79EF79EF742
:1046D0009EF79EF79EF79EF79EF79EF79EF79EF732
:1046E0009EF79EF79EF79EF79EF79EF79EF79EF722
:1046F0009EF79EF79EF79EF79EF79EF79EF79EF712
:104700009EF79EF79EF79EF79EF79EF79EF79EF701
:104710009EF79EF79EF79EF79EF79EF79EF79EF7F1
:104720009EF79EF79EF79EF79EF79EF79EF79EF7E1
:104730009EF79EF79EF79EF79EF79EF79EF7FFFF68
:104740000000000000000000000000000000000069
:104750000000000000000000000000000000000059
:10476000000000000000000000009EF79EF79EF78A
:104770009EF79EF79EF79EF79EF79EF79EF79EF791
:104780009EF79EF79EF79EF79EF79EF79EF79EF781
:104790009EF79EF79EF79EF79EF79EF79EF79EF771
:1047A0009EF79EF79EF79EF79EF79EF79EF79EF761
:1047B0009EF79EF79EF79EF79EF79EF79EF79EF751
:1047C0009EF79EF79EF79EF79EF79EF79EF79EF741
:1047D0009EF79EF79EF79EF79EF79EF79EF79EF731
:1047E0009EF79EF79EF79EF79EF79EF79EF79EF721
:1047F0009EF79EF79EF79EF79EF79EF79EF79EF711
:104800009EF79EF79EF79EF79EF79EF79EF79EF700
:104810009EF79EF79EF79EF79EF79EF79EF79EF7F0
:104820009EF79EF79EF79EF79EF79EF79EF79EF7E0
:104830009EF79EF79EF79EF79EF79EF79EF79EF7D0
:104840009EF79EF79EF79EF79EF79EF79EF79EF7C0
:104850009EF79EF79EF79EF79EF79EF79EF79EF7B0
:104860009EF79EF79EF79EF79EF79EF79EF79EF7A0
:104870009EF79EF79EF79EF79EF79EF79EF79EF790
:104880009EF79EF79EF79EF79EF79EF79EF79EF780
:104890009EF79EF79EF79EF79EF79EF79EF79EF770
:1048A0009EF79EF79EF79EF79EF79EF79EF79EF760
:1048B0009EF79EF79EF79EF79EF79EF79EF79EF750
:1048C0009EF79EF79EF79EF79EF79EF79EF79EF740
:1048D0009EF79EF79EF79EF79EF79EF79EF79EF730
:1048E0009EF79EF79EF79EF79EF79EF79EF79EF720
:1048F0009EF79EF79EF79EF79EF79EF79EF79EF710
:104900009EF79EF79EF79EF79EF79EF79EF79EF7FF
:104910009EF79EF79EF79EF79EF79EF79EF7FFFF86
:104920000000000000000000000000000000000087
:104930000000000000000000000000000000000077
:1049400000000000000000000000BEF79EF79EF788
:104950009EF79EF79EF79EF79EF79EF79EF79EF7AF
:104960009EF79EF79EF79EF79EF79EF79EF79EF79F
:104970009EF79EF79EF79EF79EF79EF79EF79EF78F
:104980009EF79EF79EF79EF79EF79EF79EF79EF77F
:104990009EF79EF79EF79EF79EF79EF79EF79EF76F
:1049A0009EF79EF79EF79EF79EF79EF79EF79EF75F
:1049B0009EF79EF79EF79EF79EF79EF79EF79EF74F
:1049C0009EF79EF79EF79EF79EF79EF79EF79EF73F
:1049D0009EF79EF79EF79EF79EF79EF79EF79EF72F
:1049E0009EF79EF79EF79EF79EF79EF79EF79EF71F
:1049F0009EF79EF79EF79EF79EF79EF79EF79EF70F
:104A00009EF79EF79EF79EF79EF79EF79EF79EF7FE
:104A10009EF79EF79EF79EF79EF79EF79EF79EF7EE
:104A20009EF79EF79EF79EF79EF79EF79EF79EF7DE
:104A30009EF79EF79EF79EF79EF79EF79EF79EF7CE
:104A40009EF79EF79EF79EF79EF79EF79EF79EF7BE
:104A50009EF79EF79EF79EF79EF79EF79EF79EF7AE
:104A60009EF79EF79EF79EF79EF79EF79EF79EF79E
:104A70009EF79EF79EF79EF79EF79EF79EF79EF78E
:104A80009EF79EF79EF79EF79EF79EF79EF79EF77E
:104A90009EF79EF79EF79EF79EF79EF79EF79EF76E
:104AA0009EF79EF79EF79EF79EF79EF79EF79EF75E
:104AB0009EF79EF79EF79EF79EF79EF79EF79EF74E
:104AC0009EF79EF79EF79EF79EF79EF79EF79EF73E
:104AD0009EF79EF79EF79EF79EF79EF79EF79EF72E
:104AE0009EF79EF79EF79EF79EF79EF79EF79EF71E
:104AF0009EF79EF79EF79EF79EF79EF79EF70000A3
:104B000000000000000000000000000000000000A5
:104B10000000000000000000000000000000000095
:104B200000000000000000000000FFFF9EF79EF75D
:104B30009EF79EF79EF79EF79EF79EF79EF79EF7CD
:104B40009EF79EF79EF79EF79EF79EF79EF79EF7BD
:104B50009EF79EF79EF79EF79EF79EF79EF79EF7AD
:104B60009EF79EF79EF79EF79EF79EF79EF79EF79D
:104B70009EF79EF79EF79EF79EF79EF79EF79EF78D
:104B80009EF79EF79EF79EF79EF79EF79EF79EF77D
:104B90009EF79EF79EF79EF79EF79EF79EF79EF76D
:104BA0009EF79EF79EF79EF79EF79EF79EF79EF75D
:104BB0009EF79EF79EF79EF79EF79EF79EF79EF74D
:104BC0009EF79EF79EF79EF79EF79EF79EF79EF73D
:104BD0009EF79EF79EF79EF79EF79EF79EF79EF72D
:104BE0009EF79EF79EF79EF79EF79EF79EF79EF71D
:104BF0009EF79EF79EF79EF79EF79EF79EF79EF70D
:104C00009EF79EF79EF79EF79EF79EF79EF79EF7FC
:104C10009EF79EF79EF79EF79EF79EF79EF79EF7EC
:104C20009EF79EF79EF79EF79EF79EF79EF79EF7DC
:104C30009EF79EF79EF79EF79EF79EF79EF79EF7CC
:104C40009EF79EF79EF79EF79EF79EF79EF79EF7BC
:104C50009EF79EF79EF79EF79EF79EF79EF79EF7AC
:104C60009EF79EF79EF79EF79EF79EF79EF79EF79C
:104C70009EF79EF79EF79EF79EF79EF79EF79EF78C
:104C80009EF79EF79EF79EF79EF79EF79EF79EF77C
:104C90009EF79EF79EF79EF79EF79EF79EF79EF76C
:104CA0009EF79EF79EF79EF79EF79EF79EF79EF75C
:104CB0009EF79EF79EF79EF79EF79EF79EF79EF74C
:104CC0009EF79EF79EF79EF79EF79EF79EF79EF73C
:104CD0009EF79EF79EF79EF79EF79EF79EF70000C1
:104CE00000000000000000000000000000000000C4
:104CF00000000000000000000000000000000000B4
:104D0000000000000000000000000000BEF79EF759
:104D10009EF79EF79EF79EF79EF79EF79EF79EF7EB
:104D20009EF79EF79EF79EF79EF79EF79EF79EF7DB
:104D30009EF79EF79EF79EF79EF79EF79EF79EF7CB
:104D40009EF79EF79EF79EF79EF79EF79EF79EF7BB
:104D50009EF79EF79EF79EF79EF79EF79EF79EF7AB
:104D60009EF79EF79EF79EF79EF79EF79EF79EF79B
:104D70009EF79EF79EF79EF79EF79EF79EF79EF78B
:104D80009EF79EF79EF79EF79EF79EF79EF79EF77B
:104D90009EF79EF79EF79EF79EF79EF79EF79EF76B
:104DA0009EF79EF79EF79EF79EF79EF79EF79EF75B
:104DB0009EF79EF79EF79EF79EF79EF79EF79EF74B
:104DC0009EF79EF79EF79EF79EF79EF79EF79EF73B
:104DD0009EF79EF79EF79EF79EF79EF79EF79EF72B
:104DE0009EF79EF79EF79EF79EF79EF79EF79EF71B
:104DF0009EF79EF79EF79EF79EF79EF79EF79EF70B
:104E00009EF79EF79EF79EF79EF79EF79EF79EF7FA
:104E10009EF79EF79EF79EF79EF79EF79EF79EF7EA
:104E20009EF79EF79EF79EF79EF79EF79EF79EF7DA
:104E30009EF79EF79EF79EF79EF79EF79EF79EF7CA
:104E40009EF79EF79EF79EF79EF79EF79EF79EF7BA
:104E50009EF79EF79EF79EF79EF79EF79EF79EF7AA
:104E60009EF79EF79EF79EF79EF79EF79EF79EF79A
:104E70009EF79EF79EF79EF79EF79EF79EF79EF78A
:104E80009EF79EF79EF79EF79EF79EF79EF79EF77A
:104E90009EF79EF79EF79EF79EF79EF79EF79EF76A
:104EA0009EF79EF79EF79EF79EF79EF79EF79EF75A
:104EB0009EF79EF79EF79EF79EF79EF7BEF70000BF
:104EC00000000000000000000000000000000000E2
:104ED00000000000000000000000000000000000D2
:104EE000000000000000000000000000BEF79EF778
:104EF0009EF79EF79EF79EF79EF79EF79EF79EF70A
:104F00009EF79EF79EF79EF79EF79EF79EF79EF7F9
:104F10009EF79EF79EF79EF79EF79EF79EF79EF7E9
:104F20009EF79EF79EF79EF79EF79EF79EF79EF7D9
:104F30009EF79EF79EF79EF79EF79EF79EF79EF7C9
:104F40009EF79EF79EF79EF79EF79EF79EF79EF7B9
:104F50009EF79EF79EF79EF79EF79EF79EF79EF7A9
:104F60009EF79EF79EF79EF79EF79EF79EF79EF799
:104F70009EF79EF79EF79EF79EF79EF79EF79EF789
:104F80009EF79EF79EF79EF79EF79EF79EF79EF779
:104F90009EF79EF79EF79EF79EF79EF79EF79EF769
:104FA0009EF79EF79EF79EF79EF79EF79EF79EF759
:104FB0009EF79EF79EF79EF79EF79EF79EF79EF749
:104FC0009EF79EF79EF79EF79EF79EF79EF79EF739
:104FD0009EF79EF79EF79EF79EF79EF79EF79EF729
:104FE0009EF79EF79EF79EF79EF79EF79EF79EF719
:104FF0009EF79EF79EF79EF79EF79EF79EF79EF709
:105000009EF79EF79EF79EF79EF79EF79EF79EF7F8
:105010009EF79EF79EF79EF79EF79EF79EF79EF7E8
:105020009EF79EF79EF79EF79EF79EF79EF79EF7D8
:105030009EF79EF79EF79EF79EF79EF79EF79EF7C8
:105040009EF79EF79EF79EF79EF79EF79EF79EF7B8
:105050009EF79EF79EF79EF79EF79EF79EF79EF7A8
:105060009EF79EF79EF79EF79EF79EF79EF79EF798
:105070009EF79EF79EF79EF79EF79EF79EF79EF788
:105080009EF79EF79EF79EF79EF79EF79EF79EF778
:105090009EF79EF79EF79EF79EF79EF7FFFF000094
:1050A0000000000000000000000000000000000000
:1050B00000000000000000000000000000000000F0
:1050C000000000000000000000000000BEF79EF796
:1050D0009EF79EF79EF79EF79EF79EF79EF79EF728
:1050E0009EF79EF79EF79EF79EF79EF79EF79EF718
:1050F0009EF79EF79EF79EF79EF79EF79EF79EF708
:105100009EF79EF79EF79EF79EF79EF79EF79EF7F7
:105110009EF79EF79EF79EF79EF79EF79EF79EF7E7
:105120009EF79EF79EF79EF79EF79EF79EF79EF7D7
:105130009EF79EF79EF79EF79EF79EF79EF79EF7C7
:105140009EF79EF79EF79EF79EF79EF79EF79EF7B7
:105150009EF79EF79EF79EF79EF79EF79EF79EF7A7
:105160009EF79EF79EF79EF79EF79EF79EF79EF797
:105170009EF79EF79EF79EF79EF79EF79EF79EF787
:105180009EF79EF79EF79EF79EF79EF79EF79EF777
:105190009EF79EF79EF79EF79EF79EF79EF79EF767
:1051A0009EF79EF79EF79EF79EF79EF79EF79EF757
:1051B0009EF79EF79EF79EF79EF79EF79EF79EF747
:1051C0009EF79EF79EF79EF79EF79EF79EF79EF737
:1051D0009EF79EF79EF79EF79EF79EF79EF79EF727
:1051E0009EF79EF79EF79EF79EF79EF79EF79EF717
:1051F0009EF79EF79EF79EF79EF79EF79EF79EF707
:105200009EF79EF79EF79EF79EF79EF79EF79EF7F6
:105210009EF79EF79EF79EF79EF79EF79EF79EF7E6
:105220009EF79EF79EF79EF79EF79EF79EF79EF7D6
:105230009EF79EF79EF79EF79EF79EF79EF79EF7C6
:105240009EF79EF79EF79EF79EF79EF79EF79EF7B6
:105250009EF79EF79EF79EF79EF79EF79EF79EF7A6
:105260009EF79EF79EF79EF79EF79EF79EF79EF796
:105270009EF79EF79EF79EF79EF7BEF70000000090
:10528000000000000000000000000000000000001E
:10529000000000000000000000000000000000000E
:1052A000000000000000000000000000FFFF9EF76B
:1052B0009EF79EF79EF79EF79EF79EF79EF79EF746
:1052C0009EF79EF79EF79EF79EF79EF79EF79EF736
:1052D0009EF79EF79EF79EF79EF79EF79EF79EF726
:1052E0009EF79EF79EF79EF79EF79EF79EF79EF716
:1052F0009EF79EF79EF79EF79EF79EF79EF79EF706
:105300009EF79EF79EF79EF79EF79EF79EF79EF7F5
:105310009EF79EF79EF79EF79EF79EF79EF79EF7E5
:105320009EF79EF79EF79EF79EF79EF79EF79EF7D5
:105330009EF79EF79EF79EF79EF79EF79EF79EF7C5
:105340009EF79EF79EF79EF79EF79EF79EF79EF7B5
:105350009EF79EF79EF79EF79EF79EF79EF79EF7A5
:105360009EF79EF79EF79EF79EF79EF79EF79EF795
:105370009EF79EF79EF79EF79EF79EF79EF79EF785
:105380009EF79EF79EF79EF79EF79EF79EF79EF775
:105390009EF79EF79EF79EF79EF79EF79EF79EF765
:1053A0009EF79EF79EF79EF79EF79EF79EF79EF755
:1053B0009EF79EF79EF79EF79EF79EF79EF79EF745
:1053C0009EF79EF79EF79EF79EF79EF79EF79EF735
:1053D0009EF79EF79EF79EF79EF79EF79EF79EF725
:1053E0009EF79EF79EF79EF79EF79EF79EF79EF715
:1053F0009EF79EF79EF79EF79EF79EF79EF79EF705
:105400009EF79EF79EF79EF79EF79EF79EF79EF7F4
:105410009EF79EF79EF79EF79EF79EF79EF79EF7E4
:105420009EF79EF79EF79EF79EF79EF79EF79EF7D4
:105430009EF79EF79EF79EF79EF79EF79EF79EF7C4
:105440009EF79EF79EF79EF79EF79EF79EF79EF7B4
:105450009EF79EF79EF79EF79EF79EF700000000CE
:10546000000000000000000000000000000000003C
:10547000000000000000000000000000000000002C
:1054800000000000000000000000000000009EF787
:105490009EF79EF79EF79EF79EF79EF79EF79EF764
:1054A0009EF79EF79EF79EF79EF79EF79EF79EF754
:1054B0009EF79EF79EF79EF79EF79EF79EF79EF744
:1054C0009EF79EF79EF79EF79EF79EF79EF79EF734
:1054D0009EF79EF79EF79EF79EF79EF79EF79EF724
:1054E0009EF79EF79EF79EF79EF79EF79EF79EF714
:1054F0009EF79EF79EF79EF79EF79EF79EF79EF704
:105500009EF79EF79EF79EF79EF79EF79EF79EF7F3
:105510009EF79EF79EF79EF79EF79EF79EF79EF7E3
:105520009EF79EF79EF79EF79EF79EF79EF79EF7D3
:105530009EF79EF79EF79EF79EF79EF79EF79EF7C3
:105540009EF79EF79EF79EF79EF79EF79EF79EF7B3
:105550009EF79EF79EF79EF79EF79EF79EF79EF7A3
:105560009EF79EF79EF79EF79EF79EF79EF79EF793
:105570009EF79EF79EF79EF79EF79EF79EF79EF783
:105580009EF79EF79EF79EF79EF79EF79EF79EF773
:105590009EF79EF79EF79EF79EF79EF79EF79EF763
:1055A0009EF79EF79EF79EF79EF79EF79EF79EF753
:1055B0009EF79EF79EF79EF79EF79EF79EF79EF743
:1055C0009EF79EF79EF79EF79EF79EF79EF79EF733
:1055D0009EF79EF79EF79EF79EF79EF79EF79EF723
:1055E0009EF79EF79EF79EF79EF79EF79EF79EF713
:1055F0009EF79EF79EF79EF79EF79EF79EF79EF703
:105600009EF79EF79EF79EF79EF79EF79EF79EF7F2
:105610009EF79EF79EF79EF79EF79EF79EF79EF7E2
:105620009EF79EF79EF79EF79EF79EF79EF79EF7D2
:105630009EF79EF79EF79EF79EF79FF700000000EB
:10564000000000000000000000000000000000005A
:10565000000000000000000000000000000000004A
:105660000000000000000000000000000000BEF785
:105670009EF79EF79EF79EF79EF79EF79EF79EF782
:105680009EF79EF79EF79EF79EF79EF79EF79EF772
:105690009EF79EF79EF79EF79EF79EF79EF79EF762
:1056A0009EF79EF79EF79EF79EF79EF79EF79EF752
:1056B0009EF79EF79EF79EF79EF79EF79EF79EF742
:1056C0009EF79EF79EF79EF79EF79EF79EF79EF732
:1056D0009EF79EF79EF79EF79EF79EF79EF79EF722
:1056E0009EF79EF79EF79EF79EF79EF79EF79EF712
:1056F0009EF79EF79EF79EF79EF79EF79EF79EF702
:105700009EF79EF79EF79EF79EF79EF79EF79EF7F1
:105710009EF79EF79EF79EF79EF79EF79EF79EF7E1
:105720009EF79EF79EF79EF79EF79EF79EF79EF7D1
:105730009EF79EF79EF79EF79EF79EF79EF79EF7C1
:105740009EF79EF79EF79EF79EF79EF79EF79EF7B1
:105750009EF79EF79EF79EF79EF79EF79EF79EF7A1
:105760009EF79EF79EF79EF79EF79EF79EF79EF791
:105770009EF79EF79EF79EF79EF79EF79EF79EF781
:105780009EF79EF79EF79EF79EF79EF79EF79EF771
:105790009EF79EF79EF79EF79EF79EF79EF79EF761
:1057A0009EF79EF79EF79EF79EF79EF79EF79EF751
:1057B0009EF79EF79EF79EF79EF79EF79EF79EF741
:1057C0009EF79EF79EF79EF79EF79EF79EF79EF731
:1057D0009EF79EF79EF79EF79EF79EF79EF79EF721
:1057E0009EF79EF79EF79EF79EF79EF79EF79EF711
:1057F0009EF79EF79EF79EF79EF79EF79EF79EF701
:105800009EF79EF79EF79EF79EF79EF79EF79EF7F0
:105810009EF79EF79EF79EF79EF7FFFF00000000A1
:105820000000000000000000000000000000000078
:105830000000000000000000000000000000000068
:105840000000000000000000000000000000FFFF5A
:105850009EF79EF79EF79EF79EF79EF79EF79EF7A0
:105860009EF79EF79EF79EF79EF79EF79EF79EF790
:105870009EF79EF79EF79EF79EF79EF79EF79EF780
:105880009EF79EF79EF79EF79EF79EF79EF79EF770
:105890009EF79EF79EF79EF79EF79EF79EF79EF760
:1058A0009EF79EF79EF79EF79EF79EF79EF79EF750
:1058B0009EF79EF79EF79EF79EF79EF79EF79EF740
:1058C0009EF79EF79EF79EF79EF79EF79EF79EF730
:1058D0009EF79EF79EF79EF79EF79EF79EF79EF720
:1058E0009EF79EF79EF79EF79EF79EF79EF79EF710
:1058F0009EF79EF79EF79EF79EF79EF79EF79EF700
:105900009EF79EF79EF79EF79EF79EF79EF79EF7EF
:105910009EF79EF79EF79EF79EF79EF79EF79EF7DF
:105920009EF79EF79EF79EF79EF79EF79EF79EF7CF
:105930009EF79EF79EF79EF79EF79EF79EF79EF7BF
:105940009EF79EF79EF79EF79EF79EF79EF79EF7AF
:105950009EF79EF79EF79EF79EF79EF79EF79EF79F
:105960009EF79EF79EF79EF79EF79EF79EF79EF78F
:105970009EF79EF79EF79EF79EF79EF79EF79EF77F
:105980009EF79EF79EF79EF79EF79EF79EF79EF76F
:105990009EF79EF79EF79EF79EF79EF79EF79EF75F
:1059A0009EF79EF79EF79EF79EF79EF79EF79EF74F
:1059B0009EF79EF79EF79EF79EF79EF79EF79EF73F
:1059C0009EF79EF79EF79EF79EF79EF79EF79EF72F
:1059D0009EF79EF79EF79EF79EF79EF79EF79EF71F
:1059E0009EF79EF79EF79EF79EF79EF79EF79EF70F
:1059F0009EF79EF79EF79EF79EF7000000000000BE
:105A00000000000000000000000000000000000096
:105A10000000000000000000000000000000000086
:105A20000000000000000000000000000000000076
:105A30009EF79EF79EF79EF79EF79EF79EF79EF7BE
:105A40009EF79EF79EF79EF79EF79EF79EF79EF7AE
:105A50009EF79EF79EF79EF79EF79EF79EF79EF79E
:105A60009EF79EF79EF79EF79EF79EF79EF79EF78E
:105A70009EF79EF79EF79EF79EF79EF79EF79EF77E
:105A80009EF79EF79EF79EF79EF79EF79EF79EF76E
:105A90009EF79EF79EF79EF79EF79EF79EF79EF75E
:105AA0009EF79EF79EF79EF79EF79EF79EF79EF74E
:105AB0009EF79EF79EF79EF79EF79EF79EF79EF73E
:105AC0009EF79EF79EF79EF79EF79EF79EF79EF72E
:105AD0009EF79EF79EF79EF79EF79EF79EF79EF71E
:105AE0009EF79EF79EF79EF79EF79EF79EF79EF70E
:105AF0009EF79EF79EF79EF79EF79EF79EF79EF7FE
:105B00009EF79EF79EF79EF79EF79EF79EF79EF7ED
:105B10009EF79EF79EF79EF79EF79EF79EF79EF7DD
:105B20009EF79EF79EF79EF79EF79EF79EF79EF7CD
:105B30009EF79EF79EF79EF79EF79EF79EF79EF7BD
:105B40009EF79EF79EF79EF79EF79EF79EF79EF7AD
:105B50009EF79EF79EF79EF79EF79EF79EF79EF79D
:105B60009EF79EF79EF79EF79EF79EF79EF79EF78D
:105B70009EF79EF79EF79EF79EF79EF79EF79EF77D
:105B80009EF79EF79EF79EF79EF79EF79EF79EF76D
:105B90009EF79EF79EF79EF79EF79EF79EF79EF75D
:105BA0009EF79EF79EF79EF79EF79EF79EF79EF74D
:105BB0009EF79EF79EF79EF79EF79EF79EF79EF73D
:105BC0009EF79EF79EF79EF79EF79EF79EF79EF72D
:105BD0009EF79EF79EF79EF7BEF7000000000000BC
:105BE00000000000000000000000000000000000B5
:105BF00000000000000000000000000000000000A5
:105C00000000000000000000000000000000000094
:105C10009EF79EF79EF79EF79EF79EF79EF79EF7DC
:105C20009EF79EF79EF79EF79EF79EF79EF79EF7CC
:105C30009EF79EF79EF79EF79EF79EF79EF79EF7BC
:105C40009EF79EF79EF79EF79EF79EF79EF79EF7AC
:105C50009EF79EF79EF79EF79EF79EF79EF79EF79C
:105C60009EF79EF79EF79EF79EF79EF79EF79EF78C
:105C70009EF79EF79EF79EF79EF79EF79EF79EF77C
:105C80009EF79EF79EF79EF79EF79EF79EF79EF76C
:105C90009EF79EF79EF79EF79EF79EF79EF79EF75C
:105CA0009EF79EF79EF79EF79EF79EF79EF79EF74C
:105CB0009EF79EF79EF79EF79EF79EF79EF79EF73C
:105CC0009EF79EF79EF79EF79EF79EF79EF79EF72C
:105CD0009EF79EF79EF79EF79EF79EF79EF79EF71C
:105CE0009EF79EF79EF79EF79EF79EF79EF79EF70C
:105CF0009EF79EF79EF79EF79EF79EF79EF79EF7FC
:105D00009EF79EF79EF79EF79EF79EF79EF79EF7EB
:105D10009EF79EF79EF79EF79EF79EF79EF79EF7DB
:105D20009EF79EF79EF79EF79EF79EF79EF79EF7CB
:105D30009EF79EF79EF79EF79EF79EF79EF79EF7BB
:105D40009EF79EF79EF79EF79EF79EF79EF79EF7AB
:105D50009EF79EF79EF79EF79EF79EF79EF79EF79B
:105D60009EF79EF79EF79EF79EF79EF79EF79EF78B
:105D70009EF79EF79EF79EF79EF79EF79EF79EF77B
:105D80009EF79EF79EF79EF79EF79EF79EF79EF76B
:105D90009EF79EF79EF79EF79EF79EF79EF79EF75B
:105DA0009EF79EF79EF79EF79EF79EF79EF79EF74B
:105DB0009EF79EF79EF79EF7FFFF00000000000091
:105DC00000000000000000000000000000000000D3
:105DD00000000000000000000000000000000000C3
:105DE00000000000000000000000000000000000B3
:105DF000FFFF9EF79EF79EF79EF79EF79EF79EF792
:105E00009EF79EF79EF79EF79EF79EF79EF79EF7EA
:105E10009EF79EF79EF79EF79EF79EF79EF79EF7DA
:105E20009EF79EF79EF79EF79EF79EF79EF79EF7CA
:105E30009EF79EF79EF79EF79EF79EF79EF79EF7BA
:105E40009EF79EF79EF79EF79EF79EF79EF79EF7AA
:105E50009EF79EF79EF79EF79EF79EF79EF79EF79A
:105E60009EF79EF79EF79EF79EF79EF79EF79EF78A
:105E70009EF79EF79EF79EF79EF79EF79EF79EF77A
:105E80009EF79EF79EF79EF79EF79EF79EF79EF76A
:105E90009EF79EF79EF79EF79EF79EF79EF79EF75A
:105EA0009EF79EF79EF79EF79EF79EF79EF79EF74A
:105EB0009EF79EF79EF79EF79EF79EF79EF79EF73A
:105EC0009EF79EF79EF79EF79EF79EF79EF79EF72A
:105ED0009EF79EF79EF79EF79EF79EF79EF79EF71A
:105EE0009EF79EF79EF79EF79EF79EF79EF79EF70A
:105EF0009EF79EF79EF79EF79EF79EF79EF79EF7FA
:105F00009EF79EF79EF79EF79EF79EF79EF79EF7E9
:105F10009EF79EF79EF79EF79EF79EF79EF79EF7D9
:105F20009EF79EF79EF79EF79EF79EF79EF79EF7C9
:105F30009EF79EF79EF79EF79EF79EF79EF79EF7B9
:105F40009EF79EF79EF79EF79EF79EF79EF79EF7A9
:105F50009EF79EF79EF79EF79EF79EF79EF79EF799
:105F60009EF79EF79EF79EF79EF79EF79EF79EF789
:105F70009EF79EF79EF79EF79EF79EF79EF79EF779
:105F80009EF79EF79EF79EF79EF79EF79EF79EF769
:105F90009EF79EF79EF79EF70000000000000000AD
:105FA00000000000000000000000000000000000F1
:105FB00000000000000000000000000000000000E1
:105FC00000000000000000000000000000000000D1
:105FD00000009EF79EF79EF79EF79EF79EF79EF7AE
:105FE0009EF79EF79EF79EF79EF79EF79EF79EF709
:105FF0009EF79EF79EF79EF79EF79EF79EF79EF7F9
:106000009EF79EF79EF79EF79EF79EF79EF79EF7E8
:106010009EF79EF79EF79EF79EF79EF79EF79EF7D8
:106020009EF79EF79EF79EF79EF79EF79EF79EF7C8
:106030009EF79EF79EF79EF79EF79EF79EF79EF7B8
:106040009EF79EF79EF79EF79EF79EF79EF79EF7A8
:106050009EF79EF79EF79EF79EF79EF79EF79EF798
:106060009EF79EF79EF79EF79EF79EF79EF79EF788
:106070009EF79EF79EF79EF79EF79EF79EF79EF778
:106080009EF79EF79EF79EF79EF79EF79EF79EF768
:106090009EF79EF79EF79EF79EF79EF79EF79EF758
:1060A0009EF79EF79EF79EF79EF79EF79EF79EF748
:1060B0009EF79EF79EF79EF79EF79EF79EF79EF738
:1060C0009EF79EF79EF79EF79EF79EF79EF79EF728
:1060D0009EF79EF79EF79EF79EF79EF79EF79EF718
:1060E0009EF79EF79EF79EF79EF79EF79EF79EF708
:1060F0009EF79EF79EF79EF79EF79EF79EF79EF7F8
:106100009EF79EF79EF79EF79EF79EF79EF79EF7E7
:106110009EF79EF79EF79EF79EF79EF79EF79EF7D7
:106120009EF79EF79EF79EF79EF79EF79EF79EF7C7
:106130009EF79EF79EF79EF79EF79EF79EF79EF7B7
:106140009EF79EF79EF79EF79EF79EF79EF79EF7A7
:106150009EF79EF79EF79EF79EF79EF79EF79EF797
:106160009EF79EF79EF79EF79EF79EF79EF79EF787
:106170009EF79EF79EF7BEF70000000000000000AB
:10618000000000000000000000000000000000000F
:1061900000000000000000000000000000000000FF
:1061A00000000000000000000000000000000000EF
:1061B0000000BEF79EF79EF79EF79EF79EF79EF7AC
:1061C0009EF79EF79EF79EF79EF79EF79EF79EF727
:1061D0009EF79EF79EF79EF79EF79EF79EF79EF717
:1061E0009EF79EF79EF79EF79EF79EF79EF79EF707
:1061F0009EF79EF79EF79EF79EF79EF79EF79EF7F7
:106200009EF79EF79EF79EF79EF79EF79EF79EF7E6
:106210009EF79EF79EF79EF79EF79EF79EF79EF7D6
:106220009EF79EF79EF79EF79EF79EF79EF79EF7C6
:106230009EF79EF79EF79EF79EF79EF79EF79EF7B6
:106240009EF79EF79EF79EF79EF79EF79EF79EF7A6
:106250009EF79EF79EF79EF79EF79EF79EF79EF796
:106260009EF79EF79EF79EF79EF79EF79EF79EF786
:106270009EF79EF79EF79EF79EF79EF79EF79EF776
:106280009EF79EF79EF79EF79EF79EF79EF79EF766
:106290009EF79EF79EF79EF79EF79EF79EF79EF756
:1062A0009EF79EF79EF79EF79EF79EF79EF79EF746
:1062B0009EF79EF79EF79EF79EF79EF79EF79EF736
:1062C0009EF79EF79EF79EF79EF79EF79EF79EF726
:1062D0009EF79EF79EF79EF79EF79EF79EF79EF716
:1062E0009EF79EF79EF79EF79EF79EF79EF79EF706
:1062F0009EF79EF79EF79EF79EF79EF79EF79EF7F6
:106300009EF79EF79EF79EF79EF79EF79EF79EF7E5
:106310009EF79EF79EF79EF79EF79EF79EF79EF7D5
:106320009EF79EF79EF79EF79EF79EF79EF79EF7C5
:106330009EF79EF79EF79EF79EF79EF79EF79EF7B5
:106340009EF79EF79EF79EF79EF79EF79EF79EF7A5
:106350009EF79EF79EF7FFFF000000000000000080
:10636000000000000000000000000000000000002D
:10637000000000000000000000000000000000001D
:10638000000000000000000000000000000000000D
:106390000000FFFF9EF79EF79EF79EF79EF79EF781
:1063A0009EF79EF79EF79EF79EF79EF79EF79EF745
:1063B0009EF79EF79EF79EF79EF79EF79EF79EF735
:1063C0009EF79EF79EF79EF79EF79EF79EF79EF725
:1063D0009EF79EF79EF79EF79EF79EF79EF79EF715
:1063E0009EF79EF79EF79EF79EF79EF79EF79EF705
:1063F0009EF79EF79EF79EF79EF79EF79EF79EF7F5
:106400009EF79EF79EF79EF79EF79EF79EF79EF7E4
:106410009EF79EF79EF79EF79EF79EF79EF79EF7D4
:106420009EF79EF79EF79EF79EF79EF79EF79EF7C4
:106430009EF79EF79EF79EF79EF79EF79EF79EF7B4
:106440009EF79EF79EF79EF79EF79EF79EF79EF7A4
:106450009EF79EF79EF79EF79EF79EF79EF79EF794
:106460009EF79EF79EF79EF79EF79EF79EF79EF784
:106470009EF79EF79EF79EF79EF79EF79EF79EF774
:106480009EF79EF79EF79EF79EF79EF79EF79EF764
:106490009EF79EF79EF79EF79EF79EF79EF79EF754
:1064A0009EF79EF79EF79EF79EF79EF79EF79EF744
:1064B0009EF79EF79EF79EF79EF79EF79EF79EF734
:1064C0009EF79EF79EF79EF79EF79EF79EF79EF724
:1064D0009EF79EF79EF79EF79EF79EF79EF79EF714
:1064E0009EF79EF79EF79EF79EF79EF79EF79EF704
:1064F0009EF79EF79EF79EF79EF79EF79EF79EF7F4
:106500009EF79EF79EF79EF79EF79EF79EF79EF7E3
:106510009EF79EF79EF79EF79EF79EF79EF79EF7D3
:106520009EF79EF79EF79EF79EF79EF79EF79EF7C3
:106530009EF79EF7BEF7000000000000000000007C
:10654000000000000000000000000000000000004B
:10655000000000000000000000000000000000003B
:10656000000000000000000000000000000000002B
:10657000000000009EF79EF79EF79EF79EF79EF79D
:106580009EF79EF79EF79EF79EF79EF79EF79EF763
:106590009EF79EF79EF79EF79EF79EF79EF79EF753
:1065A0009EF79EF79EF79EF79EF79EF79EF79EF743
:1065B0009EF79EF79EF79EF79EF79EF79EF79EF733
:1065C0009EF79EF79EF79EF79EF79EF79EF79EF723
:1065D0009EF79EF79EF79EF79EF79EF79EF79EF713
:1065E0009EF79EF79EF79EF79EF79EF79EF79EF703
:1065F0009EF79EF79EF79EF79EF79EF79EF79EF7F3
:106600009EF79EF79EF79EF79EF79EF79EF79EF7E2
:106610009EF79EF79EF79EF79EF79EF79EF79EF7D2
:106620009EF79EF79EF79EF79EF79EF79EF79EF7C2
:106630009EF79EF79EF79EF79EF79EF79EF79EF7B2
:106640009EF79EF79EF79EF79EF79EF79EF79EF7A2
:106650009EF79EF79EF79EF79EF79EF79EF79EF792
:106660009EF79EF79EF79EF79EF79EF79EF79EF782
:106670009EF79EF79EF79EF79EF79EF79EF79EF772
:106680009EF79EF79EF79EF79EF79EF79EF79EF762
:106690009EF79EF79EF79EF79EF79EF79EF79EF752
:1066A0009EF79EF79EF79EF79EF79EF79EF79EF742
:1066B0009EF79EF79EF79EF79EF79EF79EF79EF732
:1066C0009EF79EF79EF79EF79EF79EF79EF79EF722
:1066D0009EF79EF79EF79EF79EF79EF79EF79EF712
:1066E0009EF79EF79EF79EF79EF79EF79EF79EF702
:1066F0009EF79EF79EF79EF79EF79EF79EF79EF7F2
:106700009EF79EF79EF79EF79EF79EF79EF79EF7E1
:106710009EF79EF79FF700000000000000000000B9
:106720000000000000000000000000000000000069
:106730000000000000000000000000000000000059
:106740000000000000000000000000000000000049
:1067500000000000BEF79EF79EF79EF79EF79EF79B
:106760009EF79EF79EF79EF79EF79EF79EF79EF781
:106770009EF79EF79EF79EF79EF79EF79EF79EF771
:106780009EF79EF79EF79EF79EF79EF79EF79EF761
:106790009EF79EF79EF79EF79EF79EF79EF79EF751
:1067A0009EF79EF79EF79EF79EF79EF79EF79EF741
:1067B0009EF79EF79EF79EF79EF79EF79EF79EF731
:1067C0009EF79EF79EF79EF79EF79EF79EF79EF721
:1067D0009EF79EF79EF79EF79EF79EF79EF79EF711
:1067E0009EF79EF79EF79EF79EF79EF79EF79EF701
:1067F0009EF79EF79EF79EF79EF79EF79EF79EF7F1
:106800009EF79EF79EF79EF79EF79EF79EF79EF7E0
:106810009EF79EF79EF79EF79EF79EF79EF79EF7D0
:106820009EF79EF79EF79EF79EF79EF79EF79EF7C0
:106830009EF79EF79EF79EF79EF79EF79EF79EF7B0
:106840009EF79EF79EF79EF79EF79EF79EF79EF7A0
:106850009EF79EF79EF79EF79EF79EF79EF79EF790
:106860009EF79EF79EF79EF79EF79EF79EF79EF780
:106870009EF79EF79EF79EF79EF79EF79EF79EF770
:106880009EF79EF79EF79EF79EF79EF79EF79EF760
:106890009EF79EF79EF79EF79EF79EF79EF79EF750
:1068A0009EF79EF79EF79EF79EF79EF79EF79EF740
:1068B0009EF79EF79EF79EF79EF79EF79EF79EF730
:1068C0009EF79EF79EF79EF79EF79EF79EF79EF720
:1068D0009EF79EF79EF79EF79EF79EF79EF79EF710
:1068E0009EF79EF79EF79EF79EF79EF79EF79EF700
:1068F0009EF79EF70000000000000000000000006E
:106900000000000000000000000000000000000087
:106910000000000000000000000000000000000077
:106920000000000000000000000000000000000067
:1069300000000000FFFF9EF79EF79EF79EF79EF770
:106940009EF79EF79EF79EF79EF79EF79EF79EF79F
:106950009EF79EF79EF79EF79EF79EF79EF79EF78F
:106960009EF79EF79EF79EF79EF79EF79EF79EF77F
:106970009EF79EF79EF79EF79EF79EF79EF79EF76F
:106980009EF79EF79EF79EF79EF79EF79EF79EF75F
:106990009EF79EF79EF79EF79EF79EF79EF79EF74F
:1069A0009EF79EF79EF79EF79EF79EF79EF79EF73F
:1069B0009EF79EF79EF79EF79EF79EF79EF79EF72F
:1069C0009EF79EF79EF79EF79EF79EF79EF79EF71F
:1069D0009EF79EF79EF79EF79EF79EF79EF79EF70F
:1069E0009EF79EF79EF79EF79EF79EF79EF79EF7FF
:1069F0009EF79EF79EF79EF79EF79EF79EF79EF7EF
:106A00009EF79EF79EF79EF79EF79EF79EF79EF7DE
:106A10009EF79EF79EF79EF79EF79EF79EF79EF7CE
:106A20009EF79EF79EF79EF79EF79EF79EF79EF7BE
:106A30009EF79EF79EF79EF79EF79EF79EF79EF7AE
:106A40009EF79EF79EF79EF79EF79EF79EF79EF79E
:106A50009EF79EF79EF79EF79EF79EF79EF79EF78E
:106A60009EF79EF79EF79EF79EF79EF79EF79EF77E
:106A70009EF79EF79EF79EF79EF79EF79EF79EF76E
:106A80009EF79EF79EF79EF79EF79EF79EF79EF75E
:106A90009EF79EF79EF79EF79EF79EF79EF79EF74E
:106AA0009EF79EF79EF79EF79EF79EF79EF79EF73E
:106AB0009EF79EF79EF79EF79EF79EF79EF79EF72E
:106AC0009EF79EF79EF79EF79EF79EF79EF79EF71E
:106AD0009EF7DFFF00000000000000000000000043
:106AE00000000000000000000000000000000000A6
:106AF0000000000000000000000000000000000096
:106B00000000000000000000000000000000000085
:106B1000000000000000BEF79EF79EF79EF79EF76C
:106B20009EF79EF79EF79EF79EF79EF79EF79EF7BD
:106B30009EF79EF79EF79EF79EF79EF79EF79EF7AD
:106B40009EF79EF79EF79EF79EF79EF79EF79EF79D
:106B50009EF79EF79EF79EF79EF79EF79EF79EF78D
:106B60009EF79EF79EF79EF79EF79EF79EF79EF77D
:106B70009EF79EF79EF79EF79EF79EF79EF79EF76D
:106B80009EF79EF79EF79EF79EF79EF79EF79EF75D
:106B90009EF79EF79EF79EF79EF79EF79EF79EF74D
:106BA0009EF79EF79EF79EF79EF79EF79EF79EF73D
:106BB0009EF79EF79EF79EF79EF79EF79EF79EF72D
:106BC0009EF79EF79EF79EF79EF79EF79EF79EF71D
:106BD0009EF79EF79EF79EF79EF79EF79EF79EF70D
:106BE0009EF79EF79EF79EF79EF79EF79EF79EF7FD
:106BF0009EF79EF79EF79EF79EF79EF79EF79EF7ED
:106C00009EF79EF79EF79EF79EF79EF79EF79EF7DC
:106C10009EF79EF79EF79EF79EF79EF79EF79EF7CC
:106C20009EF79EF79EF79EF79EF79EF79EF79EF7BC
:106C30009EF79EF79EF79EF79EF79EF79EF79EF7AC
:106C40009EF79EF79EF79EF79EF79EF79EF79EF79C
:106C50009EF79EF79EF79EF79EF79EF79EF79EF78C
:106C60009EF79EF79EF79EF79EF79EF79EF79EF77C
:106C70009EF79EF79EF79EF79EF79EF79EF79EF76C
:106C80009EF79EF79EF79EF79EF79EF79EF79EF75C
:106C90009EF79EF79EF79EF79EF79EF79EF79EF74C
:106CA0009EF79EF79EF79EF79EF79EF79EF79EF73C
:106CB000BEF7FFFF00000000000000000000000021
:106CC00000000000000000000000000000000000C4
:106CD00000000000000000000000000000000000B4
:106CE00000000000000000000000000000000000A4
:106CF000000000000000FFFF9EF79EF79EF79EF742
:106D00009EF79EF79EF79EF79EF79EF79EF79EF7DB
:106D10009EF79EF79EF79EF79EF79EF79EF79EF7CB
:106D20009EF79EF79EF79EF79EF79EF79EF79EF7BB
:106D30009EF79EF79EF79EF79EF79EF79EF79EF7AB
:106D40009EF79EF79EF79EF79EF79EF79EF79EF79B
:106D50009EF79EF79EF79EF79EF79EF79EF79EF78B
:106D60009EF79EF79EF79EF79EF79EF79EF79EF77B
:106D70009EF79EF79EF79EF79EF79EF79EF79EF76B
:106D80009EF79EF79EF79EF79EF79EF79EF79EF75B
:106D90009EF79EF79EF79EF79EF79EF79EF79EF74B
:106DA0009EF79EF79EF79EF79EF79EF79EF79EF73B
:106DB0009EF79EF79EF79EF79EF79EF79EF79EF72B
:106DC0009EF79EF79EF79EF79EF79EF79EF79EF71B
:106DD0009EF79EF79EF79EF79EF79EF79EF79EF70B
:106DE0009EF79EF79EF79EF79EF79EF79EF79EF7FB
:106DF0009EF79EF79EF79EF79EF79EF79EF79EF7EB
:106E00009EF79EF79EF79EF79EF79EF79EF79EF7DA
:106E10009EF79EF79EF79EF79EF79EF79EF79EF7CA
:106E20009EF79EF79EF79EF79EF79EF79EF79EF7BA
:106E30009EF79EF79EF79EF79EF79EF79EF79EF7AA
:106E40009EF79EF79EF79EF79EF79EF79EF79EF79A
:106E50009EF79EF79EF79EF79EF79EF79EF79EF78A
:106E60009EF79EF79EF79EF79EF79EF79EF79EF77A
:106E70009EF79EF79EF79EF79EF79EF79EF79EF76A
:106E80009EF79EF79EF79EF79EF79EF79EF79EF75A
:106E9000BEF700000000000000000000000000003D
:106EA00000000000000000000000000000000000E2
:106EB00000000000000000000000000000000000D2
:106EC00000000000000000000000000000000000C2
:106ED0000000000000000000BEF79EF79EF79EF73E
:106EE0009EF79EF79EF79EF79EF79EF79EF79EF7FA
:106EF0009EF79EF79EF79EF79EF79EF79EF79EF7EA
:106F00009EF79EF79EF79EF79EF79EF79EF79EF7D9
:106F10009EF79EF79EF79EF79EF79EF79EF79EF7C9
:106F20009EF79EF79EF79EF79EF79EF79EF79EF7B9
:106F30009EF79EF79EF79EF79EF79EF79EF79EF7A9
:106F40009EF79EF79EF79EF79EF79EF79EF79EF799
:106F50009EF79EF79EF79EF79EF79EF79EF79EF789
:106F60009EF79EF79EF79EF79EF79EF79EF79EF779
:106F70009EF79EF79EF79EF79EF79EF79EF79EF769
:106F80009EF79EF79EF79EF79EF79EF79EF79EF759
:106F90009EF79EF79EF79EF79EF79EF79EF79EF749
:106FA0009EF79EF79EF79EF79EF79EF79EF79EF739
:106FB0009EF79EF79EF79EF79EF79EF79EF79EF729
:106FC0009EF79EF79EF79EF79EF79EF79EF79EF719
:106FD0009EF79EF79EF79EF79EF79EF79EF79EF709
:106FE0009EF79EF79EF79EF79EF79EF79EF79EF7F9
:106FF0009EF79EF79EF79EF79EF79EF79EF79EF7E9
:107000009EF79EF79EF79EF79EF79EF79EF79EF7D8
:107010009EF79EF79EF79EF79EF79EF79EF79EF7C8
:107020009EF79EF79EF79EF79EF79EF79EF79EF7B8
:107030009EF79EF79EF79EF79EF79EF79EF79EF7A8
:107040009EF79EF79EF79EF79EF79EF79EF79EF798
:107050009EF79EF79EF79EF79EF79EF79EF79EF788
:107060009EF79EF79EF79EF79EF79EF79EF7BEF758
:10707000FFFF000000000000000000000000000012
:107080000000000000000000000000000000000000
:1070900000000000000000000000000000000000F0
:1070A00000000000000000000000000000000000E0
:1070B0000000000000000000FFFF9EF79EF79EF713
:1070C0009EF79EF79EF79EF79EF79EF79EF79EF718
:1070D0009EF79EF79EF79EF79EF79EF79EF79EF708
:1070E0009EF79EF79EF79EF79EF79EF79EF79EF7F8
:1070F0009EF79EF79EF79EF79EF79EF79EF79EF7E8
:107100009EF79EF79EF79EF79EF79EF79EF79EF7D7
:107110009EF79EF79EF79EF79EF79EF79EF79EF7C7
:107120009EF79EF79EF79EF79EF79EF79EF79EF7B7
:107130009EF79EF79EF79EF79EF79EF79EF79EF7A7
:107140009EF79EF79EF79EF79EF79EF79EF79EF797
:107150009EF79EF79EF79EF79EF79EF79EF79EF787
:107160009EF79EF79EF79EF79EF79EF79EF79EF777
:107170009EF79EF79EF79EF79EF79EF79EF79EF767
:107180009EF79EF79EF79EF79EF79EF79EF79EF757
:107190009EF79EF79EF79EF79EF79EF79EF79EF747
:1071A0009EF79EF79EF79EF79EF79EF79EF79EF737
:1071B0009EF79EF79EF79EF79EF79EF79EF79EF727
:1071C0009EF79EF79EF79EF79EF79EF79EF79EF717
:1071D0009EF79EF79EF79EF79EF79EF79EF79EF707
:1071E0009EF79EF79EF79EF79EF79EF79EF79EF7F7
:1071F0009EF79EF79EF79EF79EF79EF79EF79EF7E7
:107200009EF79EF79EF79EF79EF79EF79EF79EF7D6
:107210009EF79EF79EF79EF79EF79EF79EF79EF7C6
:107220009EF79EF79EF79EF79EF79EF79EF79EF7B6
:107230009EF79EF79EF79EF79EF79EF79EF79EF7A6
:107240009EF79EF79EF79EF79EF79EF79EF7BEF776
:10725000000000000000000000000000000000002E
:10726000000000000000000000000000000000001E
:10727000000000000000000000000000000000000E
:1072800000000000000000000000000000000000FE
:1072900000000000000000000000BEF79EF79EF70F
:1072A0009EF79EF79EF79EF79EF79EF79EF79EF736
:1072B0009EF79EF79EF79EF79EF79EF79EF79EF726
:1072C0009EF79EF79EF79EF79EF79EF79EF79EF716
:1072D0009EF79EF79EF79EF79EF79EF79EF79EF706
:1072E0009EF79EF79EF79EF79EF79EF79EF79EF7F6
:1072F0009EF79EF79EF79EF79EF79EF79EF79EF7E6
:107300009EF79EF79EF79EF79EF79EF79EF79EF7D5
:107310009EF79EF79EF79EF79EF79EF79EF79EF7C5
:107320009EF79EF79EF79EF79EF79EF79EF79EF7B5
:107330009EF79EF79EF79EF79EF79EF79EF79EF7A5
:107340009EF79EF79EF79EF79EF79EF79EF79EF795
:107350009EF79EF79EF79EF79EF79EF79EF79EF785
:107360009EF79EF79EF79EF79EF79EF79EF79EF775
:107370009EF79EF79EF79EF79EF79EF79EF79EF765
:107380009EF79EF79EF79EF79EF79EF79EF79EF755
:107390009EF79EF79EF79EF79EF79EF79EF79EF745
:1073A0009EF79EF79EF79EF79EF79EF79EF79EF735
:1073B0009EF79EF79EF79EF79EF79EF79EF79EF725
:1073C0009EF79EF79EF79EF79EF79EF79EF79EF715
:1073D0009EF79EF79EF79EF79EF79EF79EF79EF705
:1073E0009EF79EF79EF79EF79EF79EF79EF79EF7F5
:1073F0009EF79EF79EF79EF79EF79EF79EF79EF7E5
:107400009EF79EF79EF79EF79EF79EF79EF79EF7D4
:107410009EF79EF79EF79EF79EF79EF79EF79EF7C4
:107420009EF79EF79EF79EF79EF79EF79EF7FFFF4B
:10743000000000000000000000000000000000004C
:10744000000000000000000000000000000000003C
:10745000000000000000000000000000000000002C
:10746000000000000000000000000000000000001C
:1074700000000000000000000000FFFF9EF79EF7E4
:107480009EF79EF79EF79EF79EF79EF79EF79EF754
:107490009EF79EF79EF79EF79EF79EF79EF79EF744
:1074A0009EF79EF79EF79EF79EF79EF79EF79EF734
:1074B0009EF79EF79EF79EF79EF79EF79EF79EF724
:1074C0009EF79EF79EF79EF79EF79EF79EF79EF714
:1074D0009EF79EF79EF79EF79EF79EF79EF79EF704
:1074E0009EF79EF79EF79EF79EF79EF79EF79EF7F4
:1074F0009EF79EF79EF79EF79EF79EF79EF79EF7E4
:107500009EF79EF79EF79EF79EF79EF79EF79EF7D3
:107510009EF79EF79EF79EF79EF79EF79EF79EF7C3
:107520009EF79EF79EF79EF79EF79EF79EF79EF7B3
:107530009EF79EF79EF79EF79EF79EF79EF79EF7A3
:107540009EF79EF79EF79EF79EF79EF79EF79EF793
:107550009EF79EF79EF79EF79EF79EF79EF79EF783
:107560009EF79EF79EF79EF79EF79EF79EF79EF773
:107570009EF79EF79EF79EF79EF79EF79EF79EF763
:107580009EF79EF79EF79EF79EF79EF79EF79EF753
:107590009EF79EF79EF79EF79EF79EF79EF79EF743
:1075A0009EF79EF79EF79EF79EF79EF79EF79EF733
:1075B0009EF79EF79EF79EF79EF79EF79EF79EF723
:1075C0009EF79EF79EF79EF79EF79EF79EF79EF713
:1075D0009EF79EF79EF79EF79EF79EF79EF79EF703
:1075E0009EF79EF79EF79EF79EF79EF79EF79EF7F3
:1075F0009EF79EF79EF79EF79EF79EF79EF79EF7E3
:107600009EF79EF79EF79EF79EF79EF7BEF7000047
:10761000000000000000000000000000000000006A
:10762000000000000000000000000000000000005A
:10763000000000000000000000000000000000004A
:10764000000000000000000000000000000000003A
:10765000000000000000000000000000BEF79EF7E0
:107660009EF79EF79EF79EF79EF79EF79EF79EF772
:107670009EF79EF79EF79EF79EF79EF79EF79EF762
:107680009EF79EF79EF79EF79EF79EF79EF79EF752
:107690009EF79EF79EF79EF79EF79EF79EF79EF742
:1076A0009EF79EF79EF79EF79EF79EF79EF79EF732
:1076B0009EF79EF79EF79EF79EF79EF79EF79EF722
:1076C0009EF79EF79EF79EF79EF79EF79EF79EF712
:1076D0009EF79EF79EF79EF79EF79EF79EF79EF702
:1076E0009EF79EF79EF79EF79EF79EF79EF79EF7F2
:1076F0009EF79EF79EF79EF79EF79EF79EF79EF7E2
:107700009EF79EF79EF79EF79EF79EF79EF79EF7D1
:107710009EF79EF79EF79EF79EF79EF79EF79EF7C1
:107720009EF79EF79EF79EF79EF79EF79EF79EF7B1
:107730009EF79EF79EF79EF79EF79EF79EF79EF7A1
:107740009EF79EF79EF79EF79EF79EF79EF79EF791
:107750009EF79EF79EF79EF79EF79EF79EF79EF781
:107760009EF79EF79EF79EF79EF79EF79EF79EF771
:107770009EF79EF79EF79EF79EF79EF79EF79EF761
:107780009EF79EF79EF79EF79EF79EF79EF79EF751
:107790009EF79EF79EF79EF79EF79EF79EF79EF741
:1077A0009EF79EF79EF79EF79EF79EF79EF79EF731
:1077B0009EF79EF79EF79EF79EF79EF79EF79EF721
:1077C0009EF79EF79EF79EF79EF79EF79EF79EF711
:1077D0009EF79EF79EF79EF79EF79EF79EF79EF701
:1077E0009EF79EF79EF79EF79EF79EF7FFFF00001D
:1077F0000000000000000000000000000000000089
:107800000000000000000000000000000000000078
:107810000000000000000000000000000000000068
:107820000000000000000000000000000000000058
:10783000000000000000000000000000FFFF9EF7B5
:107840009EF79EF79EF79EF79EF79EF79EF79EF790
:107850009EF79EF79EF79EF79EF79EF79EF79EF780
:107860009EF79EF79EF79EF79EF79EF79EF79EF770
:107870009EF79EF79EF79EF79EF79EF79EF79EF760
:107880009EF79EF79EF79EF79EF79EF79EF79EF750
:107890009EF79EF79EF79EF79EF79EF79EF79EF740
:1078A0009EF79EF79EF79EF79EF79EF79EF79EF730
:1078B0009EF79EF79EF79EF79EF79EF79EF79EF720
:1078C0009EF79EF79EF79EF79EF79EF79EF79EF710
:1078D0009EF79EF79EF79EF79EF79EF79EF79EF700
:1078E0009EF79EF79EF79EF79EF79EF79EF79EF7F0
:1078F0009EF79EF79EF79EF79EF79EF79EF79EF7E0
:107900009EF79EF79EF79EF79EF79EF79EF79EF7CF
:107910009EF79EF79EF79EF79EF79EF79EF79EF7BF
:107920009EF79EF79EF79EF79EF79EF79EF79EF7AF
:107930009EF79EF79EF79EF79EF79EF79EF79EF79F
:107940009EF79EF79EF79EF79EF79EF79EF79EF78F
:107950009EF79EF79EF79EF79EF79EF79EF79EF77F
:107960009EF79EF79EF79EF79EF79EF79EF79EF76F
:107970009EF79EF79EF79EF79EF79EF79EF79EF75F
:107980009EF79EF79EF79EF79EF79EF79EF79EF74F
:107990009EF79EF79EF79EF79EF79EF79EF79EF73F
:1079A0009EF79EF79EF79EF79EF79EF79EF79EF72F
:1079B0009EF79EF79EF79EF79EF79EF79EF79EF71F
:1079C0009EF79EF79EF79EF79EF7BEF70000000019
:1079D00000000000000000000000000000000000A7
:1079E0000000000000000000000000000000000097
:1079F0000000000000000000000000000000000087
:107A00000000000000000000000000000000000076
:107A10000000000000000000000000000000BEF7B1
:107A20009EF79EF79EF79EF79EF79EF79EF79EF7AE
:107A30009EF79EF79EF79EF79EF79EF79EF79EF79E
:107A40009EF79EF79EF79EF79EF79EF79EF79EF78E
:107A50009EF79EF79EF79EF79EF79EF79EF79EF77E
:107A60009EF79EF79EF79EF79EF79EF79EF79EF76E
:107A70009EF79EF79EF79EF79EF79EF79EF79EF75E
:107A80009EF79EF79EF79EF79EF79EF79EF79EF74E
:107A90009EF79EF79EF79EF79EF79EF79EF79EF73E
:107AA0009EF79EF79EF79EF79EF79EF79EF79EF72E
:107AB0009EF79EF79EF79EF79EF79EF79EF79EF71E
:107AC0009EF79EF79EF79EF79EF79EF79EF79EF70E
:107AD0009EF79EF79EF79EF79EF79EF79EF79EF7FE
:107AE0009EF79EF79EF79EF79EF79EF79EF79EF7EE
:107AF0009EF79EF79EF79EF79EF79EF79EF79EF7DE
:107B00009EF79EF79EF79EF79EF79EF79EF79EF7CD
:107B10009EF79EF79EF79EF79EF79EF79EF79EF7BD
:107B20009EF79EF79EF79EF79EF79EF79EF79EF7AD
:107B30009EF79EF79EF79EF79EF79EF79EF79EF79D
:107B40009EF79EF79EF79EF79EF79EF79EF79EF78D
:107B50009EF79EF79EF79EF79EF79EF79EF79EF77D
:107B60009EF79EF79EF79EF79EF79EF79EF79EF76D
:107B70009EF79EF79EF79EF79EF79EF79EF79EF75D
:107B80009EF79EF79EF79EF79EF79EF79EF79EF74D
:107B90009EF79EF79EF79EF79EF79EF79EF79EF73D
:107BA0009EF79EF79EF79EF79EF7FFFF00000000EE
:107BB00000000000000000000000000000000000C5
:107BC00000000000000000000000000000000000B5
:107BD00000000000000000000000000000000000A5
:107BE0000000000000000000000000000000000095
:107BF0000000000000000000000000000000FFFF87
:107C00009EF79EF79EF79EF79EF79EF79EF79EF7CC
:107C10009EF79EF79EF79EF79EF79EF79EF79EF7BC
:107C20009EF79EF79EF79EF79EF79EF79EF79EF7AC
:107C30009EF79EF79EF79EF79EF79EF79EF79EF79C
:107C40009EF79EF79EF79EF79EF79EF79EF79EF78C
:107C50009EF79EF79EF79EF79EF79EF79EF79EF77C
:107C60009EF79EF79EF79EF79EF79EF79EF79EF76C
:107C70009EF79EF79EF79EF79EF79EF79EF79EF75C
:107C80009EF79EF79EF79EF79EF79EF79EF79EF74C
:107C90009EF79EF79EF79EF79EF79EF79EF79EF73C
:107CA0009EF79EF79EF79EF79EF79EF79EF79EF72C
:107CB0009EF79EF79EF79EF79EF79EF79EF79EF71C
:107CC0009EF79EF79EF79EF79EF79EF79EF79EF70C
:107CD0009EF79EF79EF79EF79EF79EF79EF79EF7FC
:107CE0009EF79EF79EF79EF79EF79EF79EF79EF7EC
:107CF0009EF79EF79EF79EF79EF79EF79EF79EF7DC
:107D00009EF79EF79EF79EF79EF79EF79EF79EF7CB
:107D10009EF79EF79EF79EF79EF79EF79EF79EF7BB
:107D20009EF79EF79EF79EF79EF79EF79EF79EF7AB
:107D30009EF79EF79EF79EF79EF79EF79EF79EF79B
:107D40009EF79EF79EF79EF79EF79EF79EF79EF78B
:107D50009EF79EF79EF79EF79EF79EF79EF79EF77B
:107D60009EF79EF79EF79EF79EF79EF79EF79EF76B
:107D70009EF79EF79EF79EF79EF79EF79EF79EF75B
:107D80009EF79EF79EF79EF7BEF7000000000000EA
:107D900000000000000000000000000000000000E3
:107DA00000000000000000000000000000000000D3
:107DB00000000000000000000000000000000000C3
:107DC00000000000000000000000000000000000B3
:107DD00000000000000000000000000000000000A3
:107DE000BEF79EF79EF79EF79EF79EF79EF79EF7CB
:107DF0009EF79EF79EF79EF79EF79EF79EF79EF7DB
:107E00009EF79EF79EF79EF79EF79EF79EF79EF7CA
:107E10009EF79EF79EF79EF79EF79EF79EF79EF7BA
:107E20009EF79EF79EF79EF79EF79EF79EF79EF7AA
:107E30009EF79EF79EF79EF79EF79EF79EF79EF79A
:107E40009EF79EF79EF79EF79EF79EF79EF79EF78A
:107E50009EF79EF79EF79EF79EF79EF79EF79EF77A
:107E60009EF79EF79EF79EF79EF79EF79EF79EF76A
:107E70009EF79EF79EF79EF79EF79EF79EF79EF75A
:107E80009EF79EF79EF79EF79EF79EF79EF79EF74A
:107E90009EF79EF79EF79EF79EF79EF79EF79EF73A
:107EA0009EF79EF79EF79EF79EF79EF79EF79EF72A
:107EB0009EF79EF79EF79EF79EF79EF79EF79EF71A
:107EC0009EF79EF79EF79EF79EF79EF79EF79EF70A
:107ED0009EF79EF79EF79EF79EF79EF79EF79EF7FA
:107EE0009EF79EF79EF79EF79EF79EF79EF79EF7EA
:107EF0009EF79EF79EF79EF79EF79EF79EF79EF7DA
:107F00009EF79EF79EF79EF79EF79EF79EF79EF7C9
:107F10009EF79EF79EF79EF79EF79EF79EF79EF7B9
:107F20009EF79EF79EF79EF79EF79EF79EF79EF7A9
:107F30009EF79EF79EF79EF79EF79EF79EF79EF799
:107F40009EF79EF79EF79EF79EF79EF79EF79EF789
:107F50009EF79EF79EF79EF79EF79EF79EF79EF779
:107F60009EF79EF79EF79EF7FFFF000000000000BF
:107F70000000000000000000000000000000000001
:107F800000000000000000000000000000000000F1
:107F900000000000000000000000000000000000E1
:107FA00000000000000000000000000000000000D1
:107FB00000000000000000000000000000000000C1
:107FC000FFFFBEF79EF79EF79EF79EF79EF79EF780
:107FD0009EF79EF79EF79EF79EF79EF79EF79EF7F9
:107FE0009EF79EF79EF79EF79EF79EF79EF79EF7E9
:107FF0009EF79EF79EF79EF79EF79EF79EF79EF7D9
:108000009EF79EF79EF79EF79EF79EF79EF79EF7C8
:108010009EF79EF79EF79EF79EF79EF79EF79EF7B8
:108020009EF79EF79EF79EF79EF79EF79EF79EF7A8
:108030009EF79EF79EF79EF79EF79EF79EF79EF798
:108040009EF79EF79EF79EF79EF79EF79EF79EF788
:108050009EF79EF79EF79EF79EF79EF79EF79EF778
:108060009EF79EF79EF79EF79EF79EF79EF79EF768
:108070009EF79EF79EF79EF79EF79EF79EF79EF758
:108080009EF79EF79EF79EF79EF79EF79EF79EF748
:108090009EF79EF79EF79EF79EF79EF79EF79EF738
:1080A0009EF79EF79EF79EF79EF79EF79EF79EF728
:1080B0009EF79EF79EF79EF79EF79EF79EF79EF718
:1080C0009EF79EF79EF79EF79EF79EF79EF79EF708
:1080D0009EF79EF79EF79EF79EF79EF79EF79EF7F8
:1080E0009EF79EF79EF79EF79EF79EF79EF79EF7E8
:1080F0009EF79EF79EF79EF79EF79EF79EF79EF7D8
:108100009EF79EF79EF79EF79EF79EF79EF79EF7C7
:108110009EF79EF79EF79EF79EF79EF79EF79EF7B7
:108120009EF79EF79EF79EF79EF79EF79EF79EF7A7
:108130009EF79EF79EF79EF79EF79EF79EF79EF797
:108140009EF79EF7BEF7BEF700000000000000009B
:10815000000000000000000000000000000000001F
:10816000000000000000000000000000000000000F
:1081700000000000000000000000000000000000FF
:1081800000000000000000000000000000000000EF
:1081900000000000000000000000000000000000DF
:1081A0000000BEF79EF79EF79EF79EF79EF79EF79C
:1081B0009EF79EF79EF79EF79EF79EF79EF79EF717
:1081C0009EF79EF79EF79EF79EF79EF79EF79EF707
:1081D0009EF79EF79EF79EF79EF79EF79EF79EF7F7
:1081E0009EF79EF79EF79EF79EF79EF79EF79EF7E7
:1081F0009EF79EF79EF79EF79EF79EF79EF79EF7D7
:108200009EF79EF79EF79EF79EF79EF79EF79EF7C6
:108210009EF79EF79EF79EF79EF79EF79EF79EF7B6
:108220009EF79EF79EF79EF79EF79EF79EF79EF7A6
:108230009EF79EF79EF79EF79EF79EF79EF79EF796
:108240009EF79EF79EF79EF79EF79EF79EF79EF786
:108250009EF79EF79EF79EF79EF79EF79EF79EF776
:108260009EF79EF79EF79EF79EF79EF79EF79EF766
:108270009EF79EF79EF79EF79EF79EF79EF79EF756
:108280009EF79EF79EF79EF79EF79EF79EF79EF746
:108290009EF79EF79EF79EF79EF79EF79EF79EF736
:1082A0009EF79EF79EF79EF79EF79EF79EF79EF726
:1082B0009EF79EF79EF79EF79EF79EF79EF79EF716
:1082C0009EF79EF79EF79EF79EF79EF79EF79EF706
:1082D0009EF79EF79EF79EF79EF79EF79EF79EF7F6
:1082E0009EF79EF79EF79EF79EF79EF79EF79EF7E6
:1082F0009EF79EF79EF79EF79EF79EF79EF79EF7D6
:108300009EF79EF79EF79EF79EF79EF79EF79EF7C5
:108310009EF79EF79EF79EF79EF79EF79EF79EF7B5
:108320009EF79EF7BEF7000000000000000000006E
:10833000000000000000000000000000000000003D
:10834000000000000000000000000000000000002D
:10835000000000000000000000000000000000001D
:10836000000000000000000000000000000000000D
:1083700000000000000000000000000000000000FD
:1083800000000000BEF79EF79EF79EF79EF79EF74F
:108390009EF79EF79EF79EF79EF79EF79EF79EF735
:1083A0009EF79EF79EF79EF79EF79EF79EF79EF725
:1083B0009EF79EF79EF79EF79EF79EF79EF79EF715
:1083C0009EF79EF79EF79EF79EF79EF79EF79EF705
:1083D0009EF79EF79EF79EF79EF79EF79EF79EF7F5
:1083E0009EF79EF79EF79EF79EF79EF79EF79EF7E5
:1083F0009EF79EF79EF79EF79EF79EF79EF79EF7D5
:108400009EF79EF79EF79EF79EF79EF79EF79EF7C4
:108410009EF79EF79EF79EF79EF79EF79EF79EF7B4
:108420009EF79EF79EF79EF79EF79EF79EF79EF7A4
:108430009EF79EF79EF79EF79EF79EF79EF79EF794
:108440009EF79EF79EF79EF79EF79EF79EF79EF784
:108450009EF79EF79EF79EF79EF79EF79EF79EF774
:108460009EF79EF79EF79EF79EF79EF79EF79EF764
:108470009EF79EF79EF79EF79EF79EF79EF79EF754
:108480009EF79EF79EF79EF79EF79EF79EF79EF744
:108490009EF79EF79EF79EF79EF79EF79EF79EF734
:1084A0009EF79EF79EF79EF79EF79EF79EF79EF724
:1084B0009EF79EF79EF79EF79EF79EF79EF79EF714
:1084C0009EF79EF79EF79EF79EF79EF79EF79EF704
:1084D0009EF79EF79EF79EF79EF79EF79EF79EF7F4
:1084E0009EF79EF79EF79EF79EF79EF79EF79EF7E4
:1084F0009EF79EF79EF79EF79EF79EF79EF79EF7D4
:108500009EF79EF7FFFF0000000000000000000043
:10851000000000000000000000000000000000005B
:10852000000000000000000000000000000000004B
:10853000000000000000000000000000000000003B
:10854000000000000000000000000000000000002B
:10855000000000000000000000000000000000001B
:1085600000000000FFFF9EF79EF79EF79EF79EF724
:108570009EF79EF79EF79EF79EF79EF79EF79EF753
:108580009EF79EF79EF79EF79EF79EF79EF79EF743
:108590009EF79EF79EF79EF79EF79EF79EF79EF733
:1085A0009EF79EF79EF79EF79EF79EF79EF79EF723
:1085B0009EF79EF79EF79EF79EF79EF79EF79EF713
:1085C0009EF79EF79EF79EF79EF79EF79EF79EF703
:1085D0009EF79EF79EF79EF79EF79EF79EF79EF7F3
:1085E0009EF79EF79EF79EF79EF79EF79EF79EF7E3
:1085F0009EF79EF79EF79EF79EF79EF79EF79EF7D3
:108600009EF79EF79EF79EF79EF79EF79EF79EF7C2
:108610009EF79EF79EF79EF79EF79EF79EF79EF7B2
:108620009EF79EF79EF79EF79EF79EF79EF79EF7A2
:108630009EF79EF79EF79EF79EF79EF79EF79EF792
:108640009EF79EF79EF79EF79EF79EF79EF79EF782
:108650009EF79EF79EF79EF79EF79EF79EF79EF772
:108660009EF79EF79EF79EF79EF79EF79EF79EF762
:108670009EF79EF79EF79EF79EF79EF79EF79EF752
:108680009EF79EF79EF79EF79EF79EF79EF79EF742
:108690009EF79EF79EF79EF79EF79EF79EF79EF732
:1086A0009EF79EF79EF79EF79EF79EF79EF79EF722
:1086B0009EF79EF79EF79EF79EF79EF79EF79EF712
:1086C0009EF79EF79EF79EF79EF79EF79EF79EF702
:1086D0009EF79EF79EF79EF79EF79EF79EF79EF7F2
:1086E0009EF7BEF700000000000000000000000040
:1086F000000000000000000000000000000000007A
:108700000000000000000000000000000000000069
:108710000000000000000000000000000000000059
:108720000000000000000000000000000000000049
:108730000000000000000000000000000000000039
:10874000000000000000DFFFBEF79EF79EF79EF7D7
:108750009EF79EF79EF79EF79EF79EF79EF79EF771
:108760009EF79EF79EF79EF79EF79EF79EF79EF761
:108770009EF79EF79EF79EF79EF79EF79EF79EF751
:108780009EF79EF79EF79EF79EF79EF79EF79EF741
:108790009EF79EF79EF79EF79EF79EF79EF79EF731
:1087A0009EF79EF79EF79EF79EF79EF79EF79EF721
:1087B0009EF79EF79EF79EF79EF79EF79EF79EF711
:1087C0009EF79EF79EF79EF79EF79EF79EF79EF701
:1087D0009EF79EF79EF79EF79EF79EF79EF79EF7F1
:1087E0009EF79EF79EF79EF79EF79EF79EF79EF7E1
:1087F0009EF79EF79EF79EF79EF79EF79EF79EF7D1
:108800009EF79EF79EF79EF79EF79EF79EF79EF7C0
:108810009EF79EF79EF79EF79EF79EF79EF79EF7B0
:108820009EF79EF79EF79EF79EF79EF79EF79EF7A0
:108830009EF79EF79EF79EF79EF79EF79EF79EF790
:108840009EF79EF79EF79EF79EF79EF79EF79EF780
:108850009EF79EF79EF79EF79EF79EF79EF79EF770
:108860009EF79EF79EF79EF79EF79EF79EF79EF760
:108870009EF79EF79EF79EF79EF79EF79EF79EF750
:108880009EF79EF79EF79EF79EF79EF79EF79EF740
:108890009EF79EF79EF79EF79EF79EF79EF79EF730
:1088A0009EF79EF79EF79EF79EF79EF79EF79EF720
:1088B0009EF79EF79EF79EF79EF79EF79EF79EF710
:1088C000BEF7FFFF000000000000000000000000F5
:1088D0000000000000000000000000000000000098
:1088E0000000000000000000000000000000000088
:1088F0000000000000000000000000000000000078
:108900000000000000000000000000000000000067
:108910000000000000000000000000000000000057
:108920000000000000000000BEF79EF79EF79EF7D3
:108930009EF79EF79EF79EF79EF79EF79EF79EF78F
:108940009EF79EF79EF79EF79EF79EF79EF79EF77F
:108950009EF79EF79EF79EF79EF79EF79EF79EF76F
:108960009EF79EF79EF79EF79EF79EF79EF79EF75F
:108970009EF79EF79EF79EF79EF79EF79EF79EF74F
:108980009EF79EF79EF79EF79EF79EF79EF79EF73F
:108990009EF79EF79EF79EF79EF79EF79EF79EF72F
:1089A0009EF79EF79EF79EF79EF79EF79EF79EF71F
:1089B0009EF79EF79EF79EF79EF79EF79EF79EF70F
:1089C0009EF79EF79EF79EF79EF79EF79EF79EF7FF
:1089D0009EF79EF79EF79EF79EF79EF79EF79EF7EF
:1089E0009EF79EF79EF79EF79EF79EF79EF79EF7DF
:1089F0009EF79EF79EF79EF79EF79EF79EF79EF7CF
:108A00009EF79EF79EF79EF79EF79EF79EF79EF7BE
:108A10009EF79EF79EF79EF79EF79EF79EF79EF7AE
:108A20009EF79EF79EF79EF79EF79EF79EF79EF79E
:108A30009EF79EF79EF79EF79EF79EF79EF79EF78E
:108A40009EF79EF79EF79EF79EF79EF79EF79EF77E
:108A50009EF79EF79EF79EF79EF79EF79EF79EF76E
:108A60009EF79EF79EF79EF79EF79EF79EF79EF75E
:108A70009EF79EF79EF79EF79EF79EF79EF79EF74E
:108A80009EF79EF79EF79EF79EF79EF79EF79EF73E
:108A90009EF79EF79EF79EF79EF79EF79EF79EF72E
:108AA000FFF70000000000000000000000000000D0
:108AB00000000000000000000000000000000000B6
:108AC00000000000000000000000000000000000A6
:108AD0000000000000000000000000000000000096
:108AE0000000000000000000000000000000000086
:108AF0000000000000000000000000000000000076
:108B00000000000000000000FFFF9EF79EF79EF7A8
:108B10009EF79EF79EF79EF79EF79EF79EF79EF7AD
:108B20009EF79EF79EF79EF79EF79EF79EF79EF79D
:108B30009EF79EF79EF79EF79EF79EF79EF79EF78D
:108B40009EF79EF79EF79EF79EF79EF79EF79EF77D
:108B50009EF79EF79EF79EF79EF79EF79EF79EF76D
:108B60009EF79EF79EF79EF79EF79EF79EF79EF75D
:108B70009EF79EF79EF79EF79EF79EF79EF79EF74D
:108B80009EF79EF79EF79EF79EF79EF79EF79EF73D
:108B90009EF79EF79EF79EF79EF79EF79EF79EF72D
:108BA0009EF79EF79EF79EF79EF79EF79EF79EF71D
:108BB0009EF79EF79EF79EF79EF79EF79EF79EF70D
:108BC0009EF79EF79EF79EF79EF79EF79EF79EF7FD
:108BD0009EF79EF79EF79EF79EF79EF79EF79EF7ED
:108BE0009EF79EF79EF79EF79EF79EF79EF79EF7DD
:108BF0009EF79EF79EF79EF79EF79EF79EF79EF7CD
:108C00009EF79EF79EF79EF79EF79EF79EF79EF7BC
:108C10009EF79EF79EF79EF79EF79EF79EF79EF7AC
:108C20009EF79EF79EF79EF79EF79EF79EF79EF79C
:108C30009EF79EF79EF79EF79EF79EF79EF79EF78C
:108C40009EF79EF79EF79EF79EF79EF79EF79EF77C
:108C50009EF79EF79EF79EF79EF79EF79EF79EF76C
:108C60009EF79EF79EF79EF79EF79EF79EF79EF75C
:108C70009EF79EF79EF79EF79EF79EF79EF7BEF72C
:108C800000000000000000000000000000000000E4
:108C900000000000000000000000000000000000D4
:108CA00000000000000000000000000000000000C4
:108CB00000000000000000000000000000000000B4
:108CC00000000000000000000000000000000000A4
:108CD0000000000000000000000000000000000094
:108CE00000000000000000000000BEF79EF79EF7A5
:108CF0009EF79EF79EF79EF79EF79EF79EF79EF7CC
:108D00009EF79EF79EF79EF79EF79EF79EF79EF7BB
:108D10009EF79EF79EF79EF79EF79EF79EF79EF7AB
:108D20009EF79EF79EF79EF79EF79EF79EF79EF79B
:108D30009EF79EF79EF79EF79EF79EF79EF79EF78B
:108D40009EF79EF79EF79EF79EF79EF79EF79EF77B
:108D50009EF79EF79EF79EF79EF79EF79EF79EF76B
:108D60009EF79EF79EF79EF79EF79EF79EF79EF75B
:108D70009EF79EF79EF79EF79EF79EF79EF79EF74B
:108D80009EF79EF79EF79EF79EF79EF79EF79EF73B
:108D90009EF79EF79EF79EF79EF79EF79EF79EF72B
:108DA0009EF79EF79EF79EF79EF79EF79EF79EF71B
:108DB0009EF79EF79EF79EF79EF79EF79EF79EF70B
:108DC0009EF79EF79EF79EF79EF79EF79EF79EF7FB
:108DD0009EF79EF79EF79EF79EF79EF79EF79EF7EB
:108DE0009EF79EF79EF79EF79EF79EF79EF79EF7DB
:108DF0009EF79EF79EF79EF79EF79EF79EF79EF7CB
:108E00009EF79EF79EF79EF79EF79EF79EF79EF7BA
:108E10009EF79EF79EF79EF79EF79EF79EF79EF7AA
:108E20009EF79EF79EF79EF79EF79EF79EF79EF79A
:108E30009EF79EF79EF79EF79EF79EF79EF79EF78A
:108E40009EF79EF79EF79EF79EF79EF79EF79EF77A
:108E50009EF79EF79EF79EF79EF79EF79EF70000FF
:108E60000000000000000000000000000000000002
:108E700000000000000000000000000000000000F2
:108E800000000000000000000000000000000000E2
:108E900000000000000000000000000000000000D2
:108EA00000000000000000000000000000000000C2
:108EB00000000000000000000000000000000000B2
:108EC000000000000000000000000000BEF79EF758
:108ED0009EF79EF79EF79EF79EF79EF79EF79EF7EA
:108EE0009EF79EF79EF79EF79EF79EF79EF79EF7DA
:108EF0009EF79EF79EF79EF79EF79EF79EF79EF7CA
:108F00009EF79EF79EF79EF79EF79EF79EF79EF7B9
:108F10009EF79EF79EF79EF79EF79EF79EF79EF7A9
:108F20009EF79EF79EF79EF79EF79EF79EF79EF799
:108F30009EF79EF79EF79EF79EF79EF79EF79EF789
:108F40009EF79EF79EF79EF79EF79EF79EF79EF779
:108F50009EF79EF79EF79EF79EF79EF79EF79EF769
:108F60009EF79EF79EF79EF79EF79EF79EF79EF759
:108F70009EF79EF79EF79EF79EF79EF79EF79EF749
:108F80009EF79EF79EF79EF79EF79EF79EF79EF739
:108F90009EF79EF79EF79EF79EF79EF79EF79EF729
:108FA0009EF79EF79EF79EF79EF79EF79EF79EF719
:108FB0009EF79EF79EF79EF79EF79EF79EF79EF709
:108FC0009EF79EF79EF79EF79EF79EF79EF79EF7F9
:108FD0009EF79EF79EF79EF79EF79EF79EF79EF7E9
:108FE0009EF79EF79EF79EF79EF79EF79EF79EF7D9
:108FF0009EF79EF79EF79EF79EF79EF79EF79EF7C9
:109000009EF79EF79EF79EF79EF79EF79EF79EF7B8
:109010009EF79EF79EF79EF79EF79EF79EF79EF7A8
:109020009EF79EF79EF79EF79EF79EF79EF79EF798
:109030009EF79EF79EF79EF79EF7BEF7FFFF000094
:109040000000000000000000000000000000000020
:109050000000000000000000000000000000000010
:109060000000000000000000000000000000000000
:1090700000000000000000000000000000000000F0
:1090800000000000000000000000000000000000E0
:1090900000000000000000000000000000000000D0
:1090A000000000000000000000000000FFFF9EF72D
:1090B0009EF79EF79EF79EF79EF79EF79EF79EF708
:1090C0009EF79EF79EF79EF79EF79EF79EF79EF7F8
:1090D0009EF79EF79EF79EF79EF79EF79EF79EF7E8
:1090E0009EF79EF79EF79EF79EF79EF79EF79EF7D8
:1090F0009EF79EF79EF79EF79EF79EF79EF79EF7C8
:109100009EF79EF79EF79EF79EF79EF79EF79EF7B7
:109110009EF79EF79EF79EF79EF79EF79EF79EF7A7
:109120009EF79EF79EF79EF79EF79EF79EF79EF797
:109130009EF79EF79EF79EF79EF79EF79EF79EF787
:109140009EF79EF79EF79EF79EF79EF79EF79EF777
:109150009EF79EF79EF79EF79EF79EF79EF79EF767
:109160009EF79EF79EF79EF79EF79EF79EF79EF757
:109170009EF79EF79EF79EF79EF79EF79EF79EF747
:109180009EF79EF79EF79EF79EF79EF79EF79EF737
:109190009EF79EF79EF79EF79EF79EF79EF79EF727
:1091A0009EF79EF79EF79EF79EF79EF79EF79EF717
:1091B0009EF79EF79EF79EF79EF79EF79EF79EF707
:1091C0009EF79EF79EF79EF79EF79EF79EF79EF7F7
:1091D0009EF79EF79EF79EF79EF79EF79EF79EF7E7
:1091E0009EF79EF79EF79EF79EF79EF79EF79EF7D7
:1091F0009EF79EF79EF79EF79EF79EF79EF79EF7C7
:109200009EF79EF79EF79EF79EF79EF79EF79EF7B6
:109210009EF79EF79EF79EF79EF7DFF7000000008F
:10922000000000000000000000000000000000003E
:10923000000000000000000000000000000000002E
:10924000000000000000000000000000000000001E
:10925000000000000000000000000000000000000E
:1092600000000000000000000000000000000000FE
:1092700000000000000000000000000000000000EE
:109280000000000000000000000000000000FFFFE0
:10929000BEF79EF79EF79EF79EF79EF79EF79EF706
:1092A0009EF79EF79EF79EF79EF79EF79EF79EF716
:1092B0009EF79EF79EF79EF79EF79EF79EF79EF706
:1092C0009EF79EF79EF79EF79EF79EF79EF79EF7F6
:1092D0009EF79EF79EF79EF79EF79EF79EF79EF7E6
:1092E0009EF79EF79EF79EF79EF79EF79EF79EF7D6
:1092F0009EF79EF79EF79EF79EF79EF79EF79EF7C6
:109300009EF79EF79EF79EF79EF79EF79EF79EF7B5
:109310009EF79EF79EF79EF79EF79EF79EF79EF7A5
:109320009EF79EF79EF79EF79EF79EF79EF79EF795
:109330009EF79EF79EF79EF79EF79EF79EF79EF785
:109340009EF79EF79EF79EF79EF79EF79EF79EF775
:109350009EF79EF79EF79EF79EF79EF79EF79EF765
:109360009EF79EF79EF79EF79EF79EF79EF79EF755
:109370009EF79EF79EF79EF79EF79EF79EF79EF745
:109380009EF79EF79EF79EF79EF79EF79EF79EF735
:109390009EF79EF79EF79EF79EF79EF79EF79EF725
:1093A0009EF79EF79EF79EF79EF79EF79EF79EF715
:1093B0009EF79EF79EF79EF79EF79EF79EF79EF705
:1093C0009EF79EF79EF79EF79EF79EF79EF79EF7F5
:1093D0009EF79EF79EF79EF79EF79EF79EF79EF7E5
:1093E0009EF79EF79EF79EF79EF79EF79EF79EF7D5
:1093F0009EF79EF79EF7BEF7BFF700000000000043
:10940000000000000000000000000000000000005C
:10941000000000000000000000000000000000004C
:10942000000000000000000000000000000000003C
:10943000000000000000000000000000000000002C
:10944000000000000000000000000000000000001C
:10945000000000000000000000000000000000000C
:1094600000000000000000000000000000000000FC
:109470009FF79EF79EF79EF79EF79EF79EF79EF743
:109480009EF79EF79EF79EF79EF79EF79EF79EF734
:109490009EF79EF79EF79EF79EF79EF79EF79EF724
:1094A0009EF79EF79EF79EF79EF79EF79EF79EF714
:1094B0009EF79EF79EF79EF79EF79EF79EF79EF704
:1094C0009EF79EF79EF79EF79EF79EF79EF79EF7F4
:1094D0009EF79EF79EF79EF79EF79EF79EF79EF7E4
:1094E0009EF79EF79EF79EF79EF79EF79EF79EF7D4
:1094F0009EF79EF79EF79EF79EF79EF79EF79EF7C4
:109500009EF79EF79EF79EF79EF79EF79EF79EF7B3
:109510009EF79EF79EF79EF79EF79EF79EF79EF7A3
:109520009EF79EF79EF79EF79EF79EF79EF79EF793
:109530009EF79EF79EF79EF79EF79EF79EF79EF783
:109540009EF79EF79EF79EF79EF79EF79EF79EF773
:109550009EF79EF79EF79EF79EF79EF79EF79EF763
:109560009EF79EF79EF79EF79EF79EF79EF79EF753
:109570009EF79EF79EF79EF79EF79EF79EF79EF743
:109580009EF79EF79EF79EF79EF79EF79EF79EF733
:109590009EF79EF79EF79EF79EF79EF79EF79EF723
:1095A0009EF79EF79EF79EF79EF79EF79EF79EF713
:1095B0009EF79EF79EF79EF79EF79EF79EF79EF703
:1095C0009EF79EF79EF79EF79EF79EF79EF79EF7F3
:1095D0009EF79EF79EF79EF7FFFF00000000000039
:1095E000000000000000000000000000000000007B
:1095F000000000000000000000000000000000006B
:10960000000000000000000000000000000000005A
:10961000000000000000000000000000000000004A
:10962000000000000000000000000000000000003A
:10963000000000000000000000000000000000002A
:10964000000000000000000000000000000000001A
:109650000000BEF79EF79EF79EF79EF79EF79EF7D7
:109660009EF79EF79EF79EF79EF79EF79EF79EF752
:109670009EF79EF79EF79EF79EF79EF79EF79EF742
:109680009EF79EF79EF79EF79EF79EF79EF79EF732
:109690009EF79EF79EF79EF79EF79EF79EF79EF722
:1096A0009EF79EF79EF79EF79EF79EF79EF79EF712
:1096B0009EF79EF79EF79EF79EF79EF79EF79EF702
:1096C0009EF79EF79EF79EF79EF79EF79EF79EF7F2
:1096D0009EF79EF79EF79EF79EF79EF79EF79EF7E2
:1096E0009EF79EF79EF79EF79EF79EF79EF79EF7D2
:1096F0009EF79EF79EF79EF79EF79EF79EF79EF7C2
:109700009EF79EF79EF79EF79EF79EF79EF79EF7B1
:109710009EF79EF79EF79EF79EF79EF79EF79EF7A1
:109720009EF79EF79EF79EF79EF79EF79EF79EF791
:109730009EF79EF79EF79EF79EF79EF79EF79EF781
:109740009EF79EF79EF79EF79EF79EF79EF79EF771
:109750009EF79EF79EF79EF79EF79EF79EF79EF761
:109760009EF79EF79EF79EF79EF79EF79EF79EF751
:109770009EF79EF79EF79EF79EF79EF79EF79EF741
:109780009EF79EF79EF79EF79EF79EF79EF79EF731
:109790009EF79EF79EF79EF79EF79EF79EF79EF721
:1097A0009EF79EF79EF79EF79EF79EF79EF79EF711
:1097B0009EF79EF79EF7FFFF0000000000000000EC
:1097C0000000000000000000000000000000000099
:1097D0000000000000000000000000000000000089
:1097E0000000000000000000000000000000000079
:1097F0000000000000000000000000000000000069
:109800000000000000000000000000000000000058
:109810000000000000000000000000000000000048
:109820000000000000000000000000000000000038
:109830000000FFFFBEF79EF79EF79EF79EF79EF78C
:109840009EF79EF79EF79EF79EF79EF79EF79EF770
:109850009EF79EF79EF79EF79EF79EF79EF79EF760
:109860009EF79EF79EF79EF79EF79EF79EF79EF750
:109870009EF79EF79EF79EF79EF79EF79EF79EF740
:109880009EF79EF79EF79EF79EF79EF79EF79EF730
:109890009EF79EF79EF79EF79EF79EF79EF79EF720
:1098A0009EF79EF79EF79EF79EF79EF79EF79EF710
:1098B0009EF79EF79EF79EF79EF79EF79EF79EF700
:1098C0009EF79EF79EF79EF79EF79EF79EF79EF7F0
:1098D0009EF79EF79EF79EF79EF79EF79EF79EF7E0
:1098E0009EF79EF79EF79EF79EF79EF79EF79EF7D0
:1098F0009EF79EF79EF79EF79EF79EF79EF79EF7C0
:109900009EF79EF79EF79EF79EF79EF79EF79EF7AF
:109910009EF79EF79EF79EF79EF79EF79EF79EF79F
:109920009EF79EF79EF79EF79EF79EF79EF79EF78F
:109930009EF79EF79EF79EF79EF79EF79EF79EF77F
:109940009EF79EF79EF79EF79EF79EF79EF79EF76F
:109950009EF79EF79EF79EF79EF79EF79EF79EF75F
:109960009EF79EF79EF79EF79EF79EF79EF79EF74F
:109970009EF79EF79EF79EF79EF79EF79EF79EF73F
:109980009EF79EF79EF79EF79EF79EF79EF79EF72F
:109990009EF79EF7BEF700000000000000000000E8
:1099A00000000000000000000000000000000000B7
:1099B00000000000000000000000000000000000A7
:1099C0000000000000000000000000000000000097
:1099D0000000000000000000000000000000000087
:1099E0000000000000000000000000000000000077
:1099F0000000000000000000000000000000000067
:109A00000000000000000000000000000000000056
:109A100000000000FFFF9EF79EF79EF79EF79EF75F
:109A20009EF79EF79EF79EF79EF79EF79EF79EF78E
:109A30009EF79EF79EF79EF79EF79EF79EF79EF77E
:109A40009EF79EF79EF79EF79EF79EF79EF79EF76E
:109A50009EF79EF79EF79EF79EF79EF79EF79EF75E
:109A60009EF79EF79EF79EF79EF79EF79EF79EF74E
:109A70009EF79EF79EF79EF79EF79EF79EF79EF73E
:109A80009EF79EF79EF79EF79EF79EF79EF79EF72E
:109A90009EF79EF79EF79EF79EF79EF79EF79EF71E
:109AA0009EF79EF79EF79EF79EF79EF79EF79EF70E
:109AB0009EF79EF79EF79EF79EF79EF79EF79EF7FE
:109AC0009EF79EF79EF79EF79EF79EF79EF79EF7EE
:109AD0009EF79EF79EF79EF79EF79EF79EF79EF7DE
:109AE0009EF79EF79EF79EF79EF79EF79EF79EF7CE
:109AF0009EF79EF79EF79EF79EF79EF79EF79EF7BE
:109B00009EF79EF79EF79EF79EF79EF79EF79EF7AD
:109B10009EF79EF79EF79EF79EF79EF79EF79EF79D
:109B20009EF79EF79EF79EF79EF79EF79EF79EF78D
:109B30009EF79EF79EF79EF79EF79EF79EF79EF77D
:109B40009EF79EF79EF79EF79EF79EF79EF79EF76D
:109B50009EF79EF79EF79EF79EF79EF79EF79EF75D
:109B60009EF79EF79EF79EF79EF79EF79EF79EF74D
:109B70009EF79FF7000000000000000000000000BA
:109B800000000000000000000000000000000000D5
:109B900000000000000000000000000000000000C5
:109BA00000000000000000000000000000000000B5
:109BB00000000000000000000000000000000000A5
:109BC0000000000000000000000000000000000095
:109BD0000000000000000000000000000000000085
:109BE0000000000000000000000000000000000075
:109BF000000000000000FFFF9EF79EF79EF79EF713
:109C00009EF79EF79EF79EF79EF79EF79EF79EF7AC
:109C10009EF79EF79EF79EF79EF79EF79EF79EF79C
:109C20009EF79EF79EF79EF79EF79EF79EF79EF78C
:109C30009EF79EF79EF79EF79EF79EF79EF79EF77C
:109C40009EF79EF79EF79EF79EF79EF79EF79EF76C
:109C50009EF79EF79EF79EF79EF79EF79EF79EF75C
:109C60009EF79EF79EF79EF79EF79EF79EF79EF74C
:109C70009EF79EF79EF79EF79EF79EF79EF79EF73C
:109C80009EF79EF79EF79EF79EF79EF79EF79EF72C
:109C90009EF79EF79EF79EF79EF79EF79EF79EF71C
:109CA0009EF79EF79EF79EF79EF79EF79EF79EF70C
:109CB0009EF79EF79EF79EF79EF79EF79EF79EF7FC
:109CC0009EF79EF79EF79EF79EF79EF79EF79EF7EC
:109CD0009EF79EF79EF79EF79EF79EF79EF79EF7DC
:109CE0009EF79EF79EF79EF79EF79EF79EF79EF7CC
:109CF0009EF79EF79EF79EF79EF79EF79EF79EF7BC
:109D00009EF79EF79EF79EF79EF79EF79EF79EF7AB
:109D10009EF79EF79EF79EF79EF79EF79EF79EF79B
:109D20009EF79EF79EF79EF79EF79EF79EF79EF78B
:109D30009EF79EF79EF79EF79EF79EF79EF79EF77B
:109D40009EF79EF79EF79EF79EF79EF79EF79EF76B
:109D5000BEF700000000000000000000000000004E
:109D600000000000000000000000000000000000F3
:109D700000000000000000000000000000000000E3
:109D800000000000000000000000000000000000D3
:109D900000000000000000000000000000000000C3
:109DA00000000000000000000000000000000000B3
:109DB00000000000000000000000000000000000A3
:109DC0000000000000000000000000000000000093
:109DD00000000000000000009FF79EF79EF79EF72E
:109DE0009EF79EF79EF79EF79EF79EF79EF79EF7CB
:109DF0009EF79EF79EF79EF79EF79EF79EF79EF7BB
:109E00009EF79EF79EF79EF79EF79EF79EF79EF7AA
:109E10009EF79EF79EF79EF79EF79EF79EF79EF79A
:109E20009EF79EF79EF79EF79EF79EF79EF79EF78A
:109E30009EF79EF79EF79EF79EF79EF79EF79EF77A
:109E40009EF79EF79EF79EF79EF79EF79EF79EF76A
:109E50009EF79EF79EF79EF79EF79EF79EF79EF75A
:109E60009EF79EF79EF79EF79EF79EF79EF79EF74A
:109E70009EF79EF79EF79EF79EF79EF79EF79EF73A
:109E80009EF79EF79EF79EF79EF79EF79EF79EF72A
:109E90009EF79EF79EF79EF79EF79EF79EF79EF71A
:109EA0009EF79EF79EF79EF79EF79EF79EF79EF70A
:109EB0009EF79EF79EF79EF79EF79EF79EF79EF7FA
:109EC0009EF79EF79EF79EF79EF79EF79EF79EF7EA
:109ED0009EF79EF79EF79EF79EF79EF79EF79EF7DA
:109EE0009EF79EF79EF79EF79EF79EF79EF79EF7CA
:109EF0009EF79EF79EF79EF79EF79EF79EF79EF7BA
:109F00009EF79EF79EF79EF79EF79EF79EF79EF7A9
:109F10009EF79EF79EF79EF79EF79EF79EF79EF799
:109F20009EF79EF79EF79EF79EF79EF79EF7BEF769
:109F30000000000000000000000000000000000021
:109F40000000000000000000000000000000000011
:109F50000000000000000000000000000000000001
:109F600000000000000000000000000000000000F1
:109F700000000000000000000000000000000000E1
:109F800000000000000000000000000000000000D1
:109F900000000000000000000000000000000000C1
:109FA00000000000000000000000000000000000B1
:109FB00000000000000000000000BEF79EF79EF7C2
:109FC0009EF79EF79EF79EF79EF79EF79EF79EF7E9
:109FD0009EF79EF79EF79EF79EF79EF79EF79EF7D9
:109FE0009EF79EF79EF79EF79EF79EF79EF79EF7C9
:109FF0009EF79EF79EF79EF79EF79EF79EF79EF7B9
:10A000009EF79EF79EF79EF79EF79EF79EF79EF7A8
:10A010009EF79EF79EF79EF79EF79EF79EF79EF798
:10A020009EF79EF79EF79EF79EF79EF79EF79EF788
:10A030009EF79EF79EF79EF79EF79EF79EF79EF778
:10A040009EF79EF79EF79EF79EF79EF79EF79EF768
:10A050009EF79EF79EF79EF79EF79EF79EF79EF758
:10A060009EF79EF79EF79EF79EF79EF79EF79EF748
:10A070009EF79EF79EF79EF79EF79EF79EF79EF738
:10A080009EF79EF79EF79EF79EF79EF79EF79EF728
:10A090009EF79EF79EF79EF79EF79EF79EF79EF718
:10A0A0009EF79EF79EF79EF79EF79EF79EF79EF708
:10A0B0009EF79EF79EF79EF79EF79EF79EF79EF7F8
:10A0C0009EF79EF79EF79EF79EF79EF79EF79EF7E8
:10A0D0009EF79EF79EF79EF79EF79EF79EF79EF7D8
:10A0E0009EF79EF79EF79EF79EF79EF79EF79EF7C8
:10A0F0009EF79EF79EF79EF79EF79EF79EF79EF7B8
:10A100009EF79EF79EF79EF79EF79EF7BEF700001C
:10A11000000000000000000000000000000000003F
:10A12000000000000000000000000000000000002F
:10A13000000000000000000000000000000000001F
:10A14000000000000000000000000000000000000F
:10A1500000000000000000000000000000000000FF
:10A1600000000000000000000000000000000000EF
:10A1700000000000000000000000000000000000DF
:10A1800000000000000000000000000000000000CF
:10A190000000000000000000000000009FF79EF794
:10A1A0009EF79EF79EF79EF79EF79EF79EF79EF707
:10A1B0009EF79EF79EF79EF79EF79EF79EF79EF7F7
:10A1C0009EF79EF79EF79EF79EF79EF79EF79EF7E7
:10A1D0009EF79EF79EF79EF79EF79EF79EF79EF7D7
:10A1E0009EF79EF79EF79EF79EF79EF79EF79EF7C7
:10A1F0009EF79EF79EF79EF79EF79EF79EF79EF7B7
:10A200009EF79EF79EF79EF79EF79EF79EF79EF7A6
:10A210009EF79EF79EF79EF79EF79EF79EF79EF796
:10A220009EF79EF79EF79EF79EF79EF79EF79EF786
:10A230009EF79EF79EF79EF79EF79EF79EF79EF776
:10A240009EF79EF79EF79EF79EF79EF79EF79EF766
:10A250009EF79EF79EF79EF79EF79EF79EF79EF756
:10A260009EF79EF79EF79EF79EF79EF79EF79EF746
:10A270009EF79EF79EF79EF79EF79EF79EF79EF736
:10A280009EF79EF79EF79EF79EF79EF79EF79EF726
:10A290009EF79EF79EF79EF79EF79EF79EF79EF716
:10A2A0009EF79EF79EF79EF79EF79EF79EF79EF706
:10A2B0009EF79EF79EF79EF79EF79EF79EF79EF7F6
:10A2C0009EF79EF79EF79EF79EF79EF79EF79EF7E6
:10A2D0009EF79EF79EF79EF79EF79EF79EF79EF7D6
:10A2E0009EF79EF79EF79EF79EF79EF7FFFF0000F2
:10A2F000000000000000000000000000000000005E
:10A30000000000000000000000000000000000004D
:10A31000000000000000000000000000000000003D
:10A32000000000000000000000000000000000002D
:10A33000000000000000000000000000000000001D
:10A34000000000000000000000000000000000000D
:10A3500000000000000000000000000000000000FD
:10A3600000000000000000000000000000000000ED
:10A370000000000000000000000000000000BFF727
:10A380009EF79EF79EF79EF79EF79EF79EF79EF725
:10A390009EF79EF79EF79EF79EF79EF79EF79EF715
:10A3A0009EF79EF79EF79EF79EF79EF79EF79EF705
:10A3B0009EF79EF79EF79EF79EF79EF79EF79EF7F5
:10A3C0009EF79EF79EF79EF79EF79EF79EF79EF7E5
:10A3D0009EF79EF79EF79EF79EF79EF79EF79EF7D5
:10A3E0009EF79EF79EF79EF79EF79EF79EF79EF7C5
:10A3F0009EF79EF79EF79EF79EF79EF79EF79EF7B5
:10A400009EF79EF79EF79EF79EF79EF79EF79EF7A4
:10A410009EF79EF79EF79EF79EF79EF79EF79EF794
:10A420009EF79EF79EF79EF79EF79EF79EF79EF784
:10A430009EF79EF79EF79EF79EF79EF79EF79EF774
:10A440009EF79EF79EF79EF79EF79EF79EF79EF764
:10A450009EF79EF79EF79EF79EF79EF79EF79EF754
:10A460009EF79EF79EF79EF79EF79EF79EF79EF744
:10A470009EF79EF79EF79EF79EF79EF79EF79EF734
:10A480009EF79EF79EF79EF79EF79EF79EF79EF724
:10A490009EF79EF79EF79EF79EF79EF79EF79EF714
:10A4A0009EF79EF79EF79EF79EF79EF79EF79EF704
:10A4B0009EF79EF79EF79EF79EF79EF79EF79EF7F4
:10A4C0009EF79EF79EF79EF7BEF7FFFF0000000085
:10A4D000000000000000000000000000000000007C
:10A4E000000000000000000000000000000000006C
:10A4F000000000000000000000000000000000005C
:10A50000000000000000000000000000000000004B
:10A51000000000000000000000000000000000003B
:10A52000000000000000000000000000000000002B
:10A53000000000000000000000000000000000001B
:10A54000000000000000000000000000000000000B
:10A5500000000000000000000000000000000000FB
:10A56000BEF79EF79EF79EF79EF79EF79EF79EF723
:10A570009EF79EF79EF79EF79EF79EF79EF79EF733
:10A580009EF79EF79EF79EF79EF79EF79EF79EF723
:10A590009EF79EF79EF79EF79EF79EF79EF79EF713
:10A5A0009EF79EF79EF79EF79EF79EF79EF79EF703
:10A5B0009EF79EF79EF79EF79EF79EF79EF79EF7F3
:10A5C0009EF79EF79EF79EF79EF79EF79EF79EF7E3
:10A5D0009EF79EF79EF79EF79EF79EF79EF79EF7D3
:10A5E0009EF79EF79EF79EF79EF79EF79EF79EF7C3
:10A5F0009EF79EF79EF79EF79EF79EF79EF79EF7B3
:10A600009EF79EF79EF79EF79EF79EF79EF79EF7A2
:10A610009EF79EF79EF79EF79EF79EF79EF79EF792
:10A620009EF79EF79EF79EF79EF79EF79EF79EF782
:10A630009EF79EF79EF79EF79EF79EF79EF79EF772
:10A640009EF79EF79EF79EF79EF79EF79EF79EF762
:10A650009EF79EF79EF79EF79EF79EF79EF79EF752
:10A660009EF79EF79EF79EF79EF79EF79EF79EF742
:10A670009EF79EF79EF79EF79EF79EF79EF79EF732
:10A680009EF79EF79EF79EF79EF79EF79EF79EF722
:10A690009EF79EF79EF79EF79EF79EF79EF79EF712
:10A6A0009EF79EF79EF7BEF7FFFF00000000000038
:10A6B000000000000000000000000000000000009A
:10A6C000000000000000000000000000000000008A
:10A6D000000000000000000000000000000000007A
:10A6E000000000000000000000000000000000006A
:10A6F000000000000000000000000000000000005A
:10A700000000000000000000000000000000000049
:10A710000000000000000000000000000000000039
:10A720000000000000000000000000000000000029
:10A730000000000000000000000000000000000019
:10A740000000BEF79EF79EF79EF79EF79EF79EF7D6
:10A750009EF79EF79EF79EF79EF79EF79EF79EF751
:10A760009EF79EF79EF79EF79EF79EF79EF79EF741
:10A770009EF79EF79EF79EF79EF79EF79EF79EF731
:10A780009EF79EF79EF79EF79EF79EF79EF79EF721
:10A790009EF79EF79EF79EF79EF79EF79EF79EF711
:10A7A0009EF79EF79EF79EF79EF79EF79EF79EF701
:10A7B0009EF79EF79EF79EF79EF79EF79EF79EF7F1
:10A7C0009EF79EF79EF79EF79EF79EF79EF79EF7E1
:10A7D0009EF79EF79EF79EF79EF79EF79EF79EF7D1
:10A7E0009EF79EF79EF79EF79EF79EF79EF79EF7C1
:10A7F0009EF79EF79EF79EF79EF79EF79EF79EF7B1
:10A800009EF79EF79EF79EF79EF79EF79EF79EF7A0
:10A810009EF79EF79EF79EF79EF79EF79EF79EF790
:10A820009EF79EF79EF79EF79EF79EF79EF79EF780
:10A830009EF79EF79EF79EF79EF79EF79EF79EF770
:10A840009EF79EF79EF79EF79EF79EF79EF79EF760
:10A850009EF79EF79EF79EF79EF79EF79EF79EF750
:10A860009EF79EF79EF79EF79EF79EF79EF79EF740
:10A870009EF79EF79EF79EF79EF79EF79EF79EF730
:10A880009EF79EF7BEF7FFFF0000000000000000EB
:10A8900000000000000000000000000000000000B8
:10A8A00000000000000000000000000000000000A8
:10A8B0000000000000000000000000000000000098
:10A8C0000000000000000000000000000000000088
:10A8D0000000000000000000000000000000000078
:10A8E0000000000000000000000000000000000068
:10A8F0000000000000000000000000000000000058
:10A900000000000000000000000000000000000047
:10A910000000000000000000000000000000000037
:10A9200000000000BFF79EF79EF79EF79EF79EF788
:10A930009EF79EF79EF79EF79EF79EF79EF79EF76F
:10A940009EF79EF79EF79EF79EF79EF79EF79EF75F
:10A950009EF79EF79EF79EF79EF79EF79EF79EF74F
:10A960009EF79EF79EF79EF79EF79EF79EF79EF73F
:10A970009EF79EF79EF79EF79EF79EF79EF79EF72F
:10A980009EF79EF79EF79EF79EF79EF79EF79EF71F
:10A990009EF79EF79EF79EF79EF79EF79EF79EF70F
:10A9A0009EF79EF79EF79EF79EF79EF79EF79EF7FF
:10A9B0009EF79EF79EF79EF79EF79EF79EF79EF7EF
:10A9C0009EF79EF79EF79EF79EF79EF79EF79EF7DF
:10A9D0009EF79EF79EF79EF79EF79EF79EF79EF7CF
:10A9E0009EF79EF79EF79EF79EF79EF79EF79EF7BF
:10A9F0009EF79EF79EF79EF79EF79EF79EF79EF7AF
:10AA00009EF79EF79EF79EF79EF79EF79EF79EF79E
:10AA10009EF79EF79EF79EF79EF79EF79EF79EF78E
:10AA20009EF79EF79EF79EF79EF79EF79EF79EF77E
:10AA30009EF79EF79EF79EF79EF79EF79EF79EF76E
:10AA40009EF79EF79EF79EF79EF79EF79EF79EF75E
:10AA50009EF79EF79EF79EF79EF79EF79EF79EF74E
:10AA60009EF7BEF7FFFF000000000000000000009E
:10AA700000000000000000000000000000000000D6
:10AA800000000000000000000000000000000000C6
:10AA900000000000000000000000000000000000B6
:10AAA00000000000000000000000000000000000A6
:10AAB0000000000000000000000000000000000096
:10AAC0000000000000000000000000000000000086
:10AAD0000000000000000000000000000000000076
:10AAE0000000000000000000000000000000000066
:10AAF0000000000000000000000000000000000056
:10AB00000000000000009FF79EF79EF79EF79EF75B
:10AB10009EF79EF79EF79EF79EF79EF79EF79EF78D
:10AB20009EF79EF79EF79EF79EF79EF79EF79EF77D
:10AB30009EF79EF79EF79EF79EF79EF79EF79EF76D
:10AB40009EF79EF79EF79EF79EF79EF79EF79EF75D
:10AB50009EF79EF79EF79EF79EF79EF79EF79EF74D
:10AB60009EF79EF79EF79EF79EF79EF79EF79EF73D
:10AB70009EF79EF79EF79EF79EF79EF79EF79EF72D
:10AB80009EF79EF79EF79EF79EF79EF79EF79EF71D
:10AB90009EF79EF79EF79EF79EF79EF79EF79EF70D
:10ABA0009EF79EF79EF79EF79EF79EF79EF79EF7FD
:10ABB0009EF79EF79EF79EF79EF79EF79EF79EF7ED
:10ABC0009EF79EF79EF79EF79EF79EF79EF79EF7DD
:10ABD0009EF79EF79EF79EF79EF79EF79EF79EF7CD
:10ABE0009EF79EF79EF79EF79EF79EF79EF79EF7BD
:10ABF0009EF79EF79EF79EF79EF79EF79EF79EF7AD
:10AC00009EF79EF79EF79EF79EF79EF79EF79EF79C
:10AC10009EF79EF79EF79EF79EF79EF79EF79EF78C
:10AC20009EF79EF79EF79EF79EF79EF79EF79EF77C
:10AC30009EF79EF79EF79EF79EF79EF79EF79EF76C
:10AC40009EF7FFFF00000000000000000000000071
:10AC500000000000000000000000000000000000F4
:10AC600000000000000000000000000000000000E4
:10AC700000000000000000000000000000000000D4
:10AC800000000000000000000000000000000000C4
:10AC900000000000000000000000000000000000B4
:10ACA00000000000000000000000000000000000A4
:10ACB0000000000000000000000000000000000094
:10ACC0000000000000000000000000000000000084
:10ACD0000000000000000000000000000000000074
:10ACE0000000000000000000BEF79EF79EF79EF7F0
:10ACF0009EF79EF79EF79EF79EF79EF79EF79EF7AC
:10AD00009EF79EF79EF79EF79EF79EF79EF79EF79B
:10AD10009EF79EF79EF79EF79EF79EF79EF79EF78B
:10AD20009EF79EF79EF79EF79EF79EF79EF79EF77B
:10AD30009EF79EF79EF79EF79EF79EF79EF79EF76B
:10AD40009EF79EF79EF79EF79EF79EF79EF79EF75B
:10AD50009EF79EF79EF79EF79EF79EF79EF79EF74B
:10AD60009EF79EF79EF79EF79EF79EF79EF79EF73B
:10AD70009EF79EF79EF79EF79EF79EF79EF79EF72B
:10AD80009EF79EF79EF79EF79EF79EF79EF79EF71B
:10AD90009EF79EF79EF79EF79EF79EF79EF79EF70B
:10ADA0009EF79EF79EF79EF79EF79EF79EF79EF7FB
:10ADB0009EF79EF79EF79EF79EF79EF79EF79EF7EB
:10ADC0009EF79EF79EF79EF79EF79EF79EF79EF7DB
:10ADD0009EF79EF79EF79EF79EF79EF79EF79EF7CB
:10ADE0009EF79EF79EF79EF79EF79EF79EF79EF7BB
:10ADF0009EF79EF79EF79EF79EF79EF79EF79EF7AB
:10AE00009EF79EF79EF79EF79EF79EF79EF79EF79A
:10AE10009EF79EF79EF79EF79EF79EF79EF7BEF76A
:10AE2000FFFF000000000000000000000000000024
:10AE30000000000000000000000000000000000012
:10AE40000000000000000000000000000000000002
:10AE500000000000000000000000000000000000F2
:10AE600000000000000000000000000000000000E2
:10AE700000000000000000000000000000000000D2
:10AE800000000000000000000000000000000000C2
:10AE900000000000000000000000000000000000B2
:10AEA00000000000000000000000000000000000A2
:10AEB0000000000000000000000000000000000092
:10AEC00000000000000000000000BEF79EF79EF7A3
:10AED0009EF79EF79EF79EF79EF79EF79EF79EF7CA
:10AEE0009EF79EF79EF79EF79EF79EF79EF79EF7BA
:10AEF0009EF79EF79EF79EF79EF79EF79EF79EF7AA
:10AF00009EF79EF79EF79EF79EF79EF79EF79EF799
:10AF10009EF79EF79EF79EF79EF79EF79EF79EF789
:10AF20009EF79EF79EF79EF79EF79EF79EF79EF779
:10AF30009EF79EF79EF79EF79EF79EF79EF79EF769
:10AF40009EF79EF79EF79EF79EF79EF79EF79EF759
:10AF50009EF79EF79EF79EF79EF79EF79EF79EF749
:10AF60009EF79EF79EF79EF79EF79EF79EF79EF739
:10AF70009EF79EF79EF79EF79EF79EF79EF79EF729
:10AF80009EF79EF79EF79EF79EF79EF79EF79EF719
:10AF90009EF79EF79EF79EF79EF79EF79EF79EF709
:10AFA0009EF79EF79EF79EF79EF79EF79EF79EF7F9
:10AFB0009EF79EF79EF79EF79EF79EF79EF79EF7E9
:10AFC0009EF79EF79EF79EF79EF79EF79EF79EF7D9
:10AFD0009EF79EF79EF79EF79EF79EF79EF79EF7C9
:10AFE0009EF79EF79EF79EF79EF79EF79EF79EF7B9
:10AFF0009EF79EF79EF79EF79EF79EF7BEF7FFFF20
:10B000000000000000000000000000000000000040
:10B010000000000000000000000000000000000030
:10B020000000000000000000000000000000000020
:10B030000000000000000000000000000000000010
:10B040000000000000000000000000000000000000
:10B0500000000000000000000000000000000000F0
:10B0600000000000000000000000000000000000E0
:10B0700000000000000000000000000000000000D0
:10B0800000000000000000000000000000000000C0
:10B0900000000000000000000000000000000000B0
:10B0A000000000000000000000000000FFFF9EF70D
:10B0B0009EF79EF79EF79EF79EF79EF79EF79EF7E8
:10B0C0009EF79EF79EF79EF79EF79EF79EF79EF7D8
:10B0D0009EF79EF79EF79EF79EF79EF79EF79EF7C8
:10B0E0009EF79EF79EF79EF79EF79EF79EF79EF7B8
:10B0F0009EF79EF79EF79EF79EF79EF79EF79EF7A8
:10B100009EF79EF79EF79EF79EF79EF79EF79EF797
:10B110009EF79EF79EF79EF79EF79EF79EF79EF787
:10B120009EF79EF79EF79EF79EF79EF79EF79EF777
:10B130009EF79EF79EF79EF79EF79EF79EF79EF767
:10B140009EF79EF79EF79EF79EF79EF79EF79EF757
:10B150009EF79EF79EF79EF79EF79EF79EF79EF747
:10B160009EF79EF79EF79EF79EF79EF79EF79EF737
:10B170009EF79EF79EF79EF79EF79EF79EF79EF727
:10B180009EF79EF79EF79EF79EF79EF79EF79EF717
:10B190009EF79EF79EF79EF79EF79EF79EF79EF707
:10B1A0009EF79EF79EF79EF79EF79EF79EF79EF7F7
:10B1B0009EF79EF79EF79EF79EF79EF79EF79EF7E7
:10B1C0009EF79EF79EF79EF79EF79EF79EF79EF7D7
:10B1D0009EF79EF79EF79EF79EF7BEF700000000D1
:10B1E000000000000000000000000000000000005F
:10B1F000000000000000000000000000000000004F
:10B20000000000000000000000000000000000003E
:10B21000000000000000000000000000000000002E
:10B22000000000000000000000000000000000001E
:10B23000000000000000000000000000000000000E
:10B2400000000000000000000000000000000000FE
:10B2500000000000000000000000000000000000EE
:10B2600000000000000000000000000000000000DE
:10B2700000000000000000000000000000000000CE
:10B280000000000000000000000000000000FFFFC0
:10B290009EF7BEF79EF79EF79EF79EF79EF79EF7E6
:10B2A0009EF79EF79EF79EF79EF79EF79EF79EF7F6
:10B2B0009EF79EF79EF79EF79EF79EF79EF79EF7E6
:10B2C0009EF79EF79EF79EF79EF79EF79EF79EF7D6
:10B2D0009EF79EF79EF79EF79EF79EF79EF79EF7C6
:10B2E0009EF79EF79EF79EF79EF79EF79EF79EF7B6
:10B2F0009EF79EF79EF79EF79EF79EF79EF79EF7A6
:10B300009EF79EF79EF79EF79EF79EF79EF79EF795
:10B310009EF79EF79EF79EF79EF79EF79EF79EF785
:10B320009EF79EF79EF79EF79EF79EF79EF79EF775
:10B330009EF79EF79EF79EF79EF79EF79EF79EF765
:10B340009EF79EF79EF79EF79EF79EF79EF79EF755
:10B350009EF79EF79EF79EF79EF79EF79EF79EF745
:10B360009EF79EF79EF79EF79EF79EF79EF79EF735
:10B370009EF79EF79EF79EF79EF79EF79EF79EF725
:10B380009EF79EF79EF79EF79EF79EF79EF79EF715
:10B390009EF79EF79EF79EF79EF79EF79EF79EF705
:10B3A0009EF79EF79EF79EF79EF79EF79EF79EF7F5
:10B3B0009EF79EF79EF79EF79FF7000000000000A3
:10B3C000000000000000000000000000000000007D
:10B3D000000000000000000000000000000000006D
:10B3E000000000000000000000000000000000005D
:10B3F000000000000000000000000000000000004D
:10B40000000000000000000000000000000000003C
:10B41000000000000000000000000000000000002C
:10B42000000000000000000000000000000000001C
:10B43000000000000000000000000000000000000C
:10B4400000000000000000000000000000000000FC
:10B4500000000000000000000000000000000000EC
:10B4600000000000000000000000000000000000DC
:10B47000FFFFBFF7BEF79EF79EF79EF79EF79EF77A
:10B480009EF79EF79EF79EF79EF79EF79EF79EF714
:10B490009EF79EF79EF79EF79EF79EF79EF79EF704
:10B4A0009EF79EF79EF79EF79EF79EF79EF79EF7F4
:10B4B0009EF79EF79EF79EF79EF79EF79EF79EF7E4
:10B4C0009EF79EF79EF79EF79EF79EF79EF79EF7D4
:10B4D0009EF79EF79EF79EF79EF79EF79EF79EF7C4
:10B4E0009EF79EF79EF79EF79EF79EF79EF79EF7B4
:10B4F0009EF79EF79EF79EF79EF79EF79EF79EF7A4
:10B500009EF79EF79EF79EF79EF79EF79EF79EF793
:10B510009EF79EF79EF79EF79EF79EF79EF79EF783
:10B520009EF79EF79EF79EF79EF79EF79EF79EF773
:10B530009EF79EF79EF79EF79EF79EF79EF79EF763
:10B540009EF79EF79EF79EF79EF79EF79EF79EF753
:10B550009EF79EF79EF79EF79EF79EF79EF79EF743
:10B560009EF79EF79EF79EF79EF79EF79EF79EF733
:10B570009EF79EF79EF79EF79EF79EF79EF79EF723
:10B580009EF79EF79EF79EF79EF79EF79EF79EF713
:10B590009EF79EF7BEF79FF7000000000000000036
:10B5A000000000000000000000000000000000009B
:10B5B000000000000000000000000000000000008B
:10B5C000000000000000000000000000000000007B
:10B5D000000000000000000000000000000000006B
:10B5E000000000000000000000000000000000005B
:10B5F000000000000000000000000000000000004B
:10B60000000000000000000000000000000000003A
:10B61000000000000000000000000000000000002A
:10B62000000000000000000000000000000000001A
:10B63000000000000000000000000000000000000A
:10B6400000000000000000000000000000000000FA
:10B6500000000000BFF79EF79EF79EF79EF79EF74B
:10B660009EF79EF79EF79EF79EF79EF79EF79EF732
:10B670009EF79EF79EF79EF79EF79EF79EF79EF722
:10B680009EF79EF79EF79EF79EF79EF79EF79EF712
:10B690009EF79EF79EF79EF79EF79EF79EF79EF702
:10B6A0009EF79EF79EF79EF79EF79EF79EF79EF7F2
:10B6B0009EF79EF79EF79EF79EF79EF79EF79EF7E2
:10B6C0009EF79EF79EF79EF79EF79EF79EF79EF7D2
:10B6D0009EF79EF79EF79EF79EF79EF79EF79EF7C2
:10B6E0009EF79EF79EF79EF79EF79EF79EF79EF7B2
:10B6F0009EF79EF79EF79EF79EF79EF79EF79EF7A2
:10B700009EF79EF79EF79EF79EF79EF79EF79EF791
:10B710009EF79EF79EF79EF79EF79EF79EF79EF781
:10B720009EF79EF79EF79EF79EF79EF79EF79EF771
:10B730009EF79EF79EF79EF79EF79EF79EF79EF761
:10B740009EF79EF79EF79EF79EF79EF79EF79EF751
:10B750009EF79EF79EF79EF79EF79EF79EF79EF741
:10B760009EF79EF79EF79EF79EF79EF79EF79EF731
:10B770009EF79EF7FFFF00000000000000000000A1
:10B7800000000000000000000000000000000000B9
:10B7900000000000000000000000000000000000A9
:10B7A0000000000000000000000000000000000099
:10B7B0000000000000000000000000000000000089
:10B7C0000000000000000000000000000000000079
:10B7D0000000000000000000000000000000000069
:10B7E0000000000000000000000000000000000059
:10B7F0000000000000000000000000000000000049
:10B800000000000000000000000000000000000038
:10B810000000000000000000000000000000000028
:10B820000000000000000000000000000000000018
:10B830000000000000009FF7BEF79EF79EF79EF7FE
:10B840009EF79EF79EF79EF79EF79EF79EF79EF750
:10B850009EF79EF79EF79EF79EF79EF79EF79EF740
:10B860009EF79EF79EF79EF79EF79EF79EF79EF730
:10B870009EF79EF79EF79EF79EF79EF79EF79EF720
:10B880009EF79EF79EF79EF79EF79EF79EF79EF710
:10B890009EF79EF79EF79EF79EF79EF79EF79EF700
:10B8A0009EF79EF79EF79EF79EF79EF79EF79EF7F0
:10B8B0009EF79EF79EF79EF79EF79EF79EF79EF7E0
:10B8C0009EF79EF79EF79EF79EF79EF79EF79EF7D0
:10B8D0009EF79EF79EF79EF79EF79EF79EF79EF7C0
:10B8E0009EF79EF79EF79EF79EF79EF79EF79EF7B0
:10B8F0009EF79EF79EF79EF79EF79EF79EF79EF7A0
:10B900009EF79EF79EF79EF79EF79EF79EF79EF78F
:10B910009EF79EF79EF79EF79EF79EF79EF79EF77F
:10B920009EF79EF79EF79EF79EF79EF79EF79EF76F
:10B930009EF79EF79EF79EF79EF79EF79EF79EF75F
:10B940009EF79EF79EF79EF79EF79EF79EF79EF74F
:10B95000BEF7FFFF00000000000000000000000034
:10B9600000000000000000000000000000000000D7
:10B9700000000000000000000000000000000000C7
:10B9800000000000000000000000000000000000B7
:10B9900000000000000000000000000000000000A7
:10B9A0000000000000000000000000000000000097
:10B9B0000000000000000000000000000000000087
:10B9C0000000000000000000000000000000000077
:10B9D0000000000000000000000000000000000067
:10B9E0000000000000000000000000000000000057
:10B9F0000000000000000000000000000000000047
:10BA00000000000000000000000000000000000036
:10BA10000000000000000000FFFFBEF79EF79EF749
:10BA20009EF79EF79EF79EF79EF79EF79EF79EF76E
:10BA30009EF79EF79EF79EF79EF79EF79EF79EF75E
:10BA40009EF79EF79EF79EF79EF79EF79EF79EF74E
:10BA50009EF79EF79EF79EF79EF79EF79EF79EF73E
:10BA60009EF79EF79EF79EF79EF79EF79EF79EF72E
:10BA70009EF79EF79EF79EF79EF79EF79EF79EF71E
:10BA80009EF79EF79EF79EF79EF79EF79EF79EF70E
:10BA90009EF79EF79EF79EF79EF79EF79EF79EF7FE
:10BAA0009EF79EF79EF79EF79EF79EF79EF79EF7EE
:10BAB0009EF79EF79EF79EF79EF79EF79EF79EF7DE
:10BAC0009EF79EF79EF79EF79EF79EF79EF79EF7CE
:10BAD0009EF79EF79EF79EF79EF79EF79EF79EF7BE
:10BAE0009EF79EF79EF79EF79EF79EF79EF79EF7AE
:10BAF0009EF79EF79EF79EF79EF79EF79EF79EF79E
:10BB00009EF79EF79EF79EF79EF79EF79EF79EF78D
:10BB10009EF79EF79EF79EF79EF79EF79EF79EF77D
:10BB20009EF79EF79EF79EF79EF79EF79EF7BEF74D
:10BB30000000000000000000000000000000000005
:10BB400000000000000000000000000000000000F5
:10BB500000000000000000000000000000000000E5
:10BB600000000000000000000000000000000000D5
:10BB700000000000000000000000000000000000C5
:10BB800000000000000000000000000000000000B5
:10BB900000000000000000000000000000000000A5
:10BBA0000000000000000000000000000000000095
:10BBB0000000000000000000000000000000000085
:10BBC0000000000000000000000000000000000075
:10BBD0000000000000000000000000000000000065
:10BBE0000000000000000000000000000000000055
:10BBF000000000000000000000000000BEF79EF7FB
:10BC00009EF79EF79EF79EF79EF79EF79EF79EF78C
:10BC10009EF79EF79EF79EF79EF79EF79EF79EF77C
:10BC20009EF79EF79EF79EF79EF79EF79EF79EF76C
:10BC30009EF79EF79EF79EF79EF79EF79EF79EF75C
:10BC40009EF79EF79EF79EF79EF79EF79EF79EF74C
:10BC50009EF79EF79EF79EF79EF79EF79EF79EF73C
:10BC60009EF79EF79EF79EF79EF79EF79EF79EF72C
:10BC70009EF79EF79EF79EF79EF79EF79EF79EF71C
:10BC80009EF79EF79EF79EF79EF79EF79EF79EF70C
:10BC90009EF79EF79EF79EF79EF79EF79EF79EF7FC
:10BCA0009EF79EF79EF79EF79EF79EF79EF79EF7EC
:10BCB0009EF79EF79EF79EF79EF79EF79EF79EF7DC
:10BCC0009EF79EF79EF79EF79EF79EF79EF79EF7CC
:10BCD0009EF79EF79EF79EF79EF79EF79EF79EF7BC
:10BCE0009EF79EF79EF79EF79EF79EF79EF79EF7AC
:10BCF0009EF79EF79EF79EF79EF79EF79EF79EF79C
:10BD00009EF79EF79EF79EF79EF79EF7FFFF0000B7
:10BD10000000000000000000000000000000000023
:10BD20000000000000000000000000000000000013
:10BD30000000000000000000000000000000000003
:10BD400000000000000000000000000000000000F3
:10BD500000000000000000000000000000000000E3
:10BD600000000000000000000000000000000000D3
:10BD700000000000000000000000000000000000C3
:10BD800000000000000000000000000000000000B3
:10BD900000000000000000000000000000000000A3
:10BDA0000000000000000000000000000000000093
:10BDB0000000000000000000000000000000000083
:10BDC0000000000000000000000000000000000073
:10BDD00000000000000000000000000000009FF7CD
:10BDE0009EF79EF79EF79EF79EF79EF79EF79EF7AB
:10BDF0009EF79EF79EF79EF79EF79EF79EF79EF79B
:10BE00009EF79EF79EF79EF79EF79EF79EF79EF78A
:10BE10009EF79EF79EF79EF79EF79EF79EF79EF77A
:10BE20009EF79EF79EF79EF79EF79EF79EF79EF76A
:10BE30009EF79EF79EF79EF79EF79EF79EF79EF75A
:10BE40009EF79EF79EF79EF79EF79EF79EF79EF74A
:10BE50009EF79EF79EF79EF79EF79EF79EF79EF73A
:10BE60009EF79EF79EF79EF79EF79EF79EF79EF72A
:10BE70009EF79EF79EF79EF79EF79EF79EF79EF71A
:10BE80009EF79EF79EF79EF79EF79EF79EF79EF70A
:10BE90009EF79EF79EF79EF79EF79EF79EF79EF7FA
:10BEA0009EF79EF79EF79EF79EF79EF79EF79EF7EA
:10BEB0009EF79EF79EF79EF79EF79EF79EF79EF7DA
:10BEC0009EF79EF79EF79EF79EF79EF79EF79EF7CA
:10BED0009EF79EF79EF79EF79EF79EF79EF79EF7BA
:10BEE0009EF79EF79EF79EF7BEF700000000000049
:10BEF0000000000000000000000000000000000042
:10BF00000000000000000000000000000000000031
:10BF10000000000000000000000000000000000021
:10BF20000000000000000000000000000000000011
:10BF30000000000000000000000000000000000001
:10BF400000000000000000000000000000000000F1
:10BF500000000000000000000000000000000000E1
:10BF600000000000000000000000000000000000D1
:10BF700000000000000000000000000000000000C1
:10BF800000000000000000000000000000000000B1
:10BF900000000000000000000000000000000000A1
:10BFA0000000000000000000000000000000000091
:10BFB0000000000000000000000000000000000081
:10BFC000FFFF9EF7BEF79EF79EF79EF79EF79EF740
:10BFD0009EF79EF79EF79EF79EF79EF79EF79EF7B9
:10BFE0009EF79EF79EF79EF79EF79EF79EF79EF7A9
:10BFF0009EF79EF79EF79EF79EF79EF79EF79EF799
:10C000009EF79EF79EF79EF79EF79EF79EF79EF788
:10C010009EF79EF79EF79EF79EF79EF79EF79EF778
:10C020009EF79EF79EF79EF79EF79EF79EF79EF768
:10C030009EF79EF79EF79EF79EF79EF79EF79EF758
:10C040009EF79EF79EF79EF79EF79EF79EF79EF748
:10C050009EF79EF79EF79EF79EF79EF79EF79EF738
:10C060009EF79EF79EF79EF79EF79EF79EF79EF728
:10C070009EF79EF79EF79EF79EF79EF79EF79EF718
:10C080009EF79EF79EF79EF79EF79EF79EF79EF708
:10C090009EF79EF79EF79EF79EF79EF79EF79EF7F8
:10C0A0009EF79EF79EF79EF79EF79EF79EF79EF7E8
:10C0B0009EF79EF79EF79EF79EF79EF79EF79EF7D8
:10C0C0009EF79EF79EF7FFF70000000000000000BB
:10C0D0000000000000000000000000000000000060
:10C0E0000000000000000000000000000000000050
:10C0F0000000000000000000000000000000000040
:10C10000000000000000000000000000000000002F
:10C11000000000000000000000000000000000001F
:10C12000000000000000000000000000000000000F
:10C1300000000000000000000000000000000000FF
:10C1400000000000000000000000000000000000EF
:10C1500000000000000000000000000000000000DF
:10C1600000000000000000000000000000000000CF
:10C1700000000000000000000000000000000000BF
:10C1800000000000000000000000000000000000AF
:10C19000000000000000000000000000000000009F
:10C1A00000000000FFF79EF79EF79EF79EF79EF7B0
:10C1B0009EF79EF79EF79EF79EF79EF79EF79EF7D7
:10C1C0009EF79EF79EF79EF79EF79EF79EF79EF7C7
:10C1D0009EF79EF79EF79EF79EF79EF79EF79EF7B7
:10C1E0009EF79EF79EF79EF79EF79EF79EF79EF7A7
:10C1F0009EF79EF79EF79EF79EF79EF79EF79EF797
:10C200009EF79EF79EF79EF79EF79EF79EF79EF786
:10C210009EF79EF79EF79EF79EF79EF79EF79EF776
:10C220009EF79EF79EF79EF79EF79EF79EF79EF766
:10C230009EF79EF79EF79EF79EF79EF79EF79EF756
:10C240009EF79EF79EF79EF79EF79EF79EF79EF746
:10C250009EF79EF79EF79EF79EF79EF79EF79EF736
:10C260009EF79EF79EF79EF79EF79EF79EF79EF726
:10C270009EF79EF79EF79EF79EF79EF79EF79EF716
:10C280009EF79EF79EF79EF79EF79EF79EF79EF706
:10C290009EF79EF79EF79EF79EF79EF79EF79EF7F6
:10C2A0009EF79EF7FFFF0000000000000000000066
:10C2B000000000000000000000000000000000007E
:10C2C000000000000000000000000000000000006E
:10C2D000000000000000000000000000000000005E
:10C2E000000000000000000000000000000000004E
:10C2F000000000000000000000000000000000003E
:10C30000000000000000000000000000000000002D
:10C31000000000000000000000000000000000001D
:10C32000000000000000000000000000000000000D
:10C3300000000000000000000000000000000000FD
:10C3400000000000000000000000000000000000ED
:10C3500000000000000000000000000000000000DD
:10C3600000000000000000000000000000000000CD
:10C3700000000000000000000000000000000000BD
:10C38000000000000000FFFFBEF79EF79EF79EF73B
:10C390009EF79EF79EF79EF79EF79EF79EF79EF7F5
:10C3A0009EF79EF79EF79EF79EF79EF79EF79EF7E5
:10C3B0009EF79EF79EF79EF79EF79EF79EF79EF7D5
:10C3C0009EF79EF79EF79EF79EF79EF79EF79EF7C5
:10C3D0009EF79EF79EF79EF79EF79EF79EF79EF7B5
:10C3E0009EF79EF79EF79EF79EF79EF79EF79EF7A5
:10C3F0009EF79EF79EF79EF79EF79EF79EF79EF795
:10C400009EF79EF79EF79EF79EF79EF79EF79EF784
:10C410009EF79EF79EF79EF79EF79EF79EF79EF774
:10C420009EF79EF79EF79EF79EF79EF79EF79EF764
:10C430009EF79EF79EF79EF79EF79EF79EF79EF754
:10C440009EF79EF79EF79EF79EF79EF79EF79EF744
:10C450009EF79EF79EF79EF79EF79EF79EF79EF734
:10C460009EF79EF79EF79EF79EF79EF79EF79EF724
:10C470009EF79EF79EF79EF79EF79EF79EF79EF714
:10C48000FFFF0000000000000000000000000000AE
:10C49000000000000000000000000000000000009C
:10C4A000000000000000000000000000000000008C
:10C4B000000000000000000000000000000000007C
:10C4C000000000000000000000000000000000006C
:10C4D000000000000000000000000000000000005C
:10C4E000000000000000000000000000000000004C
:10C4F000000000000000000000000000000000003C
:10C50000000000000000000000000000000000002B
:10C51000000000000000000000000000000000001B
:10C52000000000000000000000000000000000000B
:10C5300000000000000000000000000000000000FB
:10C5400000000000000000000000000000000000EB
:10C5500000000000000000000000000000000000DB
:10C5600000000000000000000000FFFFBEF79EF783
:10C570009EF79EF79EF79EF79EF79EF79EF79EF713
:10C580009EF79EF79EF79EF79EF79EF79EF79EF703
:10C590009EF79EF79EF79EF79EF79EF79EF79EF7F3
:10C5A0009EF79EF79EF79EF79EF79EF79EF79EF7E3
:10C5B0009EF79EF79EF79EF79EF79EF79EF79EF7D3
:10C5C0009EF79EF79EF79EF79EF79EF79EF79EF7C3
:10C5D0009EF79EF79EF79EF79EF79EF79EF79EF7B3
:10C5E0009EF79EF79EF79EF79EF79EF79EF79EF7A3
:10C5F0009EF79EF79EF79EF79EF79EF79EF79EF793
:10C600009EF79EF79EF79EF79EF79EF79EF79EF782
:10C610009EF79EF79EF79EF79EF79EF79EF79EF772
:10C620009EF79EF79EF79EF79EF79EF79EF79EF762
:10C630009EF79EF79EF79EF79EF79EF79EF79EF752
:10C640009EF79EF79EF79EF79EF79EF79EF79EF742
:10C650009EF79EF79EF79EF79EF79EF79FF70000C6
:10C6600000000000000000000000000000000000CA
:10C6700000000000000000000000000000000000BA
:10C6800000000000000000000000000000000000AA
:10C69000000000000000000000000000000000009A
:10C6A000000000000000000000000000000000008A
:10C6B000000000000000000000000000000000007A
:10C6C000000000000000000000000000000000006A
:10C6D000000000000000000000000000000000005A
:10C6E000000000000000000000000000000000004A
:10C6F000000000000000000000000000000000003A
:10C700000000000000000000000000000000000029
:10C710000000000000000000000000000000000019
:10C720000000000000000000000000000000000009
:10C7300000000000000000000000000000000000F9
:10C740000000000000000000000000000000BEF734
:10C750009EF79EF79EF79EF79EF79EF79EF79EF731
:10C760009EF79EF79EF79EF79EF79EF79EF79EF721
:10C770009EF79EF79EF79EF79EF79EF79EF79EF711
:10C780009EF79EF79EF79EF79EF79EF79EF79EF701
:10C790009EF79EF79EF79EF79EF79EF79EF79EF7F1
:10C7A0009EF79EF79EF79EF79EF79EF79EF79EF7E1
:10C7B0009EF79EF79EF79EF79EF79EF79EF79EF7D1
:10C7C0009EF79EF79EF79EF79EF79EF79EF79EF7C1
:10C7D0009EF79EF79EF79EF79EF79EF79EF79EF7B1
:10C7E0009EF79EF79EF79EF79EF79EF79EF79EF7A1
:10C7F0009EF79EF79EF79EF79EF79EF79EF79EF791
:10C800009EF79EF79EF79EF79EF79EF79EF79EF780
:10C810009EF79EF79EF79EF79EF79EF79EF79EF770
:10C820009EF79EF79EF79EF79EF79EF79EF79EF760
:10C830009EF79EF79EF79EF7BEF7FFFF00000000F1
:10C8400000000000000000000000000000000000E8
:10C8500000000000000000000000000000000000D8
:10C8600000000000000000000000000000000000C8
:10C8700000000000000000000000000000000000B8
:10C8800000000000000000000000000000000000A8
:10C890000000000000000000000000000000000098
:10C8A0000000000000000000000000000000000088
:10C8B0000000000000000000000000000000000078
:10C8C0000000000000000000000000000000000068
:10C8D0000000000000000000000000000000000058
:10C8E0000000000000000000000000000000000048
:10C8F0000000000000000000000000000000000038
:10C900000000000000000000000000000000000027
:10C910000000000000000000000000000000000017
:10C920000000000000000000000000000000000007
:10C93000FFFFBFF79EF79EF79EF79EF79EF79EF7C5
:10C940009EF79EF79EF79EF79EF79EF79EF79EF73F
:10C950009EF79EF79EF79EF79EF79EF79EF79EF72F
:10C960009EF79EF79EF79EF79EF79EF79EF79EF71F
:10C970009EF79EF79EF79EF79EF79EF79EF79EF70F
:10C980009EF79EF79EF79EF79EF79EF79EF79EF7FF
:10C990009EF79EF79EF79EF79EF79EF79EF79EF7EF
:10C9A0009EF79EF79EF79EF79EF79EF79EF79EF7DF
:10C9B0009EF79EF79EF79EF79EF79EF79EF79EF7CF
:10C9C0009EF79EF79EF79EF79EF79EF79EF79EF7BF
:10C9D0009EF79EF79EF79EF79EF79EF79EF79EF7AF
:10C9E0009EF79EF79EF79EF79EF79EF79EF79EF79F
:10C9F0009EF79EF79EF79EF79EF79EF79EF79EF78F
:10CA00009EF79EF79EF79EF79EF79EF79EF79EF77E
:10CA10009EF79EF7BEF7FFFF000000000000000039
:10CA20000000000000000000000000000000000006
:10CA300000000000000000000000000000000000F6
:10CA400000000000000000000000000000000000E6
:10CA500000000000000000000000000000000000D6
:10CA600000000000000000000000000000000000C6
:10CA700000000000000000000000000000000000B6
:10CA800000000000000000000000000000000000A6
:10CA90000000000000000000000000000000000096
:10CAA0000000000000000000000000000000000086
:10CAB0000000000000000000000000000000000076
:10CAC0000000000000000000000000000000000066
:10CAD0000000000000000000000000000000000056
:10CAE0000000000000000000000000000000000046
:10CAF0000000000000000000000000000000000036
:10CB00000000000000000000000000000000000025
:10CB100000000000FFFF9EF7BEF79EF79EF79EF70E
:10CB20009EF79EF79EF79EF79EF79EF79EF79EF75D
:10CB30009EF79EF79EF79EF79EF79EF79EF79EF74D
:10CB40009EF79EF79EF79EF79EF79EF79EF79EF73D
:10CB50009EF79EF79EF79EF79EF79EF79EF79EF72D
:10CB60009EF79EF79EF79EF79EF79EF79EF79EF71D
:10CB70009EF79EF79EF79EF79EF79EF79EF79EF70D
:10CB80009EF79EF79EF79EF79EF79EF79EF79EF7FD
:10CB90009EF79EF79EF79EF79EF79EF79EF79EF7ED
:10CBA0009EF79EF79EF79EF79EF79EF79EF79EF7DD
:10CBB0009EF79EF79EF79EF79EF79EF79EF79EF7CD
:10CBC0009EF79EF79EF79EF79EF79EF79EF79EF7BD
:10CBD0009EF79EF79EF79EF79EF79EF79EF79EF7AD
:10CBE0009EF79EF79EF79EF79EF79EF79EF79EF79D
:10CBF0009EF7BEF7000000000000000000000000EB
:10CC00000000000000000000000000000000000024
:10CC10000000000000000000000000000000000014
:10CC20000000000000000000000000000000000004
:10CC300000000000000000000000000000000000F4
:10CC400000000000000000000000000000000000E4
:10CC500000000000000000000000000000000000D4
:10CC600000000000000000000000000000000000C4
:10CC700000000000000000000000000000000000B4
:10CC800000000000000000000000000000000000A4
:10CC90000000000000000000000000000000000094
:10CCA0000000000000000000000000000000000084
:10CCB0000000000000000000000000000000000074
:10CCC0000000000000000000000000000000000064
:10CCD0000000000000000000000000000000000054
:10CCE0000000000000000000000000000000000044
:10CCF0000000000000000000FFFF9EF7BEF79EF757
:10CD00009EF79EF79EF79EF79EF79EF79EF79EF77B
:10CD10009EF79EF79EF79EF79EF79EF79EF79EF76B
:10CD20009EF79EF79EF79EF79EF79EF79EF79EF75B
:10CD30009EF79EF79EF79EF79EF79EF79EF79EF74B
:10CD40009EF79EF79EF79EF79EF79EF79EF79EF73B
:10CD50009EF79EF79EF79EF79EF79EF79EF79EF72B
:10CD60009EF79EF79EF79EF79EF79EF79EF79EF71B
:10CD70009EF79EF79EF79EF79EF79EF79EF79EF70B
:10CD80009EF79EF79EF79EF79EF79EF79EF79EF7FB
:10CD90009EF79EF79EF79EF79EF79EF79EF79EF7EB
:10CDA0009EF79EF79EF79EF79EF79EF79EF79EF7DB
:10CDB0009EF79EF79EF79EF79EF79EF79EF79EF7CB
:10CDC0009EF79EF79EF79EF79EF79EF79EF7BEF79B
:10CDD0000000000000000000000000000000000053
:10CDE0000000000000000000000000000000000043
:10CDF0000000000000000000000000000000000033
:10CE00000000000000000000000000000000000022
:10CE10000000000000000000000000000000000012
:10CE20000000000000000000000000000000000002
:10CE300000000000000000000000000000000000F2
:10CE400000000000000000000000000000000000E2
:10CE500000000000000000000000000000000000D2
:10CE600000000000000000000000000000000000C2
:10CE700000000000000000000000000000000000B2
:10CE800000000000000000000000000000000000A2
:10CE90000000000000000000000000000000000092
:10CEA0000000000000000000000000000000000082
:10CEB0000000000000000000000000000000000072
:10CEC0000000000000000000000000000000000062
:10CED000000000000000000000000000FFFF9EF7BF
:10CEE000BEF7BEF79EF79EF79EF79EF79EF79EF75A
:10CEF0009EF79EF79EF79EF79EF79EF79EF79EF78A
:10CF00009EF79EF79EF79EF79EF79EF79EF79EF779
:10CF10009EF79EF79EF79EF79EF79EF79EF79EF769
:10CF20009EF79EF79EF79EF79EF79EF79EF79EF759
:10CF30009EF79EF79EF79EF79EF79EF79EF79EF749
:10CF40009EF79EF79EF79EF79EF79EF79EF79EF739
:10CF50009EF79EF79EF79EF79EF79EF79EF79EF729
:10CF60009EF79EF79EF79EF79EF79EF79EF79EF719
:10CF70009EF79EF79EF79EF79EF79EF79EF79EF709
:10CF80009EF79EF79EF79EF79EF79EF79EF79EF7F9
:10CF90009EF79EF79EF79EF79EF79EF79EF79EF7E9
:10CFA0009EF79EF79EF79EF79EF7BEF700000000E3
:10CFB0000000000000000000000000000000000071
:10CFC0000000000000000000000000000000000061
:10CFD0000000000000000000000000000000000051
:10CFE0000000000000000000000000000000000041
:10CFF0000000000000000000000000000000000031
:10D000000000000000000000000000000000000020
:10D010000000000000000000000000000000000010
:10D020000000000000000000000000000000000000
:10D0300000000000000000000000000000000000F0
:10D0400000000000000000000000000000000000E0
:10D0500000000000000000000000000000000000D0
:10D0600000000000000000000000000000000000C0
:10D0700000000000000000000000000000000000B0
:10D0800000000000000000000000000000000000A0
:10D090000000000000000000000000000000000090
:10D0A0000000000000000000000000000000000080
:10D0B0000000000000000000000000000000000070
:10D0C000FFFFBEF7BEF79EF79EF79EF79EF79EF70F
:10D0D0009EF79EF79EF79EF79EF79EF79EF79EF7A8
:10D0E0009EF79EF79EF79EF79EF79EF79EF79EF798
:10D0F0009EF79EF79EF79EF79EF79EF79EF79EF788
:10D100009EF79EF79EF79EF79EF79EF79EF79EF777
:10D110009EF79EF79EF79EF79EF79EF79EF79EF767
:10D120009EF79EF79EF79EF79EF79EF79EF79EF757
:10D130009EF79EF79EF79EF79EF79EF79EF79EF747
:10D140009EF79EF79EF79EF79EF79EF79EF79EF737
:10D150009EF79EF79EF79EF79EF79EF79EF79EF727
:10D160009EF79EF79EF79EF79EF79EF79EF79EF717
:10D170009EF79EF79EF79EF79EF79EF79EF79EF707
:10D180009EF7BEF7BEF79FF700000000000000000A
:10D19000000000000000000000000000000000008F
:10D1A000000000000000000000000000000000007F
:10D1B000000000000000000000000000000000006F
:10D1C000000000000000000000000000000000005F
:10D1D000000000000000000000000000000000004F
:10D1E000000000000000000000000000000000003F
:10D1F000000000000000000000000000000000002F
:10D20000000000000000000000000000000000001E
:10D21000000000000000000000000000000000000E
:10D2200000000000000000000000000000000000FE
:10D2300000000000000000000000000000000000EE
:10D2400000000000000000000000000000000000DE
:10D2500000000000000000000000000000000000CE
:10D2600000000000000000000000000000000000BE
:10D2700000000000000000000000000000000000AE
:10D28000000000000000000000000000000000009E
:10D29000000000000000000000000000000000008E
:10D2A00000000000FFFFDFF7BEF79EF79EF79EF736
:10D2B0009EF79EF79EF79EF79EF79EF79EF79EF7C6
:10D2C0009EF79EF79EF79EF79EF79EF79EF79EF7B6
:10D2D0009EF79EF79EF79EF79EF79EF79EF79EF7A6
:10D2E0009EF79EF79EF79EF79EF79EF79EF79EF796
:10D2F0009EF79EF79EF79EF79EF79EF79EF79EF786
:10D300009EF79EF79EF79EF79EF79EF79EF79EF775
:10D310009EF79EF79EF79EF79EF79EF79EF79EF765
:10D320009EF79EF79EF79EF79EF79EF79EF79EF755
:10D330009EF79EF79EF79EF79EF79EF79EF79EF745
:10D340009EF79EF79EF79EF79EF79EF79EF79EF735
:10D350009EF79EF79EF79EF79EF79EF79EF79EF725
:10D36000BEF7FFFF0000000000000000000000000A
:10D3700000000000000000000000000000000000AD
:10D38000000000000000000000000000000000009D
:10D39000000000000000000000000000000000008D
:10D3A000000000000000000000000000000000007D
:10D3B000000000000000000000000000000000006D
:10D3C000000000000000000000000000000000005D
:10D3D000000000000000000000000000000000004D
:10D3E000000000000000000000000000000000003D
:10D3F000000000000000000000000000000000002D
:10D40000000000000000000000000000000000001C
:10D41000000000000000000000000000000000000C
:10D4200000000000000000000000000000000000FC
:10D4300000000000000000000000000000000000EC
:10D4400000000000000000000000000000000000DC
:10D4500000000000000000000000000000000000CC
:10D4600000000000000000000000000000000000BC
:10D4700000000000000000000000000000000000AC
:10D48000000000000000000000009FF7BEF79EF7BC
:10D490009EF79EF79EF79EF79EF79EF79EF79EF7E4
:10D4A0009EF79EF79EF79EF79EF79EF79EF79EF7D4
:10D4B0009EF79EF79EF79EF79EF79EF79EF79EF7C4
:10D4C0009EF79EF79EF79EF79EF79EF79EF79EF7B4
:10D4D0009EF79EF79EF79EF79EF79EF79EF79EF7A4
:10D4E0009EF79EF79EF79EF79EF79EF79EF79EF794
:10D4F0009EF79EF79EF79EF79EF79EF79EF79EF784
:10D500009EF79EF79EF79EF79EF79EF79EF79EF773
:10D510009EF79EF79EF79EF79EF79EF79EF79EF763
:10D520009EF79EF79EF79EF79EF79EF79EF79EF753
:10D530009EF79EF79EF79EF79EF7BEF79FF7FFFFB9
:10D5400000000000000000000000000000000000DB
:10D5500000000000000000000000000000000000CB
:10D5600000000000000000000000000000000000BB
:10D5700000000000000000000000000000000000AB
:10D58000000000000000000000000000000000009B
:10D59000000000000000000000000000000000008B
:10D5A000000000000000000000000000000000007B
:10D5B000000000000000000000000000000000006B
:10D5C000000000000000000000000000000000005B
:10D5D000000000000000000000000000000000004B
:10D5E000000000000000000000000000000000003B
:10D5F000000000000000000000000000000000002B
:10D60000000000000000000000000000000000001A
:10D61000000000000000000000000000000000000A
:10D6200000000000000000000000000000000000FA
:10D6300000000000000000000000000000000000EA
:10D6400000000000000000000000000000000000DA
:10D6500000000000000000000000000000000000CA
:10D660000000000000000000000000000000FFFFBC
:10D670009FF79EF7BEF79EF79EF79EF79EF79EF7E1
:10D680009EF79EF79EF79EF79EF79EF79EF79EF7F2
:10D690009EF79EF79EF79EF79EF79EF79EF79EF7E2
:10D6A0009EF79EF79EF79EF79EF79EF79EF79EF7D2
:10D6B0009EF79EF79EF79EF79EF79EF79EF79EF7C2
:10D6C0009EF79EF79EF79EF79EF79EF79EF79EF7B2
:10D6D0009EF79EF79EF79EF79EF79EF79EF79EF7A2
:10D6E0009EF79EF79EF79EF79EF79EF79EF79EF792
:10D6F0009EF79EF79EF79EF79EF79EF79EF79EF782
:10D700009EF79EF79EF79EF79EF79EF79EF79EF771
:10D710009EF79EF79EF7BFF7FFF70000000000009E
:10D7200000000000000000000000000000000000F9
:10D7300000000000000000000000000000000000E9
:10D7400000000000000000000000000000000000D9
:10D7500000000000000000000000000000000000C9
:10D7600000000000000000000000000000000000B9
:10D7700000000000000000000000000000000000A9
:10D780000000000000000000000000000000000099
:10D790000000000000000000000000000000000089
:10D7A0000000000000000000000000000000000079
:10D7B0000000000000000000000000000000000069
:10D7C0000000000000000000000000000000000059
:10D7D0000000000000000000000000000000000049
:10D7E0000000000000000000000000000000000039
:10D7F0000000000000000000000000000000000029
:10D800000000000000000000000000000000000018
:10D810000000000000000000000000000000000008
:10D8200000000000000000000000000000000000F8
:10D8300000000000000000000000000000000000E8
:10D8400000000000000000000000000000000000D8
:10D8500000000000FFFFBEF79EF79EF79EF79EF7C1
:10D860009EF79EF79EF79EF79EF79EF79EF79EF710
:10D870009EF79EF79EF79EF79EF79EF79EF79EF700
:10D880009EF79EF79EF79EF79EF79EF79EF79EF7F0
:10D890009EF79EF79EF79EF79EF79EF79EF79EF7E0
:10D8A0009EF79EF79EF79EF79EF79EF79EF79EF7D0
:10D8B0009EF79EF79EF79EF79EF79EF79EF79EF7C0
:10D8C0009EF79EF79EF79EF79EF79EF79EF79EF7B0
:10D8D0009EF79EF79EF79EF79EF79EF79EF79EF7A0
:10D8E0009EF79EF79EF79EF79EF79EF79EF79EF790
:10D8F0009EF7BEF7FFFF00000000000000000000E0
:10D900000000000000000000000000000000000017
:10D910000000000000000000000000000000000007
:10D9200000000000000000000000000000000000F7
:10D9300000000000000000000000000000000000E7
:10D9400000000000000000000000000000000000D7
:10D9500000000000000000000000000000000000C7
:10D9600000000000000000000000000000000000B7
:10D9700000000000000000000000000000000000A7
:10D980000000000000000000000000000000000097
:10D990000000000000000000000000000000000087
:10D9A0000000000000000000000000000000000077
:10D9B0000000000000000000000000000000000067
:10D9C0000000000000000000000000000000000057
:10D9D0000000000000000000000000000000000047
:10D9E0000000000000000000000000000000000037
:10D9F0000000000000000000000000000000000027
:10DA00000000000000000000000000000000000016
:10DA10000000000000000000000000000000000006
:10DA200000000000000000000000000000000000F6
:10DA300000000000000000000000FFFFBEF7BEF77E
:10DA40009EF79EF79EF79EF79EF79EF79EF79EF72E
:10DA50009EF79EF79EF79EF79EF79EF79EF79EF71E
:10DA60009EF79EF79EF79EF79EF79EF79EF79EF70E
:10DA70009EF79EF79EF79EF79EF79EF79EF79EF7FE
:10DA80009EF79EF79EF79EF79EF79EF79EF79EF7EE
:10DA90009EF79EF79EF79EF79EF79EF79EF79EF7DE
:10DAA0009EF79EF79EF79EF79EF79EF79EF79EF7CE
:10DAB0009EF79EF79EF79EF79EF79EF79EF79EF7BE
:10DAC0009EF79EF79EF79EF7BEF79EF7BEF7FFFF05
:10DAD0000000000000000000000000000000000046
:10DAE0000000000000000000000000000000000036
:10DAF0000000000000000000000000000000000026
:10DB00000000000000000000000000000000000015
:10DB10000000000000000000000000000000000005
:10DB200000000000000000000000000000000000F5
:10DB300000000000000000000000000000000000E5
:10DB400000000000000000000000000000000000D5
:10DB500000000000000000000000000000000000C5
:10DB600000000000000000000000000000000000B5
:10DB700000000000000000000000000000000000A5
:10DB80000000000000000000000000000000000095
:10DB90000000000000000000000000000000000085
:10DBA0000000000000000000000000000000000075
:10DBB0000000000000000000000000000000000065
:10DBC0000000000000000000000000000000000055
:10DBD0000000000000000000000000000000000045
:10DBE0000000000000000000000000000000000035
:10DBF0000000000000000000000000000000000025
:10DC00000000000000000000000000000000000014
:10DC10000000000000000000000000000000000004
:10DC2000FFFF9FF7BEF79EF79EF79EF79EF79EF7C2
:10DC30009EF79EF79EF79EF79EF79EF79EF79EF73C
:10DC40009EF79EF79EF79EF79EF79EF79EF79EF72C
:10DC50009EF79EF79EF79EF79EF79EF79EF79EF71C
:10DC60009EF79EF79EF79EF79EF79EF79EF79EF70C
:10DC70009EF79EF79EF79EF79EF79EF79EF79EF7FC
:10DC80009EF79EF79EF79EF79EF79EF79EF79EF7EC
:10DC90009EF79EF79EF79EF79EF79EF79EF79EF7DC
:10DCA0009EF7BEF79EF79FF7FFFF00000000000001
:10DCB0000000000000000000000000000000000064
:10DCC0000000000000000000000000000000000054
:10DCD0000000000000000000000000000000000044
:10DCE0000000000000000000000000000000000034
:10DCF0000000000000000000000000000000000024
:10DD00000000000000000000000000000000000013
:10DD10000000000000000000000000000000000003
:10DD200000000000000000000000000000000000F3
:10DD300000000000000000000000000000000000E3
:10DD400000000000000000000000000000000000D3
:10DD500000000000000000000000000000000000C3
:10DD600000000000000000000000000000000000B3
:10DD700000000000000000000000000000000000A3
:10DD80000000000000000000000000000000000093
:10DD90000000000000000000000000000000000083
:10DDA0000000000000000000000000000000000073
:10DDB0000000000000000000000000000000000063
:10DDC0000000000000000000000000000000000053
:10DDD0000000000000000000000000000000000043
:10DDE0000000000000000000000000000000000033
:10DDF0000000000000000000000000000000000023
:10DE0000000000000000FFFF9FF7BEF7BEF79EF77F
:10DE10009EF79EF79EF79EF79EF79EF79EF79EF75A
:10DE20009EF79EF79EF79EF79EF79EF79EF79EF74A
:10DE30009EF79EF79EF79EF79EF79EF79EF79EF73A
:10DE40009EF79EF79EF79EF79EF79EF79EF79EF72A
:10DE50009EF79EF79EF79EF79EF79EF79EF79EF71A
:10DE60009EF79EF79EF79EF79EF79EF79EF79EF70A
:10DE70009EF79EF79EF79EF79EF7BEF7BEF7BEF79A
:10DE8000FFFF000000000000000000000000000094
:10DE90000000000000000000000000000000000082
:10DEA0000000000000000000000000000000000072
:10DEB0000000000000000000000000000000000062
:10DEC0000000000000000000000000000000000052
:10DED0000000000000000000000000000000000042
:10DEE0000000000000000000000000000000000032
:10DEF0000000000000000000000000000000000022
:10DF00000000000000000000000000000000000011
:10DF10000000000000000000000000000000000001
:10DF200000000000000000000000000000000000F1
:10DF300000000000000000000000000000000000E1
:10DF400000000000000000000000000000000000D1
:10DF500000000000000000000000000000000000C1
:10DF600000000000000000000000000000000000B1
:10DF700000000000000000000000000000000000A1
:10DF80000000000000000000000000000000000091
:10DF90000000000000000000000000000000000081
:10DFA0000000000000000000000000000000000071
:10DFB0000000000000000000000000000000000061
:10DFC0000000000000000000000000000000000051
:10DFD0000000000000000000000000000000000041
:10DFE0000000000000000000000000000000FFFF33
:10DFF000FFFFBFF7BEF7BEF7BEF79EF79EF79EF78F
:10E000009EF79EF79EF79EF79EF79EF79EF79EF768
:10E010009EF79EF79EF79EF79EF79EF79EF79EF758
:10E020009EF79EF79EF79EF79EF79EF79EF79EF748
:10E030009EF79EF79EF79EF79EF79EF79EF79EF738
:10E040009EF79EF79EF79EF79EF79EF7BEF79EF708
:10E05000BEF7BEF7BEF7BEF7FFFF000000000000EE
:10E0600000000000000000000000000000000000B0
:10E0700000000000000000000000000000000000A0
:10E080000000000000000000000000000000000090
:10E090000000000000000000000000000000000080
:10E0A0000000000000000000000000000000000070
:10E0B0000000000000000000000000000000000060
:10E0C0000000000000000000000000000000000050
:10E0D0000000000000000000000000000000000040
:10E0E0000000000000000000000000000000000030
:10E0F0000000000000000000000000000000000020
:10E10000000000000000000000000000000000000F
:10E1100000000000000000000000000000000000FF
:10E1200000000000000000000000000000000000EF
:10E1300000000000000000000000000000000000DF
:10E1400000000000000000000000000000000000CF
:10E1500000000000000000000000000000000000BF
:10E1600000000000000000000000000000000000AF
:10E17000000000000000000000000000000000009F
:10E18000000000000000000000000000000000008F
:10E19000000000000000000000000000000000007F
:10E1A000000000000000000000000000000000006F
:10E1B000000000000000000000000000000000005F
:10E1C000000000000000000000000000000000004F
:10E1D0000000000000000000FFFFFFFFDFFF9EF7D0
:10E1E0009EF7BEF79EF79EF79EF79EF79EF79EF767
:10E1F0009EF79EF79EF79EF79EF79EF79EF79EF777
:10E200009EF79EF79EF79EF79EF79EF79EF79EF766
:10E210009EF79EF79EF79EF79EF79EF79EF79EF756
:10E220009EF7BEF79EF7BEF7BEF7BFF7BFF7FFFF3B
:10E23000FFFF0000000000000000000000000000E0
:10E2400000000000000000000000000000000000CE
:10E2500000000000000000000000000000000000BE
:10E2600000000000000000000000000000000000AE
:10E27000000000000000000000000000000000009E
:10E28000000000000000000000000000000000008E
:10E29000000000000000000000000000000000007E
:10E2A000000000000000000000000000000000006E
:10E2B000000000000000000000000000000000005E
:10E2C000000000000000000000000000000000004E
:10E2D000000000000000000000000000000000003E
:10E2E000000000000000000000000000000000002E
:10E2F000000000000000000000000000000000001E
:10E30000000000000000000000000000000000000D
:10E3100000000000000000000000000000000000FD
:10E3200000000000000000000000000000000000ED
:10E3300000000000000000000000000000000000DD
:10E3400000000000000000000000000000000000CD
:10E3500000000000000000000000000000000000BD
:10E3600000000000000000000000000000000000AD
:10E37000000000000000000000000000000000009D
:10E38000000000000000000000000000000000008D
:10E39000000000000000000000000000000000007D
:10E3A000000000000000000000000000000000006D
:10E3B000000000000000000000000000000000005D
:10E3C000000000000000FFFFFFF7BEF79FF79EF779
:10E3D000BEF79EF79EF7BEF79EF7BEF79EF79EF735
:10E3E0009EF7BEF7BEF79EF79EF79EF7BEF79EF725
:10E3F0009EF79EF7BEF7BEF79EF7BEF7DFFFBEF7AC
:10E40000FFFFFFFF00000000000000000000000010
:10E4100000000000000000000000000000000000FC
:10E4200000000000000000000000000000000000EC
:10E4300000000000000000000000000000000000DC
:10E4400000000000000000000000000000000000CC
:10E4500000000000000000000000000000000000BC
:10E4600000000000000000000000000000000000AC
:10E47000000000000000000000000000000000009C
:10E48000000000000000000000000000000000008C
:10E49000000000000000000000000000000000007C
:10E4A000000000000000000000000000000000006C
:10E4B000000000000000000000000000000000005C
:10E4C000000000000000000000000000000000004C
:10E4D000000000000000000000000000000000003C
:10E4E000000000000000000000000000000000002C
:10E4F000000000000000000000000000000000001C
:10E50000000000000000000000000000000000000B
:10E5100000000000000000000000000000000000FB
:10E5200000000000000000000000000000000000EB
:10E5300000000000000000000000000000000000DB
:10E5400000000000000000000000000000000000CB
:10E5500000000000000000000000000000000000BB
:10E5600000000000000000000000000000000000AB
:10E57000000000000000000000000000000000009B
:10E58000000000000000000000000000000000008B
:10E59000000000000000000000000000000000007B
:10E5A000000000000000000000000000000000006B
:10E5B000000000000000000000000000000000005B
:10E5C000000000000000000000000000000000004B
:10E5D000000000000000000000000000000000003B
:10E5E000000000000000000000000000000000002B
:10E5F000000000000000000000000000000000001B
:10E60000000000000000000000000000000000000A
:10E6100000000000000000000000000000000000FA
:10E6200000000000000000000000000000000000EA
:10E6300000000000000000000000000000000000DA
:10E6400000000000000000000000000000000000CA
:10E6500000000000000000000000000000000000BA
:10E6600000000000000000000000000000000000AA
:10E67000000000000000000000000000000000009A
:10E68000000000000000000000000000000000008A
:10E69000000000000000000000000000000000007A
:10E6A000000000000000000000000000000000006A
:10E6B000000000000000000000000000000000005A
:10E6C000000000000000000000000000000000004A
:10E6D000000000000000000000000000000000003A
:10E6E000000000000000000000000000000000002A
:10E6F000000000000000000000000000000000001A
:10E700000000000000000000000000000000000009
:10E7100000000000000000000000000000000000F9
:10E7200000000000000000000000000000000000E9
:10E7300000000000000000000000000000000000D9
:10E7400000000000000000000000000000000000C9
:10E7500000000000000000000000000000000000B9
:10E7600000000000000000000000000000000000A9
:10E770000000000000000000000000000000000099
:10E780000000000000000000000000000000000089
:10E790000000000000000000000000000000000079
:10E7A0000000000000000000000000000000000069
:10E7B0000000000000000000000000000000000059
:10E7C0000000000000000000000000000000000049
:10E7D0000000000000000000000000000000000039
:10E7E0000000000000000000000000000000000029
:10E7F0000000000000000000000000000000000019
:10E800000000000000000000000000000000000008
:10E8100000000000000000000000000000000000F8
:10E8200000000000000000000000000000000000E8
:10E8300000000000000000000000000000000000D8
:10E8400000000000000000000000000000000000C8
:10E8500000000000000000000000000000000000B8
:10E8600000000000000000000000000000000000A8
:10E870000000000000000000000000000000000098
:10E880000000000000000000000000000000000088
:10E890000000000000000000000000000000000078
:10E8A0000000000000000000000000000000000068
:10E8B0000000000000000000000000000000000058
:10E8C0000000000000000000000000000000000048
:10E8D0000000000000000000000000000000000038
:10E8E0000000000000000000000000000000000028
:10E8F0000000000000000000000000000000000018
:10E900000000000000000000000000000000000007
:10E9100000000000000000000000000000000000F7
:10E9200000000000000000000000000000000000E7
:10E9300000000000000000000000000000000000D7
:10E9400000000000000000000000000000000000C7
:10E9500000000000000000000000000000000000B7
:10E9600000000000000000000000000000000000A7
:10E970000000000000000000000000000000000097
:10E980000000000000000000000000000000000087
:10E990000000000000000000000000000000000077
:10E9A0000000000000000000000000000000000067
:10E9B0000000000000000000000000000000000057
:10E9C0000000000000000000000000000000000047
:10E9D0000000000000000000000000000000000037
:10E9E0000000000000000000000000000000000027
:10E9F0000000000000000000000000000000000017
:10EA00000000000000000000000000000000000006
:10EA100000000000000000000000000000000000F6
:10EA200000000000000000000000000000000000E6
:10EA300000000000000000000000000000000000D6
:10EA400000000000000000000000000000000000C6
:10EA500000000000000000000000000000000000B6
:10EA600000000000000000000000000000000000A6
:10EA70000000000000000000000000000000000096
:10EA80000000000000000000000000000000000086
:10EA90000000000000000000000000000000000076
:10EAA0000000000000000000000000000000000066
:10EAB0000000000000000000000000000000000056
:10EAC0000000000000000000000000000000000046
:10EAD0000000000000000000000000000000000036
:10EAE0000000000000000000000000000000000026
:10EAF0000000000000000000000000000000000016
:10EB00000000000000000000000000000000000005
:10EB100000000000000000000000000000000000F5
:10EB200000000000000000000000000000000000E5
:10EB300000000000000000000000000000000000D5
:10EB400000000000000000000000000000000000C5
:10EB500000000000000000000000000000000000B5
:10EB600000000000000000000000000000000000A5
:10EB70000000000000000000000000000000000095
:10EB80000000000000000000000000000000000085
:10EB90000000000000000000000000000000000075
:10EBA0000000000000000000000000000000000065
:10EBB0000000000000000000000000000000000055
:10EBC0000000000000000000000000000000000045
:10EBD0000000000000000000000000000000000035
:10EBE0000000000000000000000000000000000025
:10EBF0000000000000000000000000000000000015
:10EC00000000000000000000000000000000000004
:10EC100000000000000000000000000000000000F4
:10EC200000000000000000000000000000000000E4
:10EC300000000000000000000000000000000000D4
:10EC400000000000000000000000000000000000C4
:10EC500000000000000000000000000000000000B4
:10EC600000000000000000000000000000000000A4
:10EC70000000000000000000000000000000000094
:10EC80000000000000000000000000000000000084
:10EC90000000000000000000000000000000000074
:10ECA0000000000000000000000000000000000064
:10ECB0000000000000000000000000000000000054
:10ECC0000000000000000000000000000000000044
:10ECD0000000000000000000000000000000000034
:10ECE0000000000000000000000000000000000024
:10ECF0000000000000000000000000000000000014
:10ED00000000000000000000000000000000000003
:10ED100000000000000000000000000000000000F3
:10ED200000000000000000000000000000000000E3
:10ED300000000000000000000000000000000000D3
:10ED400000000000000000000000000000000000C3
:10ED500000000000000000000000000000000000B3
:10ED600000000000000000000000000000000000A3
:10ED70000000000000000000000000000000000093
:10ED80000000000000000000000000000000000083
:10ED90000000000000000000000000000000000073
:10EDA0000000000000000000000000000000000063
:10EDB0000000000000000000000000000000000053
:10EDC0000000000000000000000000000000000043
:10EDD0000000000000000000000000000000000033
:10EDE0000000000000000000000000000000000023
:10EDF0000000000000000000000000000000000013
:10EE00000000000000000000000000000000000002
:10EE100000000000000000000000000000000000F2
:10EE200000000000000000000000000000000000E2
:10EE300000000000000000000000000000000000D2
:10EE400000000000000000000000000000000000C2
:10EE500000000000000000000000000000000000B2
:10EE600000000000000000000000000000000000A2
:10EE70000000000000000000000000000000000092
:10EE80000000000000000000000000000000000082
:10EE90000000000000000000000000000000000072
:10EEA0000000000000000000000000000000000062
:10EEB0000000000000000000000000000000000052
:10EEC0000000000000000000000000000000000042
:10EED0000000000000000000000000000000000032
:10EEE0000000000000000000000000000000000022
:10EEF0000000000000000000000000000000000012
:10EF00000000000000000000000000000000000001
:10EF100000000000000000000000000000000000F1
:10EF200000000000000000000000000000000000E1
:10EF300000000000000000000000000000000000D1
:10EF400000000000000000000000000000000000C1
:10EF500000000000000000000000000000000000B1
:10EF600000000000000000000000000000000000A1
:10EF70000000000000000000000000000000000091
:10EF80000000000000000000000000000000000081
:10EF90000000000000000000000000000000000071
:10EFA0000000000000000000000000000000000061
:10EFB0000000000000000000000000000000000051
:10EFC0000000000000000000000000000000000041
:10EFD0000000000000000000000000000000000031
:10EFE0000000000000000000000000000000000021
:10EFF0000000000000000000000000000000000011
:10F000000000000000000000000000000000000000
:10F0100000000000000000000000000000000000F0
:10F0200000000000000000000000000000000000E0
:10F0300000000000000000000000000000000000D0
:10F0400000000000000000000000000000000000C0
:10F0500000000000000000000000000000000000B0
:10F0600000000000000000000000000000000000A0
:10F070000000000000000000000000000000000090
:10F080000000000000000000000000000000000080
:10F090000000000000000000000000000000000070
:10F0A0000000000000000000000000000000000060
:10F0B0000000000000000000000000000000000050
:10F0C0000000000000000000000000000000000040
:10F0D0000000000000000000000000000000000030
:10F0E0000000000000000000000000000000000020
:10F0F0000000000000000000000000000000000010
:10F1000000000000000000000000000000000000FF
:10F1100000000000000000000000000000000000EF
:10F1200000000000000000000000000000000000DF
:10F1300000000000000000000000000000000000CF
:10F1400000000000000000000000000000000000BF
:10F1500000000000000000000000000000000000AF
:10F16000000000000000000000000000000000009F
:10F17000000000000000000000000000000000008F
:10F18000000000000000000000000000000000007F
:10F19000000000000000000000000000000000006F
:10F1A000000000000000000000000000000000005F
:10F1B000000000000000000000000000000000004F
:10F1C000000000000000000000000000000000003F
:10F1D000000000000000000000000000000000002F
:10F1E000000000000000000000000000000000001F
:10F1F000000000000000000000000000000000000F
:10F2000000000000000000000000000000000000FE
:10F2100000000000000000000000000000000000EE
:10F2200000000000000000000000000000000000DE
:10F2300000000000000000000000000000000000CE
:10F2400000000000000000000000000000000000BE
:10F2500000000000000000000000000000000000AE
:10F26000000000000000000000000000000000009E
:10F27000000000000000000000000000000000008E
:10F28000000000000000000000000000000000007E
:10F29000000000000000000000000000000000006E
:10F2A000000000000000000000000000000000005E
:10F2B000000000000000000000000000000000004E
:10F2C000000000000000000000000000000000003E
:10F2D000000000000000000000000000000000002E
:10F2E000000000000000000000000000000000001E
:10F2F000000000000000000000000000000000000E
:10F3000000000000000000000000000000000000FD
:10F3100000000000000000000000000000000000ED
:10F3200000000000000000000000000000000000DD
:10F3300000000000000000000000000000000000CD
:10F3400000000000000000000000000000000000BD
:10F3500000000000000000000000000000000000AD
:10F36000000000000000000000000000000000009D
:10F37000000000000000000000000000000000008D
:10F38000000000000000000000000000000000007D
:10F39000000000000000000000000000000000006D
:10F3A000000000000000000000000000000000005D
:10F3B000000000000000000000000000000000004D
:10F3C000000000000000000000000000000000003D
:10F3D000000000000000000000000000000000002D
:10F3E000000000000000000000000000000000001D
:10F3F000000000000000000000000000000000000D
:10F4000000000000000000000000000000000000FC
:10F4100000000000000000000000000000000000EC
:10F4200000000000000000000000000000000000DC
:10F4300000000000000000000000000000000000CC
:10F4400000000000000000000000000000000000BC
:10F4500000000000000000000000000000000000AC
:10F46000000000000000000000000000000000009C
:10F47000000000000000000000000000000000008C
:10F48000000000000000000000000000000000007C
:10F49000000000000000000000000000000000006C
:10F4A000000000000000000000000000000000005C
:10F4B000000000000000000000000000000000004C
:10F4C000000000000000000000000000000000003C
:10F4D000000000000000000000000000000000002C
:10F4E000000000000000000000000000000000001C
:10F4F000000000000000000000000000000000000C
:10F5000000000000000000000000000000000000FB
:10F5100000000000000000000000000000000000EB
:10F5200000000000000000000000000000000000DB
:10F5300000000000000000000000000000000000CB
:10F5400000000000000000000000000000000000BB
:10F5500000000000000000000000000000000000AB
:10F56000000000000000000000000000000000009B
:10F57000000000000000000000000000000000008B
:10F58000000000000000000000000000000000007B
:10F59000000000000000000000000000000000006B
:10F5A000000000000000000000000000000000005B
:10F5B000000000000000000000000000000000004B
:10F5C000000000000000000000000000000000003B
:10F5D000000000000000000000000000000000002B
:10F5E000000000000000000000000000000000001B
:10F5F000000000000000000000000000000000000B
:10F6000000000000000000000000000000000000FA
:10F6100000000000000000000000000000000000EA
:10F6200000000000000000000000000000000000DA
:10F6300000000000000000000000000000000000CA
:10F6400000000000000000000000000000000000BA
:10F6500000000000000000000000000000000000AA
:10F66000000000000000000000000000000000009A
:10F67000000000000000000000000000000000008A
:10F68000000000000000000000000000000000007A
:10F69000000000000000000000000000000000006A
:10F6A000000000000000000000000000000000005A
:10F6B000000000000000000000000000000000004A
:10F6C000000000000000000000000000000000003A
:10F6D000000000000000000000000000000000002A
:10F6E000000000000000000000000000000000001A
:10F6F000000000000000000000000000000000000A
:10F7000000000000000000000000000000000000F9
:10F7100000000000000000000000000000000000E9
:10F7200000000000000000000000000000000000D9
:10F7300000000000000000000000000000000000C9
:10F7400000000000000000000000000000000000B9
:10F7500000000000000000000000000000000000A9
:10F760000000000000000000000000000000000099
:10F770000000000000000000000000000000000089
:10F780000000000000000000000000000000000079
:10F790000000000000000000000000000000000069
:10F7A0000000000000000000000000000000000059
:10F7B0000000000000000000000000000000000049
:10F7C0000000000000000000000000000000000039
:10F7D0000000000000000000000000000000000029
:10F7E0000000000000000000000000000000000019
:10F7F0000000000000000000000000000000000009
:10F8000000000000000000000000000000000000F8
:10F8100000000000000000000000000000000000E8
:10F8200000000000000000000000000000000000D8
:10F8300000000000000000000000000000000000C8
:10F8400000000000000000000000000000000000B8
:10F8500000000000000000000000000000000000A8
:10F860000000000000000000000000000000000098
:10F870000000000000000000000000000000000088
:10F880000000000000000000000000000000000078
:10F890000000000000000000000000000000000068
:10F8A0000000000000000000000000000000000058
:10F8B0000000000000000000000000000000000048
:10F8C0000000000000000000000000000000000038
:10F8D0000000000000000000000000000000000028
:10F8E0000000000000000000000000000000000018
:10F8F0000000000000000000000000000000000008
:10F9000000000000000000000000000000000000F7
:10F9100000000000000000000000000000000000E7
:10F9200000000000000000000000000000000000D7
:10F9300000000000000000000000000000000000C7
:10F9400000000000000000000000000000000000B7
:10F9500000000000000000000000000000000000A7
:10F960000000000000000000000000000000000097
:10F970000000000000000000000000000000000087
:10F980000000000000000000000000000000000077
:10F990000000000000000000000000000000000067
:10F9A0000000000000000000000000000000000057
:10F9B0000000000000000000000000000000000047
:10F9C0000000000000000000000000000000000037
:10F9D0000000000000000000000000000000000027
:10F9E0000000000000000000000000000000000017
:10F9F0000000000000000000000000000000000007
:10FA000000000000000000000000000000000000F6
:10FA100000000000000000000000000000000000E6
:10FA200000000000000000000000000000000000D6
:10FA300000000000000000000000000000000000C6
:10FA400000000000000000000000000000000000B6
:10FA500000000000000000000000000000000000A6
:10FA60000000000000000000000000000000000096
:10FA70000000000000000000000000000000000086
:10FA80000000000000000000000000000000000076
:10FA90000000000000000000000000000000000066
:10FAA0000000000000000000000000000000000056
:10FAB0000000000000000000000000000000000046
:10FAC0000000000000000000000000000000000036
:10FAD0000000000000000000000000000000000026
:10FAE0000000000000000000000000000000000016
:10FAF0000000000000000000000000000000000006
:10FB000000000000000000000000000000000000F5
:10FB100000000000000000000000000000000000E5
:10FB200000000000000000000000000000000000D5
:10FB300000000000000000000000000000000000C5
:10FB400000000000000000000000000000000000B5
:10FB500000000000000000000000000000000000A5
:10FB60000000000000000000000000000000000095
:10FB70000000000000000000000000000000000085
:10FB80000000000000000000000000000000000075
:10FB90000000000000000000000000000000000065
:10FBA0000000000000000000000000000000000055
:10FBB0000000000000000000000000000000000045
:10FBC0000000000000000000000000000000000035
:10FBD0000000000000000000000000000000000025
:10FBE0000000000000000000000000000000000015
:10FBF0000000000000000000000000000000000005
:10FC000000000000000000000000000000000000F4
:10FC100000000000000000000000000000000000E4
:10FC200000000000000000000000000000000000D4
:10FC300000000000000000000000000000000000C4
:10FC400000000000000000000000000000000000B4
:10FC500000000000000000000000000000000000A4
:10FC60000000000000000000000000000000000094
:10FC70000000000000000000000000000000000084
:10FC80000000000000000000000000000000000074
:10FC90000000000000000000000000000000000064
:10FCA0000000000000000000000000000000000054
:10FCB0000000000000000000000000000000000044
:10FCC0000000000000000000000000000000000034
:10FCD0000000000000000000000000000000000024
:10FCE0000000000000000000000000000000000014
:10FCF0000000000000000000000000000000000004
:10FD000000000000000000000000000000000000F3
:10FD100000000000000000000000000000000000E3
:10FD200000000000000000000000000000000000D3
:10FD300000000000000000000000000000000000C3
:10FD400000000000000000000000000000000000B3
:10FD500000000000000000000000000000000000A3
:10FD60000000000000000000000000000000000093
:10FD70000000000000000000000000000000000083
:10FD80000000000000000000000000000000000073
:10FD90000000000000000000000000000000000063
:10FDA0000000000000000000000000000000000053
:10FDB0000000000000000000000000000000000043
:10FDC0000000000000000000000000000000000033
:10FDD0000000000000000000000000000000000023
:10FDE0000000000000000000000000000000000013
:10FDF0000000000000000000000000000000000003
:10FE000000000000000000000000000000000000F2
:10FE100000000000000000000000000000000000E2
:10FE200000000000000000000000000000000000D2
:10FE300000000000000000000000000000000000C2
:10FE400000000000000000000000000000000000B2
:10FE500000000000000000000000000000000000A2
:10FE60000000000000000000000000000000000092
:10FE70000000000000000000000000000000000082
:10FE80000000000000000000000000000000000072
:10FE90000000000000000000000000000000000062
:10FEA0000000000000000000000000000000000052
:10FEB0000000000000000000000000000000000042
:10FEC0000000000000000000000000000000000032
:10FED0000000000000000000000000000000000022
:10FEE0000000000000000000000000000000000012
:10FEF0000000000000000000000000000000000002
:10FF000000000000000000000000000000000000F1
:10FF100000000000000000000000000000000000E1
:10FF200000000000000000000000000000000000D1
:10FF300000000000000000000000000000000000C1
:10FF400000000000000000000000000000000000B1
:10FF500000000000000000000000000000000000A1
:10FF60000000000000000000000000000000000091
:10FF70000000000000000000000000000000000081
:10FF80000000000000000000000000000000000071
:10FF90000000000000000000000000000000000061
:10FFA0000000000000000000000000000000000051
:10FFB0000000000000000000000000000000000041
:10FFC0000000000000000000000000000000000031
:10FFD0000000000000000000000000000000000021
:10FFE0000000000000000000000000000000000011
:10FFF0000000000000000000000000000000000001
:020000040802F0
:1000000000000000000000000000000000000000F0
:1000100000000000000000000000000000000000E0
:1000200000000000000000000000000000000000D0
:1000300000000000000000000000000000000000C0
:1000400000000000000000000000000000000000B0
:1000500000000000000000000000000000000000A0
:100060000000000000000000000000000000000090
:100070000000000000000000000000000000000080
:100080000000000000000000000000000000000070
:100090000000000000000000000000000000000060
:1000A0000000000000000000000000000000000050
:1000B0000000000000000000000000000000000040
:1000C0000000000000000000000000000000000030
:1000D0000000000000000000000000000000000020
:1000E0000000000000000000000000000000000010
:1000F0000000000000000000000000000000000000
:1001000000000000000000000000000000000000EF
:1001100000000000000000000000000000000000DF
:1001200000000000000000000000000000000000CF
:1001300000000000000000000000000000000000BF
:1001400000000000000000000000000000000000AF
:10015000000000000000000000000000000000009F
:10016000000000000000000000000000000000008F
:10017000000000000000000000000000000000007F
:10018000000000000000000000000000000000006F
:10019000000000000000000000000000000000005F
:1001A000000000000000000000000000000000004F
:1001B000000000000000000000000000000000003F
:1001C000000000000000000000000000000000002F
:1001D000000000000000000000000000000000001F
:1001E000000000000000000000000000000000000F
:1001F00000000000000000000000000000000000FF
:1002000000000000000000000000000000000000EE
:1002100000000000000000000000000000000000DE
:1002200000000000000000000000000000000000CE
:1002300000000000000000000000000000000000BE
:1002400000000000000000000000000000000000AE
:10025000000000000000000000000000000000009E
:10026000000000000000000000000000000000008E
:10027000000000000000000000000000000000007E
:10028000000000000000000000000000000000006E
:10029000000000000000000000000000000000005E
:1002A000000000000000000000000000000000004E
:1002B000000000000000000000000000000000003E
:1002C000000000000000000000000000000000002E
:1002D000000000000000000000000000000000001E
:1002E000000000000000000000000000000000000E
:1002F00000000000000000000000000000000000FE
:1003000000000000000000000000000000000000ED
:1003100000000000000000000000000000000000DD
:1003200000000000000000000000000000000000CD
:1003300000000000000000000000000000000000BD
:1003400000000000000000000000000000000000AD
:10035000000000000000000000000000000000009D
:10036000000000000000000000000000000000008D
:10037000000000000000000000000000000000007D
:10038000000000000000000000000000000000006D
:10039000000000000000000000000000000000005D
:1003A000000000000000000000000000000000004D
:1003B000000000000000000000000000000000003D
:1003C000000000000000000000000000000000002D
:1003D000000000000000000000000000000000001D
:1003E000000000000000000000000000000000000D
:1003F00000000000000000000000000000000000FD
:1004000000000000000000000000000000000000EC
:1004100000000000000000000000000000000000DC
:1004200000000000000000000000000000000000CC
:1004300000000000000000000000000000000000BC
:1004400000000000000000000000000000000000AC
:10045000000000000000000000000000000000009C
:10046000000000000000000000000000000000008C
:10047000000000000000000000000000000000007C
:10048000000000000000000000000000000000006C
:10049000000000000000000000000000000000005C
:1004A000000000000000000000000000000000004C
:1004B0000000000000FCFF0000FFFF0380FFFF07BB
:1004C000C01FE00FE007801FE003001FF001003EA7
:1004D000F001003EF800007CF800007CFC0000FC0D
:1004E000FC0000FC7C0000F87C0000F87C0000F8B8
:1004F0007C0000F87C0000F87C0000F8FC0000FCA8
:10050000FC0000FCF800007CF800007CF001003EDC
:10051000F001003EE003001FE007801FC01FE00F56
:1005200080FFFF0700FFFF0300FCFF00000000004A
:1005300000000000000000000000000000000000BB
:1005400000000000000000000000000000000000AB
:10055000000000000000000000000000000000009B
:10056000000000000000000000000000000000008B
:100570000000000000803F0000807F000080FF003E
:100580000080FF010080FF030080FF070080DF0F75
:1005900000801F1F00801F3C00801F7800801F709C
:1005A00000801F0000801F0000801F0000801F00CF
:1005B00000801F0000801F0000801F0000801F00BF
:1005C00000801F0000801F0000801F0080FFFF7F51
:1005D00080FFFF7F80FFFF7F000000000000000021
:1005E000000000000000000000000000000000000B
:1005F00000000000000000000000000000000000FB
:1006000000000000000000000000000000000000EA
:1006100000000000000000000000000000000000DA
:1006200000000000000000000000000000000000CA
:100630000000000000F8FF0100FEFF0700FFFF0FB1
:10064000803F801F800F001EC00F000CC00F0000F5
:10065000801F0000803F0000007F000000FE0000BF
:1006600000FC030000F8070000F00F0000E01F008E
:1006700000C03F0000807F000000FF000000FE017E
:100680000000FC030000F8070000F00F0000E01F6E
:100690000000C03FFCFFFF7FFCFFFF7FFCFFFF7FF0
:1006A000000000000000000000000000000000004A
:1006B000000000000000000000000000000000003A
:1006C000000000000000000000000000000000002A
:1006D000000000000000000000000000000000001A
:1006E000000000000000000000000000000000000A
:1006F0000000000000F8FF0100FFFF0780FFFF0F70
:10070000C03FC01FC01F000F801F0000803F0000BF
:10071000007F000000FE000000FC010000F8030064
:1007200000F0070000F81F0000FC1F0000FE07009B
:1007300000FF0100807F0000803F0000803F00003C
:10074000803F801F007F803F00FF801F00FEFF1F53
:1007500000F8FF0F00E0FF030000000000000000B1
:100760000000000000000000000000000000000089
:100770000000000000000000000000000000000079
:100780000000000000000000000000000000000069
:100790000000000000000000000000000000000059
:1007A0000000000000000000000000000000000049
:1007B0000000000000F0070000F00F0000F01F0034
:1007C00000F03F0000F07F0000E0FF0000E0FB01D0
:1007D00000E0F30300E0E30700E0C30F00E0831F45
:1007E00000E0033F00E0037E00E003FCC0FFFFFFEA
:1007F000C0FFFFFFC0FFFFFF00E0030000E00300B9
:1008000000E0030000E0030000E00300000000003F
:1008100000000000000000000000000000000000D8
:1008200000000000000000000000000000000000C8
:1008300000000000000000000000000000000000B8
:1008400000000000000000000000000000000000A8
:100850000000000000000000000000000000000098
:100860000000000000000000000000000000000088
:1008700000000000C0FFFF7FC0FFFF7FC0FFFF7FC1
:100880000000007E0000007C0000007C0000007C76
:1008900000E0FF7F00F8FF7F00FCFF7F00FE017C8F
:1008A00000FF0000807F0000803F0000803F0000CC
:1008B000803F0000807F003C00FF003E00FE831F61
:1008C00000FCFF1F00F8FF0F00E0FF030000000026
:1008D0000000000000000000000000000000000018
:1008E0000000000000000000000000000000000008
:1008F00000000000000000000000000000000000F8
:1009000000000000000000000000000000000000E7
:1009100000000000000000000000000000000000D7
:1009200000000000000000000000000000000000C7
:100930000000000000F0FF0000FCFF0300FEFF07C6
:10094000007FE00F801F801FC00F003FC007007EA8
:100950000000007C0000007C00FC3FFC00FE7FFCEF
:1009600000FFFFFC803F80FDC01F00FFC00F007F25
:10097000C00F007FC00F007F801F003F003F803FFF
:1009800000FEE01F00FCFF0F00F8FF0700E0FF0182
:100990000000000000000000000000000000000057
:1009A0000000000000000000000000000000000047
:1009B0000000000000000000000000000000000037
:1009C0000000000000000000000000000000000027
:1009D0000000000000000000000000000000000017
:1009E0000000000000000000000000000000000007
:1009F00000000000C0FFFFFFC0FFFFFFC0FFFFFFC0
:100A0000807F000000FF000000FE010000FC0300EA
:100A100000F8070000F00F0000E01F0000C03F00DA
:100A200000807F000000FF000000FE010000FC03CA
:100A30000000F8070000F00F0000E01F0000C03FBA
:100A40000000803F000000000000000000000000E7
:100A50000000000000000000000000000000000096
:100A60000000000000000000000000000000000086
:100A70000000000000000000000000000000000076
:100A80000000000000000000000000000000000066
:100A90000000000000000000000000000000000056
:100AA0000000000000000000000000000000000046
:100AB0000000000000F8FF0100FFFF0780FFFF0FAC
:100AC000C01FC01FC00F801FC00F801FC00F801F1E
:100AD000C00F801FC01FC01F80FFFF0F00FFFF0758
:100AE000C03FE01FE00F803FE007003FE007003F0E
:100AF000E007003FE007003FC00F801FC03FE01F3E
:100B000080FFFF0F00FFFF0700F8FF01000000005B
:100B100000000000000000000000000000000000D5
:100B200000000000000000000000000000000000C5
:100B300000000000000000000000000000000000B5
:100B400000000000000000000000000000000000A5
:100B50000000000000000000000000000000000095
:100B60000000000000000000000000000000000085
:100B70000000000000F8FF0100FEFF0700FFFF0F6C
:100B8000803FE01FC00F803FC007007FE007007E6E
:100B9000E007007EE00F007FE01F803FE0FFFF3FA7
:100BA000E0FFFF1FE07FFF07C07F0000807F0000A5
:100BB000807F000000FF000000FE011E00FCFF1F00
:100BC00000F8FF0F00E0FF0300000000000000003D
:100BD0000000000000000000000000000000000015
:100BE0000000000000000000000000000000000005
:100BF00000000000000000000000000000000000F5
:100C000000000000000000000000000000000000E4
:100C100000000000000000000000000000000000D4
:100C200000000000000000000000000000000000C4
:100C300000000000000000000000000000000000B4
:100C400000000000000000000000000000000000A4
:100C50000000000000000000000000000000000094
:100C60000000000000000000000000000000000084
:100C70000000000000000000000000000000000074
:100C80000000000000000000000000000000000064
:100C90000000000000000000000000000000000054
:100CA0000000000000000000000000000000000044
:100CB0000000000000000000000000000000000034
:100CC0000000000000000000000000000000000024
:100CD0000000000000000000000000000000000014
:100CE0000000000000000000000000000000000004
:100CF000000000001E0000032F686F6D652F616209
:100D000061726E696B612F53696D706C6963697490
:100D10007953747564696F2F53444B732F67656300
:100D20006B6F5F73646B2F706C6174666F726D2F85
:100D3000656D6472762F7370696472762F73726357
:100D40002F7370696472762E63000000000000004B
:100D50000100000000000000000000000100000091
:100D60000000000000000000010400000500000079
:100D700000000000809698000201000000000000C2
:100D8000050000000000000040420F0005010000C7
:100D90000000000000000000000000002F686F6DE0
:100DA000652F616261726E696B612F53696D706C42
:100DB000696369747953747564696F2F53444B7315
:100DC0002F6765636B6F5F73646B2F706C61746604
:100DD0006F726D2F656D6C69622F7372632F656D15
:100DE0005F636D752E63002F686F6D652F616261A3
:100DF000726E696B612F53696D706C696369747988
:100E000053747564696F2F53444B732F6765636B1D
:100E10006F5F73646B2F706C6174666F726D2F659A
:100E20006D6C69622F7372632F656D5F636F72659E
:100E30002E63002F686F6D652F616261726E696B42
:100E4000612F53696D706C6963697479537475644B
:100E5000696F2F53444B732F6765636B6F5F7364C8
:100E60006B2F706C6174666F726D2F656D6C69624B
:100E70002F7372632F656D5F656D752E63002F682C
:100E80006F6D652F616261726E696B612F53696D61
:100E9000706C696369747953747564696F2F534416
:100EA0004B732F6765636B6F5F73646B2F706C613F
:100EB00074666F726D2F656D6C69622F7372632F2C
:100EC000656D5F6575736172742E63002F686F6D59
:100ED000652F616261726E696B612F53696D706C11
:100EE000696369747953747564696F2F53444B73E4
:100EF0002F6765636B6F5F73646B2F706C617466D3
:100F00006F726D2F656D6C69622F7372632F656DE3
:100F10005F6770696F2E6300FF070F00FF033F00DC
:100F20002F686F6D652F616261726E696B612F53FF
:100F3000696D706C696369747953747564696F2F36
:100F400053444B732F6765636B6F5F73646B2F70D4
:100F50006C6174666F726D2F656D6C69622F737250
:100F6000632F656D5F6C646D612E63002F686F6D1C
:100F7000652F616261726E696B612F53696D706C70
:100F8000696369747953747564696F2F53444B7343
:100F90002F6765636B6F5F73646B2F2F706C617469
:100FA000666F726D2F656D6C69622F696E632F6558
:100FB0006D5F6275732E68002F686F6D652F6162BB
:100FC00061726E696B612F53696D706C69636974CE
:100FD0007953747564696F2F53444B732F6765633E
:100FE0006B6F5F73646B2F706C6174666F726D2FC3
:100FF000656D6C69622F7372632F656D5F757361C8
:1010000072742E63002F686F6D652F616261726E5E
:10101000696B612F53696D706C696369747953747E
:101020007564696F2F53444B732F6765636B6F5FF4
:1010300073646B2F706C6174666F726D2F70657264
:101040006970686572616C2F7372632F7065726965
:1010500070686572616C5F7379737274632E63007C
:1010600001031001010903000B0000000C00000047
:10107000030000000000202000000000020000002B
:101080003C3C3C00000000000000000000000000AC
:101090000126000004000000000000000001000024
:1010A000000000002F686F6D652F616261726E69CC
:1010B0006B612F53696D706C6963697479537475D2
:1010C00064696F2F53444B732F6765636B6F5F7356
:1010D000646B2F706C6174666F726D2F73657276BE
:1010E0006963652F736C65657074696D65722F73C4
:1010F00072632F736C5F736C65657074696D657274
:041100002E6300005A
:0811040008F1FD7F010000006D
:0C110C0018110208001000201100000063
:1011180000C00550020202020102030440420F000F
:1011280008000000000000000001000000000000AE
:101138005C100020C0EA2101C0EA21010080000003
:10114800C0175302FFFFFFFF28010000E901000854
:04115800C1010008C9
:0400000508000B15CF
:00000001FF
